Date,Day,Week,Theme,Primary objective,Primary audience,Article / editorial,SEO,Google News,Google Discover angle,Facebook,Facebook Groups,Instagram,Stories,Reels,TikTok,YouTube,YouTube Shorts,X,Threads,Bluesky,Reddit,Discord,Newsletter,Push,Community,PR,Creator activity,Partnership activity,Paid campaign,Retargeting,Operations / product,CTA,Landing page,Creative,Owner,Estimated effort (h),Priority,KPI,Tracking,Status
2026-12-01,Tuesday,2026w49,"Cyber Monday, Community Awards open, gift guide / Community Awards open; gift guide; Game Club vote",Answer platform and access questions that people search,"S1, S3, S5","C30: /awards/2026 Community Awards nominations open (SC) | C33: 'Gift guide from real wishlists' (ED) | F08 Where Can I Play It?: Xenoblade Chronicles 3 Switch 2 Edition: upgrade or new purchase? (ED) | F13 Steam Movers #10 (ED, short) | Reactive news slot: up to 3 pillar-filtered stories (P1–P5), slots 08:30, 14:30 and 19:00 CET per 13-SEO-CONTENT; no general tech or phones",F08 page: answer in the first 60 words; platform table; link to /games page and /calendar,No planned news piece; reactive news only (in the news sitemap),"Headline for Discover: 'Xenoblade Chronicles 3 Switch 2 Edition: upgrade or new purchase?'; 1200px+ 16:9 image, no text on image",F04 The Number image 1080x1350: «Community Awards: the number of nominations in the first 24 hours (live count).»,"Groups slot (SC, 30 min): answer 2–3 questions in platform-owner or PC groups per the 06-FACEBOOK ladder; link only when it is the answer",F04 single 1080x1350: «Community Awards: the number of nominations in the first 24 hours (live count).»,"Story: today's top story, link sticker with UTM",No vertical today,No post,No long-form,No Short,F04 The Number (source line in the image): «Community Awards: the number of nominations in the first 24 hours (live count).» | F15 Readiness Check 16:00 CET (US reset): «Readiness Check Check your character: https://techplay.gg/wow-analyzer?utm_source=x&utm_medium=organic-social&utm_campaign=c13-wow-readiness&utm_content=f15-2026w49»,F04: «Community Awards: the number of nominations in the first 24 hours (live count).»,F04: «Community Awards: the number of nominations in the first 24 hours (live count).»,"C47 helpful answers (SC 30 min, EIC/ED 15 min): r/wow, r/pcgaming. Link TechPlay only when it is the best answer; log every comment in the Reddit sheet","F06 On This Day 09:00 #general: Buffy posts the top-rated result from /api/v1/games/on-this-day at 09:00 CET; SC swaps in a better-known title from the same list if one exists | C38: Game Club December vote (3 options, native poll) | F15 #wow: «Readiness Check https://techplay.gg/wow-analyzer?utm_source=discord&utm_medium=community&utm_campaign=c13-wow-readiness&utm_content=f15-2026w49» | F13 Steam Movers post in #pc",No send,Not live in 2026: C59 web push goes to the 1 Jan 2027 decision (32-DEVELOPMENT-BACKLOG); reminders go by email and the bell,Moderation queue under 24 h,No pitch today,None,None,"C56 Google Search, branded + tool terms only, no GTA game-name terms (from 2 Nov if D-007/D-008 are live; EIC checks search terms Mondays) | C57 Meta: not in 2026 by default (D-031 Option A; EIC decides 5 Oct)","Owned: welcome and reminder mail (C42/C43 email, live ~6 Nov) to A1-not-A2 members; no paid retargeting in 2026 unless EIC picks D-031 Option B on 5 Oct (27-RETARGETING)",None beyond the dev sprint (32-DEVELOPMENT-BACKLOG),Nominate your Game of the Year,/awards/2026,Campaign creative per 29-CREATIVE-BRIEFS for the day's campaign | F04 number card (T-F04),"DS, ED, SC",12.0,P0,"Nominations per day; registrations with from=awards | also: F08 search clicks (Search Console, page-level, 28-day); Analyzer runs from Discord (tool_run tool=wow, utm_source=discord)",utm_campaign=c65-franchises; utm_content=f04-2026w49 / f15-2026w49,planned
2026-12-02,Wednesday,2026w49,"Cyber Monday, Community Awards open, gift guide",Get members talking and voting,"S10, S8, S1","F12 Poll of the Week: Community Awards: your Game of the Year? | F10 Worth It in 2026?: Is Switch 2 worth buying for Christmas 2026? (ED) | F17 Studio Watch: tracker update | Reactive news slot: up to 3 pillar-filtered stories (P1–P5), slots 08:30, 14:30 and 19:00 CET per 13-SEO-CONTENT; no general tech or phones","F10 page targets 'is <game> worth it 2026': verdict in the first paragraph, what changed since launch, price today",F17 Studio Watch (if news),"Headline for Discover: 'Is Switch 2 worth buying for Christmas 2026?'; 1200px+ 16:9 image, no text on image",F12 question post (reply to vote): «Community Awards: your Game of the Year? Reply with your pick.»,No slot today,No feed post (poll lives in Stories),"Story: today's top story, link sticker with UTM | F12 poll sticker (2 options) on IG + FB Stories; result frame Thu","F10 Worth It short 30s, hook: «Is Switch 2 worth buying for Christmas 2026? Our answer in 30 seconds.»","F10 Worth It short 30s, hook: «Is Switch 2 worth buying for Christmas 2026? Our answer in 30 seconds.» (same edit, native captions, 3 hashtags max)",No long-form,"F10 Worth It short 30s, hook: «Is Switch 2 worth buying for Christmas 2026? Our answer in 30 seconds.» (same edit, Shorts title ≤60 chars, no link in title)",F12 native poll: «Community Awards: your Game of the Year?»,F12 as an open question: «Community Awards: your Game of the Year?»,F17: Studio Watch: tracker update (industry audience),"C47 helpful answers (SC 30 min, EIC/ED 15 min): r/GTA6 (answers only; no self-posts). Link TechPlay only when it is the best answer; log every comment in the Reddit sheet",F06 On This Day 09:00 #general: Buffy posts the top-rated result from /api/v1/games/on-this-day at 09:00 CET; SC swaps in a better-known title from the same list if one exists | F12 native Discord poll (24 h): «Community Awards: your Game of the Year?»,No send,Not live in 2026: C59 web push goes to the 1 Jan 2027 decision (32-DEVELOPMENT-BACKLOG); reminders go by email and the bell,F12 Poll (C39),No pitch today,None,None,"C56 Google Search, branded + tool terms only, no GTA game-name terms (from 2 Nov if D-007/D-008 are live; EIC checks search terms Mondays) | C57 Meta: not in 2026 by default (D-031 Option A; EIC decides 5 Oct)","Owned: welcome and reminder mail (C42/C43 email, live ~6 Nov) to A1-not-A2 members; no paid retargeting in 2026 unless EIC picks D-031 Option B on 5 Oct (27-RETARGETING)",None beyond the dev sprint (32-DEVELOPMENT-BACKLOG),"Vote, then see what everyone else picked",/forum (poll thread),F12 poll card (T-F12),"DS, ED, SC",7.0,P1,"Poll votes across Discord + X + Stories (sum, week over week); F10 page sessions",utm_campaign=c39-poll-of-the-week; utm_content=f12-2026w49,planned
2026-12-03,Thursday,2026w49,"Cyber Monday, Community Awards open, gift guide / Dawn of War IV and three more launches","Discovery: one game worth adding, plus the GTA 6 ledger","S1, S2, S4","Release-day roundup (ED) | F05 Hidden Gem Thursday: Pentiment (2022): a murder mystery in a 16th-century Bavarian town (ED; editor pick, the /games/hidden-gems rail is not good enough to use unedited) | F03 ledger: Ledger: Online and PC watch | Reactive news slot: up to 3 pillar-filtered stories (P1–P5), slots 08:30, 14:30 and 19:00 CET per 13-SEO-CONTENT; no general tech or phones",F05: add the game's /games page to the Hidden Gems list page; F03: update 'Last updated' on /gta6/everything-we-know,F03 ledger update (news-eligible only when there is new information),"Headline for Discover: 'Hidden gem: Pentiment'; 1200px+ 16:9 image, no text on image",F05 image post: «Hidden gem of the week: Pentiment (2022): a murder mystery in a 16th-century Bavarian town. Played it?»,"Groups slot (SC, 30 min): value-first participation per 06-FACEBOOK; no links in the first 30 days",Carousel 1080x1350: F03 'Confirmed or Rumour?' (odd weeks),"Story: today's top story, link sticker with UTM",No vertical today,No post,No long-form,No Short,F04 The Number: «3 years since the first GTA VI trailer (5 Dec 2023).»,F06 On This Day: «Super Smash Bros. Melee reached North America on 3 Dec 2001 (25 years). Did you play it at launch?» | F04: «3 years since the first GTA VI trailer (5 Dec 2023).»,F04: «3 years since the first GTA VI trailer (5 Dec 2023).»,"C47 helpful answers (SC 30 min, EIC/ED 15 min): r/Steam, r/pcmasterrace. Link TechPlay only when it is the best answer; log every comment in the Reddit sheet",F06 On This Day 09:00 #general: «On this day: Super Smash Bros. Melee reached North America on 3 Dec 2001 (25 years).» | F05 #recommendations: «Hidden gem of the week: Pentiment (2022): a murder mystery in a 16th-century Bavarian town. Played it? Tell us below.»,No send,Not live in 2026: C59 web push goes to the 1 Jan 2027 decision (32-DEVELOPMENT-BACKLOG); reminders go by email and the bell,"LinkedIn (EIC, Thu only): F04 «3 years since the first GTA VI trailer (5 Dec 2023).» | C38 Game Club: GTA VI discussion night 20:00 CET",No pitch today,C51: send one data point to a creator in the pipeline; log reply in the creator sheet,None,"C56 Google Search, branded + tool terms only, no GTA game-name terms (from 2 Nov if D-007/D-008 are live; EIC checks search terms Mondays) | C57 Meta: not in 2026 by default (D-031 Option A; EIC decides 5 Oct)","Owned: welcome and reminder mail (C42/C43 email, live ~6 Nov) to A1-not-A2 members; no paid retargeting in 2026 unless EIC picks D-031 Option B on 5 Oct (27-RETARGETING)",None beyond the dev sprint (32-DEVELOPMENT-BACKLOG),Add it to your library,/games/<hidden-gem slug>,F05 or F03 carousel (T-F05 / T-F03),"DS, ED, SC",7.0,P1,shelf_add from F05 pages; F03 ledger sessions from X/Reddit referrals,utm_campaign=c64-hidden-gem / c07-gta6-ledger; utm_content=f05-2026w49 / f03-2026w49,planned
2026-12-04,Friday,2026w49,"Cyber Monday, Community Awards open, gift guide / Monster Hunter Wilds on Switch 2",Grow verified newsletter subscribers; publish one real PC fix,"S3, S1, S10","News: MH Wilds Switch 2 is out (ED) | F07 Fix It Friday: Switch 2 microSD Express cards: what works and what doesn't (ED; test every step on real hardware or cite the vendor doc) | Reactive news slot: up to 3 pillar-filtered stories (P1–P5), slots 08:30, 14:30 and 19:00 CET per 13-SEO-CONTENT; no general tech or phones",F07 guide goes into /guides/pc-fixes (after 12 Oct) with HowTo-style steps; link from related /games pages,No planned news piece; reactive news only (in the news sitemap),"Headline for Discover: 'Switch 2 microSD Express cards: what works and what doesn't'; 1200px+ 16:9 image, no text on image",F07 link post: «Switch 2 microSD Express cards: what works and what doesn't. Full steps: https://techplay.gg/guides?utm_source=facebook&utm_medium=organic-social&utm_campaign=c60-pc-fixes&utm_content=f07-2026w49»,No slot today,"Stories: 'This week on TechPlay' 3 frames (top story, fix, newsletter sign-up link sticker)","Story: today's top story, link sticker with UTM","F07 vertical 45–60s screen capture, steps on screen, script: «Hook: If your game does this, try these three things. Topic: Switch 2 microSD Express cards: what works and what doesn't. CTA: Full steps at techplay.gg/guides.»","F07 vertical 45–60s screen capture, steps on screen, script: «Hook: If your game does this, try these three things. Topic: Switch 2 microSD Express cards: what works and what doesn't. CTA: Full steps at techplay.gg/guides.» (same edit, native captions, 3 hashtags max)",No long-form,"F07 vertical 45–60s screen capture, steps on screen, script: «Hook: If your game does this, try these three things. Topic: Switch 2 microSD Express cards: what works and what doesn't. CTA: Full steps at techplay.gg/guides.» (same edit, Shorts title ≤60 chars, no link in title)",F07: «Switch 2 microSD Express cards: what works and what doesn't. Full steps: https://techplay.gg/guides?utm_source=x&utm_medium=organic-social&utm_campaign=c60-pc-fixes&utm_content=f07-2026w49»,F06 On This Day: «Metroid Prime 4 turns one. Did you play it at launch?» | F07: «What's the one PC fix you wish you'd known sooner?»,No post,"C47 helpful answers (SC 30 min, EIC/ED 15 min): r/buildapc, r/pcgaming (fix questions). Link TechPlay only when it is the best answer; log every comment in the Reddit sheet",F06 On This Day 09:00 #general: «On this day: Metroid Prime 4 turns one.» | F07 #pc-help pin: «Switch 2 microSD Express cards: what works and what doesn't. https://techplay.gg/guides?utm_source=discord&utm_medium=community&utm_campaign=c60-pc-fixes&utm_content=f07-2026w49» | #announcements: «The Save File is out. Get it every Friday: https://techplay.gg/newsletter?utm_source=discord&utm_medium=community&utm_campaign=c40-save-file-2026w49&utm_content=f21-announce»,"F21 The Save File, 15:00 CET, subject: «The Save File #10: Gift ideas from real wishlists, and the Community Awards are open»",Not live in 2026: C59 web push goes to the 1 Jan 2027 decision (32-DEVELOPMENT-BACKLOG); reminders go by email and the bell,F19 Library Card: one member's Gamer DNA card (opt-in only),No pitch today,None,None,"C56 Google Search, branded + tool terms only, no GTA game-name terms (from 2 Nov if D-007/D-008 are live; EIC checks search terms Mondays) | C57 Meta: not in 2026 by default (D-031 Option A; EIC decides 5 Oct)","Owned: welcome and reminder mail (C42/C43 email, live ~6 Nov) to A1-not-A2 members; no paid retargeting in 2026 unless EIC picks D-031 Option B on 5 Oct (27-RETARGETING)",None beyond the dev sprint (32-DEVELOPMENT-BACKLOG),Get The Save File every Friday,/newsletter (new),F07 cover 1200x630 + vertical (T-F07); newsletter header,"DS, ED, SC",8.0,P1,newsletter_verified per week; open→click rate of The Save File; F07 search clicks,utm_source=newsletter&utm_medium=email&utm_campaign=c40-save-file-2026w49,planned
2026-12-05,Saturday,2026w49,"Cyber Monday, Community Awards open, gift guide / GTA VI trailer 1 is three years old",Evergreen search pages,"S1, S2","F09 In Order: Persona in order, before Persona 4 Revival (18 Feb) (ED; C63) | F08 Where Can I Play It?: Dawn of War IV: PC only, and what your PC needs (ED) | Reactive news slot: up to 3 pillar-filtered stories (P1–P5), slots 08:30, 14:30 and 19:00 CET per 13-SEO-CONTENT; no general tech or phones","F09 series page: ordered list with year and platform, 'where to start' answer first; link every entry to /games",No planned news piece; reactive news only (in the news sitemap),"Headline for Discover: 'Persona in order, before Persona 4 Revival (18 Feb)'; 1200px+ 16:9 image, no text on image","F09 link post: «Persona in order, before Persona 4 Revival (18 Feb). https://techplay.gg/games?utm_source=facebook&utm_medium=organic-social&utm_campaign=c63-in-order&utm_content=f09-2026w49»","Groups slot (SC, 20 min)","F09 carousel 1080x1350, caption: «Persona in order, before Persona 4 Revival (18 Feb). Save this for later.»","Story: today's top story, link sticker with UTM","F09 vertical 45s, hook: «Persona in order, before Persona 4 Revival (18 Feb), in 45 seconds.»","F09 vertical 45s, hook: «Persona in order, before Persona 4 Revival (18 Feb), in 45 seconds.» (same edit, native captions, 3 hashtags max)",No long-form,"F09 vertical 45s, hook: «Persona in order, before Persona 4 Revival (18 Feb), in 45 seconds.» (same edit, Shorts title ≤60 chars, no link in title)",F04 The Number: «7 days to The Game Awards.»,F06 On This Day: «The first GTA VI trailer went up on 5 Dec 2023. Did you play it at launch?» | F04: «7 days to The Game Awards.»,No post,"C47 helpful answers (SC 30 min, EIC/ED 15 min): r/NintendoSwitch2, r/PS5, r/XboxSeriesX. Link TechPlay only when it is the best answer; log every comment in the Reddit sheet",F06 On This Day 09:00 #general: «On this day: The first GTA VI trailer went up on 5 Dec 2023.» | Weekend: #gaming-night thread (SC schedules Fri),No send,Not live in 2026: C59 web push goes to the 1 Jan 2027 decision (32-DEVELOPMENT-BACKLOG); reminders go by email and the bell,Moderation queue under 24 h,No pitch today,None,None,"C56 Google Search, branded + tool terms only, no GTA game-name terms (from 2 Nov if D-007/D-008 are live; EIC checks search terms Mondays) | C57 Meta: not in 2026 by default (D-031 Option A; EIC decides 5 Oct)","Owned: welcome and reminder mail (C42/C43 email, live ~6 Nov) to A1-not-A2 members; no paid retargeting in 2026 unless EIC picks D-031 Option B on 5 Oct (27-RETARGETING)",None beyond the dev sprint (32-DEVELOPMENT-BACKLOG),Start with the right one,/games/series/<slug> or the F09 article,F09 carousel (T-F09),"ED, SC",4.0,P2,F09/F08 search clicks (28-day); shelf_add from series pages,utm_campaign=c63-in-order; utm_content=f09-2026w49,planned
2026-12-06,Sunday,2026w49,"Cyber Monday, Community Awards open, gift guide",Keep Discord alive with the weekly wrap,"S10, S1","F18 Games Like…: Games like Persona (ED, written Fri, scheduled) | Reactive news slot: up to 3 pillar-filtered stories (P1–P5), slots 08:30, 14:30 and 19:00 CET per 13-SEO-CONTENT; no general tech or phones",F18 page targets 'games like <title>' with list items linked to /games pages,No planned news piece; reactive news only (in the news sitemap),"Headline for Discover: 'Games like Persona'; 1200px+ 16:9 image, no text on image",F18 link post: «Games like Persona. https://techplay.gg/games?utm_source=facebook&utm_medium=organic-social&utm_campaign=c65-franchises&utm_content=f18-2026w49»,No slot today,No feed post,"Story: today's top story, link sticker with UTM",No vertical today,No post,No long-form,No Short,"F14 thread, first post (then 3 links, one per top story): «This week on TechPlay: the three stories worth your time, and what's out next week. https://techplay.gg/calendar?utm_source=x&utm_medium=organic-social&utm_campaign=c65-franchises&utm_content=f14-2026w49»",No post,No post,"C47 helpful answers (SC 30 min, EIC/ED 15 min): r/truegaming (read, comment only if useful). Link TechPlay only when it is the best answer; log every comment in the Reddit sheet","F06 On This Day 09:00 #general: Buffy posts the top-rated result from /api/v1/games/on-this-day at 09:00 CET; SC swaps in a better-known title from the same list if one exists | F14 Buffy's Weekly Wrap 20:00 CET: member of the week, top 3 stories, next week's releases",No send,Not live in 2026: C59 web push goes to the 1 Jan 2027 decision (32-DEVELOPMENT-BACKLOG); reminders go by email and the bell,Moderation queue under 24 h,No pitch today,None,None,"C56 Google Search, branded + tool terms only, no GTA game-name terms (from 2 Nov if D-007/D-008 are live; EIC checks search terms Mondays) | C57 Meta: not in 2026 by default (D-031 Option A; EIC decides 5 Oct)","Owned: welcome and reminder mail (C42/C43 email, live ~6 Nov) to A1-not-A2 members; no paid retargeting in 2026 unless EIC picks D-031 Option B on 5 Oct (27-RETARGETING)",None beyond the dev sprint (32-DEVELOPMENT-BACKLOG),See next week's releases,/calendar,F18 cover 1200x630,"ED, SC",1.5,P2,F14 recap clicks in Discord; F18 search clicks (28-day),utm_source=discord&utm_medium=community&utm_campaign=c36-road-to-500&utm_content=f14-2026w49,planned
2026-12-07,Monday,2026w50,The Game Awards week,Turn release interest into reminders and follows,"S1, S2, S10","F01 Out This Week (2026w50), publish 08:30 CET: The Game Awards (10 Dec), Professor Layton and the New World of Steam + Attack on Titan 3 (10 Dec), Path of Exile 2 1.0 (11 Dec, reported). Every title links its /games page with 'Remind me' | F24 Verdict: Warhammer 40,000: Dawn of War IV (EIC) | F11 forum thread 'What are you playing?' | Reactive news slot: up to 3 pillar-filtered stories (P1–P5), slots 08:30, 14:30 and 19:00 CET per 13-SEO-CONTENT; no general tech or phones",/calendar: confirm this week's dates and platforms; fix any release_precision='day' mismatches found while writing F01,F01 Out This Week,"Headline for Discover: 'Out this week: The Game Awards and the rest, with what each costs'; 1200px+ 16:9 image, no text on image","F01 link post 1200x630: «Out this week: The Game Awards (10 Dec), Professor Layton and the New World of Steam + Attack on Titan 3 (10 Dec), Path of Exile 2 1.0 (11 Dec, reported). Which one are you getting? https://techplay.gg/calendar?utm_source=facebook&utm_medium=organic-social&utm_campaign=c04-out-this-week&utm_content=f01-link-2026w50»",No slot today,"F01 carousel 1080x1350 (cover 'Out this week' / one slide per game: art, date, platforms, price / last slide 'Set reminders: link in bio'), caption: «Out this week: The Game Awards (10 Dec), Professor Layton and the New World of Steam + Attack on Titan 3 (10 Dec), Path of Exile 2 1.0 (11 Dec, reported). Dates, platforms and prices on the slides. Set a reminder for any of them: link in bio.»","Story: today's top story, link sticker with UTM","F01 vertical 30–40s, one card per game, script: «Hook: These games are out this week, and one is worth clearing a weekend for. Cards: The Game Awards (10 Dec), Professor Layton and the New World of Steam + Attack on Titan 3 (10 Dec), Path of Exile 2 1.0 (11 Dec, reported). CTA: Reminders for all of them at techplay.gg/calendar.»","F01 vertical 30–40s, one card per game, script: «Hook: These games are out this week, and one is worth clearing a weekend for. Cards: The Game Awards (10 Dec), Professor Layton and the New World of Steam + Attack on Titan 3 (10 Dec), Path of Exile 2 1.0 (11 Dec, reported). CTA: Reminders for all of them at techplay.gg/calendar.» (same edit, native captions, 3 hashtags max)",Community tab poll with the week's top 4 titles as options: «Which one are you playing this week?»,"F01 vertical 30–40s, one card per game, script: «Hook: These games are out this week, and one is worth clearing a weekend for. Cards: The Game Awards (10 Dec), Professor Layton and the New World of Steam + Attack on Titan 3 (10 Dec), Path of Exile 2 1.0 (11 Dec, reported). CTA: Reminders for all of them at techplay.gg/calendar.» (same edit, Shorts title ≤60 chars, no link in title)","F01 thread 10:00 CET, first post (then one post per release with its /games link): «Out this week: The Game Awards (10 Dec), Professor Layton and the New World of Steam + Attack on Titan 3 (10 Dec), Path of Exile 2 1.0 (11 Dec, reported). Dates, platforms and prices, with a reminder for each: https://techplay.gg/calendar?utm_source=x&utm_medium=organic-social&utm_campaign=c04-out-this-week&utm_content=f01-thread-2026w50»",F11: «TGA predictions thread: what wins GOTY?»,"F01 link post: «Out this week: The Game Awards (10 Dec), Professor Layton and the New World of Steam + Attack on Titan 3 (10 Dec), Path of Exile 2 1.0 (11 Dec, reported). https://techplay.gg/calendar?utm_source=bluesky&utm_medium=organic-social&utm_campaign=c04-out-this-week&utm_content=f01-post-2026w50»","C47 helpful answers (SC 30 min, EIC/ED 15 min): r/patientgamers, r/gaming (discussion answers). Link TechPlay only when it is the best answer; log every comment in the Reddit sheet","F06 On This Day 09:00 #general: Buffy posts the top-rated result from /api/v1/games/on-this-day at 09:00 CET; SC swaps in a better-known title from the same list if one exists | F11 thread in #general: «TGA predictions thread: what wins GOTY?» | F01 embed in #releases: «Out this week: The Game Awards (10 Dec), Professor Layton and the New World of Steam + Attack on Titan 3 (10 Dec), Path of Exile 2 1.0 (11 Dec, reported). Reminders: https://techplay.gg/calendar?utm_source=discord&utm_medium=community&utm_campaign=c04-out-this-week&utm_content=f01-embed-2026w50»",No send,Not live in 2026: C59 web push goes to the 1 Jan 2027 decision (32-DEVELOPMENT-BACKLOG); reminders go by email and the bell,F11 What Are You Playing? (C37),No pitch today,None,None,"C56 Google Search, branded + tool terms only, no GTA game-name terms (from 2 Nov if D-007/D-008 are live; EIC checks search terms Mondays) | C57 Meta: not in 2026 by default (D-031 Option A; EIC decides 5 Oct)","Owned: welcome and reminder mail (C42/C43 email, live ~6 Nov) to A1-not-A2 members; no paid retargeting in 2026 unless EIC picks D-031 Option B on 5 Oct (27-RETARGETING)",None beyond the dev sprint (32-DEVELOPMENT-BACKLOG),Remind me when it's out,/calendar,F01 carousel + 1200x630 + vertical (DS template T-F01),"DS, ED, EIC, SC",9.0,P1,Remind-me clicks from F01 ÷ F01 sessions (cta_click cta_id=f01-remind); F11 replies,utm_campaign=c04-out-this-week; utm_content=f01-<asset>-2026w50,planned
2026-12-08,Tuesday,2026w50,The Game Awards week / C26 moved to 2027-W09 (DEV capacity); State of the Catalogue drafting,Answer platform and access questions that people search,"S1, S3, S5","F08 Where Can I Play It?: Path of Exile 2 1.0: platforms and whether early-access characters carry over (per Grinding Gear) (ED) | F13 Steam Movers #11 (ED, short) | Reactive news slot: up to 3 pillar-filtered stories (P1–P5), slots 08:30, 14:30 and 19:00 CET per 13-SEO-CONTENT; no general tech or phones",F08 page: answer in the first 60 words; platform table; link to /games page and /calendar,No planned news piece; reactive news only (in the news sitemap),"Headline for Discover: 'Path of Exile 2 1.0: platforms and whether early-access characters carry over (per Grinding Gear)'; 1200px+ 16:9 image, no text on image","F04 The Number image 1080x1350: «Achievement difficulty by genre, 500 Steam games (C26, published Tue 8 Dec).»","Groups slot (SC, 30 min): answer 2–3 questions in platform-owner or PC groups per the 06-FACEBOOK ladder; link only when it is the answer","F04 single 1080x1350: «Achievement difficulty by genre, 500 Steam games (C26, published Tue 8 Dec).»","Story: today's top story, link sticker with UTM",No vertical today,No post,No long-form,No Short,"F04 The Number (source line in the image): «Achievement difficulty by genre, 500 Steam games (C26, published Tue 8 Dec).» | F15 Readiness Check 16:00 CET (US reset): «Readiness Check Check your character: https://techplay.gg/wow-analyzer?utm_source=x&utm_medium=organic-social&utm_campaign=c13-wow-readiness&utm_content=f15-2026w50»","F06 On This Day: «Halo Infinite's campaign launched on 8 Dec 2021. Did you play it at launch?» | F04: «Achievement difficulty by genre, 500 Steam games (C26, published Tue 8 Dec).»","F04: «Achievement difficulty by genre, 500 Steam games (C26, published Tue 8 Dec).»","C47 helpful answers (SC 30 min, EIC/ED 15 min): r/wow, r/pcgaming. Link TechPlay only when it is the best answer; log every comment in the Reddit sheet",F06 On This Day 09:00 #general: «On this day: Halo Infinite's campaign launched on 8 Dec 2021.» | F15 #wow: «Readiness Check https://techplay.gg/wow-analyzer?utm_source=discord&utm_medium=community&utm_campaign=c13-wow-readiness&utm_content=f15-2026w50» | F13 Steam Movers post in #pc,No send,Not live in 2026: C59 web push goes to the 1 Jan 2027 decision (32-DEVELOPMENT-BACKLOG); reminders go by email and the bell,Moderation queue under 24 h,No pitch today,None,None,"C56 Google Search, branded + tool terms only, no GTA game-name terms (from 2 Nov if D-007/D-008 are live; EIC checks search terms Mondays) | C57 Meta: not in 2026 by default (D-031 Option A; EIC decides 5 Oct)","Owned: welcome and reminder mail (C42/C43 email, live ~6 Nov) to A1-not-A2 members; no paid retargeting in 2026 unless EIC picks D-031 Option B on 5 Oct (27-RETARGETING)","EIC: C27 State of the Catalogue data pull and outline (publish 12 Jan 2027, needs the IGDB licence answer by 18 Dec)",See which genres have the hardest achievements,C26 data page,Campaign creative per 29-CREATIVE-BRIEFS for the day's campaign | F04 number card (T-F04),"DS, ED, EIC, SC",10.0,P1,"Referring domains (30 days); r/dataisbeautiful post not removed | also: F08 search clicks (Search Console, page-level, 28-day); Analyzer runs from Discord (tool_run tool=wow, utm_source=discord)",utm_campaign=c65-franchises; utm_content=f04-2026w50 / f15-2026w50,planned
2026-12-09,Wednesday,2026w50,The Game Awards week,Get members talking and voting,"S10, S8, S1","F12 Poll of the Week: Game of the Year at The Game Awards: who wins? | F10 Worth It in 2026?: Is Monster Hunter Wilds on Switch 2 worth it? (ED) | F17 Studio Watch: tracker update | Reactive news slot: up to 3 pillar-filtered stories (P1–P5), slots 08:30, 14:30 and 19:00 CET per 13-SEO-CONTENT; no general tech or phones","F10 page targets 'is <game> worth it 2026': verdict in the first paragraph, what changed since launch, price today",F17 Studio Watch (if news),"Headline for Discover: 'Is Monster Hunter Wilds on Switch 2 worth it?'; 1200px+ 16:9 image, no text on image",F12 question post (reply to vote): «Game of the Year at The Game Awards: who wins? Reply with your pick.»,No slot today,No feed post (poll lives in Stories),"Story: today's top story, link sticker with UTM | F12 poll sticker (2 options) on IG + FB Stories; result frame Thu","F10 Worth It short 30s, hook: «Is Monster Hunter Wilds on Switch 2 worth it? Our answer in 30 seconds.»","F10 Worth It short 30s, hook: «Is Monster Hunter Wilds on Switch 2 worth it? Our answer in 30 seconds.» (same edit, native captions, 3 hashtags max)",No long-form,"F10 Worth It short 30s, hook: «Is Monster Hunter Wilds on Switch 2 worth it? Our answer in 30 seconds.» (same edit, Shorts title ≤60 chars, no link in title)",F12 native poll: «Game of the Year at The Game Awards: who wins?»,F06 On This Day: «Indiana Jones and the Great Circle turns two. Did you play it at launch?» | F12 as an open question: «Game of the Year at The Game Awards: who wins?»,F17: Studio Watch: tracker update (industry audience),"C47 helpful answers (SC 30 min, EIC/ED 15 min): r/GTA6 (answers only; no self-posts). Link TechPlay only when it is the best answer; log every comment in the Reddit sheet",F06 On This Day 09:00 #general: «On this day: Indiana Jones and the Great Circle turns two.» | F12 native Discord poll (24 h): «Game of the Year at The Game Awards: who wins?»,No send,Not live in 2026: C59 web push goes to the 1 Jan 2027 decision (32-DEVELOPMENT-BACKLOG); reminders go by email and the bell,F12 Poll (C39),No pitch today,None,None,"C56 Google Search, branded + tool terms only, no GTA game-name terms (from 2 Nov if D-007/D-008 are live; EIC checks search terms Mondays) | C57 Meta: not in 2026 by default (D-031 Option A; EIC decides 5 Oct)","Owned: welcome and reminder mail (C42/C43 email, live ~6 Nov) to A1-not-A2 members; no paid retargeting in 2026 unless EIC picks D-031 Option B on 5 Oct (27-RETARGETING)",None beyond the dev sprint (32-DEVELOPMENT-BACKLOG),"Vote, then see what everyone else picked",/forum (poll thread),F12 poll card (T-F12),"DS, ED, SC",7.0,P1,"Poll votes across Discord + X + Stories (sum, week over week); F10 page sessions",utm_campaign=c39-poll-of-the-week; utm_content=f12-2026w50,planned
2026-12-10,Thursday,2026w50,The Game Awards week / The Game Awards,"Discovery: one game worth adding, plus the GTA 6 ledger","S1, S2, S4","F20 live blog: every reveal with a link to its /games page (starts 01:30 CET 11 Dec; ED + EIC on shift) | F05 Hidden Gem Thursday: Cocoon (2023): worlds inside worlds, from a Limbo and Inside designer (ED; editor pick, the /games/hidden-gems rail is not good enough to use unedited) | F03 ledger: Ledger: anything shown at TGA | Reactive news slot: up to 3 pillar-filtered stories (P1–P5), slots 08:30, 14:30 and 19:00 CET per 13-SEO-CONTENT; no general tech or phones",F05: add the game's /games page to the Hidden Gems list page; F03: update 'Last updated' on /gta6/everything-we-know,F03 ledger update (news-eligible only when there is new information),"Headline for Discover: 'Hidden gem: Cocoon'; 1200px+ 16:9 image, no text on image","F05 image post: «Hidden gem of the week: Cocoon (2023): worlds inside worlds, from a Limbo and Inside designer. Played it?»","Groups slot (SC, 30 min): value-first participation per 06-FACEBOOK; no links in the first 30 days",Carousel 1080x1350: F05 Hidden Gem: Cocoon (even weeks),"Story: today's top story, link sticker with UTM",No vertical today,No post,No long-form,No Short,"F20 live thread: one post per reveal, platform + date + link | F04 The Number: «TGA night: the number of new game reveals (live count).»","F06 On This Day: «DOOM (1993) and Cyberpunk 2077 (2020) both launched on 10 Dec, also The Game Awards night. Did you play it at launch?» | F04: «TGA night: the number of new game reveals (live count).»",F04: «TGA night: the number of new game reveals (live count).»,"C47 helpful answers (SC 30 min, EIC/ED 15 min): r/Steam, r/pcmasterrace. Link TechPlay only when it is the best answer; log every comment in the Reddit sheet","F06 On This Day 09:00 #general: «On this day: DOOM (1993) and Cyberpunk 2077 (2020) both launched on 10 Dec, also The Game Awards night.» | F20 watch party in stage channel | F05 #recommendations: «Hidden gem of the week: Cocoon (2023): worlds inside worlds, from a Limbo and Inside designer. Played it? Tell us below.»",No send,Not live in 2026: C59 web push goes to the 1 Jan 2027 decision (32-DEVELOPMENT-BACKLOG); reminders go by email and the bell,"LinkedIn (EIC, Thu only): F04 «TGA night: the number of new game reveals (live count).»",No pitch today,C51: send one data point to a creator in the pipeline; log reply in the creator sheet,None,"C56 Google Search, branded + tool terms only, no GTA game-name terms (from 2 Nov if D-007/D-008 are live; EIC checks search terms Mondays) | C57 Meta: not in 2026 by default (D-031 Option A; EIC decides 5 Oct)","Owned: welcome and reminder mail (C42/C43 email, live ~6 Nov) to A1-not-A2 members; no paid retargeting in 2026 unless EIC picks D-031 Option B on 5 Oct (27-RETARGETING)",C29 prediction league locks at showtime | C28 Year in Review build must be done today (DEV D-025),Follow the live blog; add what's announced to your list,TGA live blog,Campaign creative per 29-CREATIVE-BRIEFS for the day's campaign | F05 or F03 carousel (T-F05 / T-F03),"DEV, DS, ED, EIC, SC",17.0,P0,Live blog sessions; game_followed from the live blog; league scores viewed | also: shelf_add from F05 pages; F03 ledger sessions from X/Reddit referrals,utm_campaign=c64-hidden-gem / c07-gta6-ledger; utm_content=f05-2026w50 / f03-2026w50,planned
2026-12-11,Friday,2026w50,The Game Awards week / TGA recap; Path of Exile 2 1.0,Grow verified newsletter subscribers; publish one real PC fix,"S3, S1, S10","'Every TGA 2026 announcement in one table' (ED, 09:00 CET) | News: Path of Exile 2 1.0 (ED) | C29 league results | F07 Fix It Friday: Path of Exile 2 at 1.0: clearing the shader cache on Nvidia, AMD and Intel (ED; test every step on real hardware or cite the vendor doc) | Reactive news slot: up to 3 pillar-filtered stories (P1–P5), slots 08:30, 14:30 and 19:00 CET per 13-SEO-CONTENT; no general tech or phones",F07 guide goes into /guides/pc-fixes (after 12 Oct) with HowTo-style steps; link from related /games pages,No planned news piece; reactive news only (in the news sitemap),"Headline for Discover: 'Path of Exile 2 at 1.0: clearing the shader cache on Nvidia, AMD and Intel'; 1200px+ 16:9 image, no text on image","F07 link post: «Path of Exile 2 at 1.0: clearing the shader cache on Nvidia, AMD and Intel. Full steps: https://techplay.gg/guides?utm_source=facebook&utm_medium=organic-social&utm_campaign=c60-pc-fixes&utm_content=f07-2026w50»",No slot today,"Stories: 'This week on TechPlay' 3 frames (top story, fix, newsletter sign-up link sticker)","Story: today's top story, link sticker with UTM","F07 vertical 45–60s screen capture, steps on screen, script: «Hook: If your game does this, try these three things. Topic: Path of Exile 2 at 1.0: clearing the shader cache on Nvidia, AMD and Intel. CTA: Full steps at techplay.gg/guides.»","F07 vertical 45–60s screen capture, steps on screen, script: «Hook: If your game does this, try these three things. Topic: Path of Exile 2 at 1.0: clearing the shader cache on Nvidia, AMD and Intel. CTA: Full steps at techplay.gg/guides.» (same edit, native captions, 3 hashtags max)",No long-form,"F07 vertical 45–60s screen capture, steps on screen, script: «Hook: If your game does this, try these three things. Topic: Path of Exile 2 at 1.0: clearing the shader cache on Nvidia, AMD and Intel. CTA: Full steps at techplay.gg/guides.» (same edit, Shorts title ≤60 chars, no link in title)","F07: «Path of Exile 2 at 1.0: clearing the shader cache on Nvidia, AMD and Intel. Full steps: https://techplay.gg/guides?utm_source=x&utm_medium=organic-social&utm_campaign=c60-pc-fixes&utm_content=f07-2026w50»",F07: «What's the one PC fix you wish you'd known sooner?»,No post,"C47 helpful answers (SC 30 min, EIC/ED 15 min): r/buildapc, r/pcgaming (fix questions). Link TechPlay only when it is the best answer; log every comment in the Reddit sheet","F06 On This Day 09:00 #general: Buffy posts the top-rated result from /api/v1/games/on-this-day at 09:00 CET; SC swaps in a better-known title from the same list if one exists | F07 #pc-help pin: «Path of Exile 2 at 1.0: clearing the shader cache on Nvidia, AMD and Intel. https://techplay.gg/guides?utm_source=discord&utm_medium=community&utm_campaign=c60-pc-fixes&utm_content=f07-2026w50» | #announcements: «The Save File is out. Get it every Friday: https://techplay.gg/newsletter?utm_source=discord&utm_medium=community&utm_campaign=c40-save-file-2026w50&utm_content=f21-announce»","Save File #11 is the TGA edition | F21 The Save File, 15:00 CET, subject: «The Save File #11: Every TGA reveal worth adding to your list»",Not live in 2026: C59 web push goes to the 1 Jan 2027 decision (32-DEVELOPMENT-BACKLOG); reminders go by email and the bell,F19 Library Card: one member's Gamer DNA card (opt-in only),No pitch today,None,None,"C56 Google Search, branded + tool terms only, no GTA game-name terms (from 2 Nov if D-007/D-008 are live; EIC checks search terms Mondays) | C57 Meta: not in 2026 by default (D-031 Option A; EIC decides 5 Oct)","Owned: welcome and reminder mail (C42/C43 email, live ~6 Nov) to A1-not-A2 members; no paid retargeting in 2026 unless EIC picks D-031 Option B on 5 Oct (27-RETARGETING)",None beyond the dev sprint (32-DEVELOPMENT-BACKLOG),Add every TGA announcement to your list,TGA recap article,Campaign creative per 29-CREATIVE-BRIEFS for the day's campaign | F07 cover 1200x630 + vertical (T-F07); newsletter header,"DS, ED, SC",13.0,P0,game_followed from the recap; Discover clicks | also: newsletter_verified per week; open→click rate of The Save File; F07 search clicks,utm_source=newsletter&utm_medium=email&utm_campaign=c40-save-file-2026w50,planned
2026-12-12,Saturday,2026w50,The Game Awards week,Evergreen search pages,"S1, S2","F09 In Order: Final Fantasy VII in order, before Revelation (8 Apr 2027) (ED; C63) | F08 Where Can I Play It?: Everything announced at TGA: platforms and dates, one table (ED) | Reactive news slot: up to 3 pillar-filtered stories (P1–P5), slots 08:30, 14:30 and 19:00 CET per 13-SEO-CONTENT; no general tech or phones","F09 series page: ordered list with year and platform, 'where to start' answer first; link every entry to /games",No planned news piece; reactive news only (in the news sitemap),"Headline for Discover: 'Final Fantasy VII in order, before Revelation (8 Apr 2027)'; 1200px+ 16:9 image, no text on image","F09 link post: «Final Fantasy VII in order, before Revelation (8 Apr 2027). https://techplay.gg/games?utm_source=facebook&utm_medium=organic-social&utm_campaign=c63-in-order&utm_content=f09-2026w50»","Groups slot (SC, 20 min)","F09 carousel 1080x1350, caption: «Final Fantasy VII in order, before Revelation (8 Apr 2027). Save this for later.»","Story: today's top story, link sticker with UTM","F09 vertical 45s, hook: «Final Fantasy VII in order, before Revelation (8 Apr 2027), in 45 seconds.»","F09 vertical 45s, hook: «Final Fantasy VII in order, before Revelation (8 Apr 2027), in 45 seconds.» (same edit, native captions, 3 hashtags max)",No long-form,"F09 vertical 45s, hook: «Final Fantasy VII in order, before Revelation (8 Apr 2027), in 45 seconds.» (same edit, Shorts title ≤60 chars, no link in title)",F04 The Number: «Your 2026 in Games opens 14 Dec.»,F04: «Your 2026 in Games opens 14 Dec.»,No post,"C47 helpful answers (SC 30 min, EIC/ED 15 min): r/NintendoSwitch2, r/PS5, r/XboxSeriesX. Link TechPlay only when it is the best answer; log every comment in the Reddit sheet",F06 On This Day 09:00 #general: Buffy posts the top-rated result from /api/v1/games/on-this-day at 09:00 CET; SC swaps in a better-known title from the same list if one exists | Weekend: #gaming-night thread (SC schedules Fri),No send,Not live in 2026: C59 web push goes to the 1 Jan 2027 decision (32-DEVELOPMENT-BACKLOG); reminders go by email and the bell,Moderation queue under 24 h,No pitch today,None,None,"C56 Google Search, branded + tool terms only, no GTA game-name terms (from 2 Nov if D-007/D-008 are live; EIC checks search terms Mondays) | C57 Meta: not in 2026 by default (D-031 Option A; EIC decides 5 Oct)","Owned: welcome and reminder mail (C42/C43 email, live ~6 Nov) to A1-not-A2 members; no paid retargeting in 2026 unless EIC picks D-031 Option B on 5 Oct (27-RETARGETING)",None beyond the dev sprint (32-DEVELOPMENT-BACKLOG),Start with the right one,/games/series/<slug> or the F09 article,F09 carousel (T-F09),"ED, SC",4.0,P2,F09/F08 search clicks (28-day); shelf_add from series pages,utm_campaign=c63-in-order; utm_content=f09-2026w50,planned
2026-12-13,Sunday,2026w50,The Game Awards week,Keep Discord alive with the weekly wrap,"S10, S1","F18 Games Like…: Games like Diablo and Path of Exile (ED, written Fri, scheduled) | Reactive news slot: up to 3 pillar-filtered stories (P1–P5), slots 08:30, 14:30 and 19:00 CET per 13-SEO-CONTENT; no general tech or phones",F18 page targets 'games like <title>' with list items linked to /games pages,No planned news piece; reactive news only (in the news sitemap),"Headline for Discover: 'Games like Diablo and Path of Exile'; 1200px+ 16:9 image, no text on image",F18 link post: «Games like Diablo and Path of Exile. https://techplay.gg/games?utm_source=facebook&utm_medium=organic-social&utm_campaign=c65-franchises&utm_content=f18-2026w50»,No slot today,No feed post,"Story: today's top story, link sticker with UTM",No vertical today,No post,No long-form,No Short,"F14 thread, first post (then 3 links, one per top story): «This week on TechPlay: the three stories worth your time, and what's out next week. https://techplay.gg/calendar?utm_source=x&utm_medium=organic-social&utm_campaign=c65-franchises&utm_content=f14-2026w50»",No post,No post,"C47 helpful answers (SC 30 min, EIC/ED 15 min): r/truegaming (read, comment only if useful). Link TechPlay only when it is the best answer; log every comment in the Reddit sheet","F06 On This Day 09:00 #general: Buffy posts the top-rated result from /api/v1/games/on-this-day at 09:00 CET; SC swaps in a better-known title from the same list if one exists | F14 Buffy's Weekly Wrap 20:00 CET: member of the week, top 3 stories, next week's releases",No send,Not live in 2026: C59 web push goes to the 1 Jan 2027 decision (32-DEVELOPMENT-BACKLOG); reminders go by email and the bell,Moderation queue under 24 h,No pitch today,None,None,"C56 Google Search, branded + tool terms only, no GTA game-name terms (from 2 Nov if D-007/D-008 are live; EIC checks search terms Mondays) | C57 Meta: not in 2026 by default (D-031 Option A; EIC decides 5 Oct)","Owned: welcome and reminder mail (C42/C43 email, live ~6 Nov) to A1-not-A2 members; no paid retargeting in 2026 unless EIC picks D-031 Option B on 5 Oct (27-RETARGETING)",None beyond the dev sprint (32-DEVELOPMENT-BACKLOG),See next week's releases,/calendar,F18 cover 1200x630,"ED, SC",1.5,P2,F14 recap clicks in Discord; F18 search clicks (28-day),utm_source=discord&utm_medium=community&utm_campaign=c36-road-to-500&utm_content=f14-2026w50,planned
2026-12-14,Monday,2026w51,Your 2026 in Games + Steam Winter Sale / Your 2026 in Games; OpenCritic application,Turn release interest into reminders and follows,"S1, S2, S10","C28: /year-in-review live for members (share card per member) | F01 Out This Week (2026w51), publish 08:30 CET: Your 2026 in Games opens (14 Dec), Steam Winter Sale (17 Dec–4 Jan), Community Awards results (20 Dec). Every title links its /games page with 'Remind me' | F24 Verdict: Monster Hunter Wilds on Switch 2 (EIC) | F11 forum thread 'What are you playing?' | Reactive news slot: up to 3 pillar-filtered stories (P1–P5), slots 08:30, 14:30 and 19:00 CET per 13-SEO-CONTENT; no general tech or phones",/calendar: confirm this week's dates and platforms; fix any release_precision='day' mismatches found while writing F01,F01 Out This Week,"Headline for Discover: 'Out this week: Your 2026 in Games opens and the rest, with what each costs'; 1200px+ 16:9 image, no text on image","F01 link post 1200x630: «Out this week: Your 2026 in Games opens (14 Dec), Steam Winter Sale (17 Dec–4 Jan), Community Awards results (20 Dec). Which one are you getting? https://techplay.gg/calendar?utm_source=facebook&utm_medium=organic-social&utm_campaign=c04-out-this-week&utm_content=f01-link-2026w51»",No slot today,"F01 carousel 1080x1350 (cover 'Out this week' / one slide per game: art, date, platforms, price / last slide 'Set reminders: link in bio'), caption: «Out this week: Your 2026 in Games opens (14 Dec), Steam Winter Sale (17 Dec–4 Jan), Community Awards results (20 Dec). Dates, platforms and prices on the slides. Set a reminder for any of them: link in bio.»","Story: today's top story, link sticker with UTM","F01 vertical 30–40s, one card per game, script: «Hook: These games are out this week, and one is worth clearing a weekend for. Cards: Your 2026 in Games opens (14 Dec), Steam Winter Sale (17 Dec–4 Jan), Community Awards results (20 Dec). CTA: Reminders for all of them at techplay.gg/calendar.»","F01 vertical 30–40s, one card per game, script: «Hook: These games are out this week, and one is worth clearing a weekend for. Cards: Your 2026 in Games opens (14 Dec), Steam Winter Sale (17 Dec–4 Jan), Community Awards results (20 Dec). CTA: Reminders for all of them at techplay.gg/calendar.» (same edit, native captions, 3 hashtags max)",Community tab poll with the week's top 4 titles as options: «Which one are you playing this week?»,"F01 vertical 30–40s, one card per game, script: «Hook: These games are out this week, and one is worth clearing a weekend for. Cards: Your 2026 in Games opens (14 Dec), Steam Winter Sale (17 Dec–4 Jan), Community Awards results (20 Dec). CTA: Reminders for all of them at techplay.gg/calendar.» (same edit, Shorts title ≤60 chars, no link in title)","F01 thread 10:00 CET, first post (then one post per release with its /games link): «Out this week: Your 2026 in Games opens (14 Dec), Steam Winter Sale (17 Dec–4 Jan), Community Awards results (20 Dec). Dates, platforms and prices, with a reminder for each: https://techplay.gg/calendar?utm_source=x&utm_medium=organic-social&utm_campaign=c04-out-this-week&utm_content=f01-thread-2026w51»",F11: «What's on your Winter Sale list?»,"F01 link post: «Out this week: Your 2026 in Games opens (14 Dec), Steam Winter Sale (17 Dec–4 Jan), Community Awards results (20 Dec). https://techplay.gg/calendar?utm_source=bluesky&utm_medium=organic-social&utm_campaign=c04-out-this-week&utm_content=f01-post-2026w51»","C47 helpful answers (SC 30 min, EIC/ED 15 min): r/patientgamers, r/gaming (discussion answers). Link TechPlay only when it is the best answer; log every comment in the Reddit sheet","F06 On This Day 09:00 #general: Buffy posts the top-rated result from /api/v1/games/on-this-day at 09:00 CET; SC swaps in a better-known title from the same list if one exists | F11 thread in #general: «What's on your Winter Sale list?» | F01 embed in #releases: «Out this week: Your 2026 in Games opens (14 Dec), Steam Winter Sale (17 Dec–4 Jan), Community Awards results (20 Dec). Reminders: https://techplay.gg/calendar?utm_source=discord&utm_medium=community&utm_campaign=c04-out-this-week&utm_content=f01-embed-2026w51»",No send,Not live in 2026: C59 web push goes to the 1 Jan 2027 decision (32-DEVELOPMENT-BACKLOG); reminders go by email and the bell,F11 What Are You Playing? (C37),No pitch today,None,None,"C56 Google Search, branded + tool terms only, no GTA game-name terms (from 2 Nov if D-007/D-008 are live; EIC checks search terms Mondays) | C57 Meta: not in 2026 by default (D-031 Option A; EIC decides 5 Oct)","Owned: welcome and reminder mail (C42/C43 email, live ~6 Nov) to A1-not-A2 members; no paid retargeting in 2026 unless EIC picks D-031 Option B on 5 Oct (27-RETARGETING)",C53: EIC submits TechPlay to OpenCritic with the ≥8 Verdicts published since 6 Oct,Get your 2026 in Games,/year-in-review,Campaign creative per 29-CREATIVE-BRIEFS for the day's campaign | F01 carousel + 1200x630 + vertical (DS template T-F01),"DS, ED, EIC, SC",13.0,P0,share_card_generated (type=year-in-review); registrations with from=year-in-review | also: Remind-me clicks from F01 ÷ F01 sessions (cta_click cta_id=f01-remind); F11 replies,utm_campaign=c04-out-this-week; utm_content=f01-<asset>-2026w51,planned
2026-12-15,Tuesday,2026w51,Your 2026 in Games + Steam Winter Sale / State of the Catalogue drafting,Answer platform and access questions that people search,"S1, S3, S5","F08 Where Can I Play It?: Game Pass and PS Plus: what joins in the second half of December (ED) | F13 Steam Movers #12: Winter Sale (ED, short) | Reactive news slot: up to 3 pillar-filtered stories (P1–P5), slots 08:30, 14:30 and 19:00 CET per 13-SEO-CONTENT; no general tech or phones",F08 page: answer in the first 60 words; platform table; link to /games page and /calendar,No planned news piece; reactive news only (in the news sitemap),"Headline for Discover: 'Game Pass and PS Plus: what joins in the second half of December'; 1200px+ 16:9 image, no text on image",F04 The Number image 1080x1350: «Year in Review: the number of recaps generated in the first 24 hours (live).»,"Groups slot (SC, 30 min): answer 2–3 questions in platform-owner or PC groups per the 06-FACEBOOK ladder; link only when it is the answer",F04 single 1080x1350: «Year in Review: the number of recaps generated in the first 24 hours (live).»,"Story: today's top story, link sticker with UTM",No vertical today,No post,No long-form,No Short,F04 The Number (source line in the image): «Year in Review: the number of recaps generated in the first 24 hours (live).» | F15 Readiness Check 16:00 CET (US reset): «Readiness Check Check your character: https://techplay.gg/wow-analyzer?utm_source=x&utm_medium=organic-social&utm_campaign=c13-wow-readiness&utm_content=f15-2026w51»,F04: «Year in Review: the number of recaps generated in the first 24 hours (live).»,F04: «Year in Review: the number of recaps generated in the first 24 hours (live).»,"C47 helpful answers (SC 30 min, EIC/ED 15 min): r/wow, r/pcgaming. Link TechPlay only when it is the best answer; log every comment in the Reddit sheet",F06 On This Day 09:00 #general: Buffy posts the top-rated result from /api/v1/games/on-this-day at 09:00 CET; SC swaps in a better-known title from the same list if one exists | F15 #wow: «Readiness Check https://techplay.gg/wow-analyzer?utm_source=discord&utm_medium=community&utm_campaign=c13-wow-readiness&utm_content=f15-2026w51» | F13 Steam Movers post in #pc,No send,Not live in 2026: C59 web push goes to the 1 Jan 2027 decision (32-DEVELOPMENT-BACKLOG); reminders go by email and the bell,C28: share your Year in Review card (#year-in-review channel),No pitch today,None,None,"C56 Google Search, branded + tool terms only, no GTA game-name terms (from 2 Nov if D-007/D-008 are live; EIC checks search terms Mondays)","Owned: welcome and reminder mail (C42/C43 email, live ~6 Nov) to A1-not-A2 members; no paid retargeting in 2026 unless EIC picks D-031 Option B on 5 Oct (27-RETARGETING)",C27: EIC drafts State of the Catalogue 2026 (publish 12 Jan 2027),Check where you can play it,/games/<slug> (from F08),F04 number card (T-F04),"DS, ED, EIC, SC",7.0,P1,"F08 search clicks (Search Console, page-level, 28-day); Analyzer runs from Discord (tool_run tool=wow, utm_source=discord)",utm_campaign=c65-franchises; utm_content=f04-2026w51 / f15-2026w51,planned
2026-12-16,Wednesday,2026w51,Your 2026 in Games + Steam Winter Sale,Get members talking and voting,"S10, S8, S1","F12 Poll of the Week: Community Awards final round | F10 Worth It in 2026?: Steam Deck LCD or OLED in the Winter Sale? (ED) | F17 Studio Watch: tracker update | Reactive news slot: up to 3 pillar-filtered stories (P1–P5), slots 08:30, 14:30 and 19:00 CET per 13-SEO-CONTENT; no general tech or phones","F10 page targets 'is <game> worth it 2026': verdict in the first paragraph, what changed since launch, price today",F17 Studio Watch (if news),"Headline for Discover: 'Steam Deck LCD or OLED in the Winter Sale?'; 1200px+ 16:9 image, no text on image",F12 question post (reply to vote): «Community Awards final round Reply with your pick.»,No slot today,No feed post (poll lives in Stories),"Story: today's top story, link sticker with UTM | F12 poll sticker (2 options) on IG + FB Stories; result frame Thu","F10 Worth It short 30s, hook: «Steam Deck LCD or OLED in the Winter Sale? Our answer in 30 seconds.»","F10 Worth It short 30s, hook: «Steam Deck LCD or OLED in the Winter Sale? Our answer in 30 seconds.» (same edit, native captions, 3 hashtags max)",No long-form,"F10 Worth It short 30s, hook: «Steam Deck LCD or OLED in the Winter Sale? Our answer in 30 seconds.» (same edit, Shorts title ≤60 chars, no link in title)",F12 native poll: «Community Awards final round»,F12 as an open question: «Community Awards final round»,F17: Studio Watch: tracker update (industry audience),"C47 helpful answers (SC 30 min, EIC/ED 15 min): r/GTA6 (answers only; no self-posts). Link TechPlay only when it is the best answer; log every comment in the Reddit sheet",F06 On This Day 09:00 #general: Buffy posts the top-rated result from /api/v1/games/on-this-day at 09:00 CET; SC swaps in a better-known title from the same list if one exists | F12 native Discord poll (24 h): «Community Awards final round»,No send,Not live in 2026: C59 web push goes to the 1 Jan 2027 decision (32-DEVELOPMENT-BACKLOG); reminders go by email and the bell,F12 Poll (C39),No pitch today,None,None,"C56 Google Search, branded + tool terms only, no GTA game-name terms (from 2 Nov if D-007/D-008 are live; EIC checks search terms Mondays)","Owned: welcome and reminder mail (C42/C43 email, live ~6 Nov) to A1-not-A2 members; no paid retargeting in 2026 unless EIC picks D-031 Option B on 5 Oct (27-RETARGETING)",None beyond the dev sprint (32-DEVELOPMENT-BACKLOG),"Vote, then see what everyone else picked",/forum (poll thread),F12 poll card (T-F12),"DS, ED, SC",7.0,P1,"Poll votes across Discord + X + Stories (sum, week over week); F10 page sessions",utm_campaign=c39-poll-of-the-week; utm_content=f12-2026w51,planned
2026-12-17,Thursday,2026w51,Your 2026 in Games + Steam Winter Sale / Steam Winter Sale opens,"Discovery: one game worth adding, plus the GTA 6 ledger","S1, S2, S4","C34: 'Steam Winter Sale 2026: picks from your wishlists' (ED, 19:15 CET) | F05 Hidden Gem Thursday: Norco (2022): a point-and-click about industrial Louisiana (ED; editor pick, the /games/hidden-gems rail is not good enough to use unedited) | F03 ledger: Ledger: monthly pass | C34 Winter Sale picks refreshed | Reactive news slot: up to 3 pillar-filtered stories (P1–P5), slots 08:30, 14:30 and 19:00 CET per 13-SEO-CONTENT; no general tech or phones",F05: add the game's /games page to the Hidden Gems list page; F03: update 'Last updated' on /gta6/everything-we-know,F03 ledger update (news-eligible only when there is new information),"Headline for Discover: 'Hidden gem: Norco'; 1200px+ 16:9 image, no text on image",F05 image post: «Hidden gem of the week: Norco (2022): a point-and-click about industrial Louisiana. Played it?»,"Groups slot (SC, 30 min): value-first participation per 06-FACEBOOK; no links in the first 30 days",Carousel 1080x1350: F03 'Confirmed or Rumour?' (odd weeks),"Story: today's top story, link sticker with UTM",No vertical today,No post,No long-form,No Short,F04 The Number: «The most-wishlisted game among TechPlay members that's discounted in the Winter Sale.»,F06 On This Day: «Final Fantasy X reached North America on 17 Dec 2001 (25 years). Did you play it at launch?» | F04: «The most-wishlisted game among TechPlay members that's discounted in the Winter Sale.»,F04: «The most-wishlisted game among TechPlay members that's discounted in the Winter Sale.»,"C47 helpful answers (SC 30 min, EIC/ED 15 min): r/Steam, r/pcmasterrace. Link TechPlay only when it is the best answer; log every comment in the Reddit sheet",F06 On This Day 09:00 #general: «On this day: Final Fantasy X reached North America on 17 Dec 2001 (25 years).» | F05 #recommendations: «Hidden gem of the week: Norco (2022): a point-and-click about industrial Louisiana. Played it? Tell us below.»,Price-drop emails to wishlist followers (D-027),Not live in 2026: C59 web push goes to the 1 Jan 2027 decision (32-DEVELOPMENT-BACKLOG); reminders go by email and the bell,"LinkedIn (EIC, Thu only): F04 «The most-wishlisted game among TechPlay members that's discounted in the Winter Sale.»",No pitch today,None,None,"C56 Google Search, branded + tool terms only, no GTA game-name terms (from 2 Nov if D-007/D-008 are live; EIC checks search terms Mondays)","Owned: welcome and reminder mail (C42/C43 email, live ~6 Nov) to A1-not-A2 members; no paid retargeting in 2026 unless EIC picks D-031 Option B on 5 Oct (27-RETARGETING)",None beyond the dev sprint (32-DEVELOPMENT-BACKLOG),See your wishlist games on sale,C34 Winter Sale article,Campaign creative per 29-CREATIVE-BRIEFS for the day's campaign | F05 or F03 carousel (T-F05 / T-F03),"DS, ED, SC",11.0,P0,alert_clicked; shelf_add; Winter Sale article sessions | also: shelf_add from F05 pages; F03 ledger sessions from X/Reddit referrals,utm_campaign=c64-hidden-gem / c07-gta6-ledger; utm_content=f05-2026w51 / f03-2026w51,planned
2026-12-18,Friday,2026w51,Your 2026 in Games + Steam Winter Sale / Ownership and press pages; guest Remind me (lite),Grow verified newsletter subscribers; publish one real PC fix,"S3, S1, S10","F07 Fix It Friday: New GPU for Christmas: a clean driver install (DDU) and the first checks (ED; test every step on real hardware or cite the vendor doc) | Reactive news slot: up to 3 pillar-filtered stories (P1–P5), slots 08:30, 14:30 and 19:00 CET per 13-SEO-CONTENT; no general tech or phones",F07 guide goes into /guides/pc-fixes (after 12 Oct) with HowTo-style steps; link from related /games pages,No planned news piece; reactive news only (in the news sitemap),"Headline for Discover: 'New GPU for Christmas: a clean driver install (DDU) and the first checks'; 1200px+ 16:9 image, no text on image",F07 link post: «New GPU for Christmas: a clean driver install (DDU) and the first checks. Full steps: https://techplay.gg/guides?utm_source=facebook&utm_medium=organic-social&utm_campaign=c60-pc-fixes&utm_content=f07-2026w51»,No slot today,"Stories: 'This week on TechPlay' 3 frames (top story, fix, newsletter sign-up link sticker)","Story: today's top story, link sticker with UTM","F07 vertical 45–60s screen capture, steps on screen, script: «Hook: If your game does this, try these three things. Topic: New GPU for Christmas: a clean driver install (DDU) and the first checks. CTA: Full steps at techplay.gg/guides.»","F07 vertical 45–60s screen capture, steps on screen, script: «Hook: If your game does this, try these three things. Topic: New GPU for Christmas: a clean driver install (DDU) and the first checks. CTA: Full steps at techplay.gg/guides.» (same edit, native captions, 3 hashtags max)",No long-form,"F07 vertical 45–60s screen capture, steps on screen, script: «Hook: If your game does this, try these three things. Topic: New GPU for Christmas: a clean driver install (DDU) and the first checks. CTA: Full steps at techplay.gg/guides.» (same edit, Shorts title ≤60 chars, no link in title)",F07: «New GPU for Christmas: a clean driver install (DDU) and the first checks. Full steps: https://techplay.gg/guides?utm_source=x&utm_medium=organic-social&utm_campaign=c60-pc-fixes&utm_content=f07-2026w51»,F07: «What's the one PC fix you wish you'd known sooner?»,No post,"C47 helpful answers (SC 30 min, EIC/ED 15 min): r/buildapc, r/pcgaming (fix questions). Link TechPlay only when it is the best answer; log every comment in the Reddit sheet",F06 On This Day 09:00 #general: Buffy posts the top-rated result from /api/v1/games/on-this-day at 09:00 CET; SC swaps in a better-known title from the same list if one exists | F07 #pc-help pin: «New GPU for Christmas: a clean driver install (DDU) and the first checks. https://techplay.gg/guides?utm_source=discord&utm_medium=community&utm_campaign=c60-pc-fixes&utm_content=f07-2026w51» | #announcements: «The Save File is out. Get it every Friday: https://techplay.gg/newsletter?utm_source=discord&utm_medium=community&utm_campaign=c40-save-file-2026w51&utm_content=f21-announce»,"F21 The Save File, 15:00 CET, subject: «The Save File #12: Winter Sale picks from your wishlists»",Not live in 2026: C59 web push goes to the 1 Jan 2027 decision (32-DEVELOPMENT-BACKLOG); reminders go by email and the bell,F19 Library Card: one member's Gamer DNA card (opt-in only) | C28: share your Year in Review card (#year-in-review channel),No pitch today,None,None,"C56 Google Search, branded + tool terms only, no GTA game-name terms (from 2 Nov if D-007/D-008 are live; EIC checks search terms Mondays)","Owned: welcome and reminder mail (C42/C43 email, live ~6 Nov) to A1-not-A2 members; no paid retargeting in 2026 unless EIC picks D-031 Option B on 5 Oct (27-RETARGETING)",C54: /about/ownership and /press live (D-038) | C45: guest 'Remind me' modal (lite) live (D-016),Get The Save File every Friday,/newsletter (new),F07 cover 1200x630 + vertical (T-F07); newsletter header,"DS, ED, SC",10.0,P1,newsletter_verified per week; open→click rate of The Save File; F07 search clicks,utm_source=newsletter&utm_medium=email&utm_campaign=c40-save-file-2026w51,planned
2026-12-19,Saturday,2026w51,Your 2026 in Games + Steam Winter Sale,Evergreen search pages,"S1, S2","F09 In Order: Metroid in order, before Metroid Ravenous (28 Jan) (ED; C63) | F08 Where Can I Play It?: Winter Sale: best discounts on Steam Deck Verified games (ED) | Reactive news slot: up to 3 pillar-filtered stories (P1–P5), slots 08:30, 14:30 and 19:00 CET per 13-SEO-CONTENT; no general tech or phones","F09 series page: ordered list with year and platform, 'where to start' answer first; link every entry to /games",No planned news piece; reactive news only (in the news sitemap),"Headline for Discover: 'Metroid in order, before Metroid Ravenous (28 Jan)'; 1200px+ 16:9 image, no text on image","F09 link post: «Metroid in order, before Metroid Ravenous (28 Jan). https://techplay.gg/games?utm_source=facebook&utm_medium=organic-social&utm_campaign=c63-in-order&utm_content=f09-2026w51»","Groups slot (SC, 20 min)","F09 carousel 1080x1350, caption: «Metroid in order, before Metroid Ravenous (28 Jan). Save this for later.»","Story: today's top story, link sticker with UTM","F09 vertical 45s, hook: «Metroid in order, before Metroid Ravenous (28 Jan), in 45 seconds.»","F09 vertical 45s, hook: «Metroid in order, before Metroid Ravenous (28 Jan), in 45 seconds.» (same edit, native captions, 3 hashtags max)",No long-form,"F09 vertical 45s, hook: «Metroid in order, before Metroid Ravenous (28 Jan), in 45 seconds.» (same edit, Shorts title ≤60 chars, no link in title)",F04 The Number: «Community Awards: the winning margin in the closest category.»,F04: «Community Awards: the winning margin in the closest category.»,No post,"C47 helpful answers (SC 30 min, EIC/ED 15 min): r/NintendoSwitch2, r/PS5, r/XboxSeriesX. Link TechPlay only when it is the best answer; log every comment in the Reddit sheet",F06 On This Day 09:00 #general: Buffy posts the top-rated result from /api/v1/games/on-this-day at 09:00 CET; SC swaps in a better-known title from the same list if one exists | Weekend: #gaming-night thread (SC schedules Fri),No send,Not live in 2026: C59 web push goes to the 1 Jan 2027 decision (32-DEVELOPMENT-BACKLOG); reminders go by email and the bell,Moderation queue under 24 h,No pitch today,None,None,"C56 Google Search, branded + tool terms only, no GTA game-name terms (from 2 Nov if D-007/D-008 are live; EIC checks search terms Mondays)","Owned: welcome and reminder mail (C42/C43 email, live ~6 Nov) to A1-not-A2 members; no paid retargeting in 2026 unless EIC picks D-031 Option B on 5 Oct (27-RETARGETING)",None beyond the dev sprint (32-DEVELOPMENT-BACKLOG),Start with the right one,/games/series/<slug> or the F09 article,F09 carousel (T-F09),"ED, SC",4.0,P2,F09/F08 search clicks (28-day); shelf_add from series pages,utm_campaign=c63-in-order; utm_content=f09-2026w51,planned
2026-12-20,Sunday,2026w51,Your 2026 in Games + Steam Winter Sale / Community Awards results,Keep Discord alive with the weekly wrap,"S10, S1","C30 results article (SC) | F18 Games Like…: Cozy games like Stardew Valley (ED, written Fri, scheduled) | Reactive news slot: up to 3 pillar-filtered stories (P1–P5), slots 08:30, 14:30 and 19:00 CET per 13-SEO-CONTENT; no general tech or phones",F18 page targets 'games like <title>' with list items linked to /games pages,No planned news piece; reactive news only (in the news sitemap),"Headline for Discover: 'Cozy games like Stardew Valley'; 1200px+ 16:9 image, no text on image",F18 link post: «Cozy games like Stardew Valley. https://techplay.gg/games?utm_source=facebook&utm_medium=organic-social&utm_campaign=c65-franchises&utm_content=f18-2026w51»,No slot today,No feed post,"Story: today's top story, link sticker with UTM",No vertical today,No post,No long-form,No Short,"F14 thread, first post (then 3 links, one per top story): «This week on TechPlay: the three stories worth your time, and what's out next week. https://techplay.gg/calendar?utm_source=x&utm_medium=organic-social&utm_campaign=c65-franchises&utm_content=f14-2026w51»",No post,No post,"C47 helpful answers (SC 30 min, EIC/ED 15 min): r/truegaming (read, comment only if useful). Link TechPlay only when it is the best answer; log every comment in the Reddit sheet","F06 On This Day 09:00 #general: Buffy posts the top-rated result from /api/v1/games/on-this-day at 09:00 CET; SC swaps in a better-known title from the same list if one exists | F14 Buffy's Weekly Wrap 20:00 CET: member of the week, top 3 stories, next week's releases",No send,Not live in 2026: C59 web push goes to the 1 Jan 2027 decision (32-DEVELOPMENT-BACKLOG); reminders go by email and the bell,Moderation queue under 24 h,No pitch today,None,None,"C56 Google Search, branded + tool terms only, no GTA game-name terms (from 2 Nov if D-007/D-008 are live; EIC checks search terms Mondays)","Owned: welcome and reminder mail (C42/C43 email, live ~6 Nov) to A1-not-A2 members; no paid retargeting in 2026 unless EIC picks D-031 Option B on 5 Oct (27-RETARGETING)",None beyond the dev sprint (32-DEVELOPMENT-BACKLOG),See who won,/awards/2026,Campaign creative per 29-CREATIVE-BRIEFS for the day's campaign | F18 cover 1200x630,"ED, SC",3.5,P2,Results page sessions; share_card_generated | also: F14 recap clicks in Discord; F18 search clicks (28-day),utm_source=discord&utm_medium=community&utm_campaign=c36-road-to-500&utm_content=f14-2026w51,planned
2026-12-21,Monday,2026w52,"Holidays, most-anticipated 2027 / 2027 Most Anticipated",Turn release interest into reminders and follows,"S1, S2, S10","C70: '2027's most anticipated games, by TechPlay member follows' (ED) | F01 Out This Week (2026w52), publish 08:30 CET: Christmas (25 Dec), Steam Winter Sale continues, 2027 Most Anticipated list (C70). Every title links its /games page with 'Remind me' | F24 Verdict: Path of Exile 2 1.0 (EIC) | F11 forum thread 'What are you playing?' | C34 Winter Sale picks refreshed | Reactive news slot: up to 3 pillar-filtered stories (P1–P5), slots 08:30, 14:30 and 19:00 CET per 13-SEO-CONTENT; no general tech or phones",/calendar: confirm this week's dates and platforms; fix any release_precision='day' mismatches found while writing F01,F01 Out This Week,"Headline for Discover: 'Out this week: Christmas and the rest, with what each costs'; 1200px+ 16:9 image, no text on image","F01 link post 1200x630: «Out this week: Christmas (25 Dec), Steam Winter Sale continues, 2027 Most Anticipated list (C70). Which one are you getting? https://techplay.gg/calendar?utm_source=facebook&utm_medium=organic-social&utm_campaign=c04-out-this-week&utm_content=f01-link-2026w52»",No slot today,"F01 carousel 1080x1350 (cover 'Out this week' / one slide per game: art, date, platforms, price / last slide 'Set reminders: link in bio'), caption: «Out this week: Christmas (25 Dec), Steam Winter Sale continues, 2027 Most Anticipated list (C70). Dates, platforms and prices on the slides. Set a reminder for any of them: link in bio.»","Story: today's top story, link sticker with UTM","F01 vertical 30–40s, one card per game, script: «Hook: These games are out this week, and one is worth clearing a weekend for. Cards: Christmas (25 Dec), Steam Winter Sale continues, 2027 Most Anticipated list (C70). CTA: Reminders for all of them at techplay.gg/calendar.»","F01 vertical 30–40s, one card per game, script: «Hook: These games are out this week, and one is worth clearing a weekend for. Cards: Christmas (25 Dec), Steam Winter Sale continues, 2027 Most Anticipated list (C70). CTA: Reminders for all of them at techplay.gg/calendar.» (same edit, native captions, 3 hashtags max)",Community tab poll with the week's top 4 titles as options: «Which one are you playing this week?»,"F01 vertical 30–40s, one card per game, script: «Hook: These games are out this week, and one is worth clearing a weekend for. Cards: Christmas (25 Dec), Steam Winter Sale continues, 2027 Most Anticipated list (C70). CTA: Reminders for all of them at techplay.gg/calendar.» (same edit, Shorts title ≤60 chars, no link in title)","F01 thread 10:00 CET, first post (then one post per release with its /games link): «Out this week: Christmas (25 Dec), Steam Winter Sale continues, 2027 Most Anticipated list (C70). Dates, platforms and prices, with a reminder for each: https://techplay.gg/calendar?utm_source=x&utm_medium=organic-social&utm_campaign=c04-out-this-week&utm_content=f01-thread-2026w52»",F11: «Holiday week: what are you playing?»,"F01 link post: «Out this week: Christmas (25 Dec), Steam Winter Sale continues, 2027 Most Anticipated list (C70). https://techplay.gg/calendar?utm_source=bluesky&utm_medium=organic-social&utm_campaign=c04-out-this-week&utm_content=f01-post-2026w52»","C47 helpful answers (SC 30 min, EIC/ED 15 min): r/patientgamers, r/gaming (discussion answers). Link TechPlay only when it is the best answer; log every comment in the Reddit sheet","F06 On This Day 09:00 #general: Buffy posts the top-rated result from /api/v1/games/on-this-day at 09:00 CET; SC swaps in a better-known title from the same list if one exists | F11 thread in #general: «Holiday week: what are you playing?» | F01 embed in #releases: «Out this week: Christmas (25 Dec), Steam Winter Sale continues, 2027 Most Anticipated list (C70). Reminders: https://techplay.gg/calendar?utm_source=discord&utm_medium=community&utm_campaign=c04-out-this-week&utm_content=f01-embed-2026w52»",No send,Not live in 2026: C59 web push goes to the 1 Jan 2027 decision (32-DEVELOPMENT-BACKLOG); reminders go by email and the bell,F11 What Are You Playing? (C37),No pitch today,None,None,"C56 Google Search, branded + tool terms only, no GTA game-name terms (from 2 Nov if D-007/D-008 are live; EIC checks search terms Mondays)","Owned: welcome and reminder mail (C42/C43 email, live ~6 Nov) to A1-not-A2 members; no paid retargeting in 2026 unless EIC picks D-031 Option B on 5 Oct (27-RETARGETING)",None beyond the dev sprint (32-DEVELOPMENT-BACKLOG),Follow the 2027 games you want,C70 article,Campaign creative per 29-CREATIVE-BRIEFS for the day's campaign | F01 carousel + 1200x630 + vertical (DS template T-F01),"DS, ED, EIC, SC",12.0,P1,game_followed from C70 | also: Remind-me clicks from F01 ÷ F01 sessions (cta_click cta_id=f01-remind); F11 replies,utm_campaign=c04-out-this-week; utm_content=f01-<asset>-2026w52,planned
2026-12-22,Tuesday,2026w52,"Holidays, most-anticipated 2027",Answer platform and access questions that people search,"S1, S3, S5","F08 Where Can I Play It?: New console at Christmas: which games to download first on PS5, Xbox, Switch 2 (ED) | F13 Steam Movers #13 (ED, short) | Reactive news slot: up to 3 pillar-filtered stories (P1–P5), slots 08:30, 14:30 and 19:00 CET per 13-SEO-CONTENT; no general tech or phones",F08 page: answer in the first 60 words; platform table; link to /games page and /calendar,No planned news piece; reactive news only (in the news sitemap),"Headline for Discover: 'New console at Christmas: which games to download first on PS5, Xbox, Switch 2'; 1200px+ 16:9 image, no text on image",F04 The Number image 1080x1350: «The number of 2027 games already dated in TechPlay's calendar (query on the day).»,"Groups slot (SC, 30 min): answer 2–3 questions in platform-owner or PC groups per the 06-FACEBOOK ladder; link only when it is the answer",F04 single 1080x1350: «The number of 2027 games already dated in TechPlay's calendar (query on the day).»,"Story: today's top story, link sticker with UTM",No vertical today,No post,No long-form,No Short,F04 The Number (source line in the image): «The number of 2027 games already dated in TechPlay's calendar (query on the day).» | F15 Readiness Check 16:00 CET (US reset): «Readiness Check Check your character: https://techplay.gg/wow-analyzer?utm_source=x&utm_medium=organic-social&utm_campaign=c13-wow-readiness&utm_content=f15-2026w52»,F04: «The number of 2027 games already dated in TechPlay's calendar (query on the day).»,F04: «The number of 2027 games already dated in TechPlay's calendar (query on the day).»,"C47 helpful answers (SC 30 min, EIC/ED 15 min): r/wow, r/pcgaming. Link TechPlay only when it is the best answer; log every comment in the Reddit sheet",F06 On This Day 09:00 #general: Buffy posts the top-rated result from /api/v1/games/on-this-day at 09:00 CET; SC swaps in a better-known title from the same list if one exists | F15 #wow: «Readiness Check https://techplay.gg/wow-analyzer?utm_source=discord&utm_medium=community&utm_campaign=c13-wow-readiness&utm_content=f15-2026w52» | F13 Steam Movers post in #pc,No send,Not live in 2026: C59 web push goes to the 1 Jan 2027 decision (32-DEVELOPMENT-BACKLOG); reminders go by email and the bell,C28: share your Year in Review card (#year-in-review channel),No pitch today,None,None,"C56 Google Search, branded + tool terms only, no GTA game-name terms (from 2 Nov if D-007/D-008 are live; EIC checks search terms Mondays)","Owned: welcome and reminder mail (C42/C43 email, live ~6 Nov) to A1-not-A2 members; no paid retargeting in 2026 unless EIC picks D-031 Option B on 5 Oct (27-RETARGETING)",None beyond the dev sprint (32-DEVELOPMENT-BACKLOG),Check where you can play it,/games/<slug> (from F08),F04 number card (T-F04),"DS, ED, SC",7.0,P1,"F08 search clicks (Search Console, page-level, 28-day); Analyzer runs from Discord (tool_run tool=wow, utm_source=discord)",utm_campaign=c65-franchises; utm_content=f04-2026w52 / f15-2026w52,planned
2026-12-23,Wednesday,2026w52,"Holidays, most-anticipated 2027 / Holiday Save File (moved from Fri 25 Dec)",Get members talking and voting,"S10, S8, S1","Fix It Friday moved: new console first-hour settings (ED) | F12 Poll of the Week: Best game you played in 2026 that didn't come out in 2026? | F10 Worth It in 2026?: PS Plus or Game Pass for a new console owner? (ED) | F17 Studio Watch: skipped | Reactive news slot: up to 3 pillar-filtered stories (P1–P5), slots 08:30, 14:30 and 19:00 CET per 13-SEO-CONTENT; no general tech or phones","F10 page targets 'is <game> worth it 2026': verdict in the first paragraph, what changed since launch, price today",F17 Studio Watch (if news),"Headline for Discover: 'PS Plus or Game Pass for a new console owner?'; 1200px+ 16:9 image, no text on image",F12 question post (reply to vote): «Best game you played in 2026 that didn't come out in 2026? Reply with your pick.»,No slot today,No feed post (poll lives in Stories),"Story: today's top story, link sticker with UTM | F12 poll sticker (2 options) on IG + FB Stories; result frame Thu","F10 Worth It short 30s, hook: «PS Plus or Game Pass for a new console owner? Our answer in 30 seconds.»","F10 Worth It short 30s, hook: «PS Plus or Game Pass for a new console owner? Our answer in 30 seconds.» (same edit, native captions, 3 hashtags max)",No long-form,"F10 Worth It short 30s, hook: «PS Plus or Game Pass for a new console owner? Our answer in 30 seconds.» (same edit, Shorts title ≤60 chars, no link in title)",F12 native poll: «Best game you played in 2026 that didn't come out in 2026?»,F12 as an open question: «Best game you played in 2026 that didn't come out in 2026?»,F17: Studio Watch: skipped (industry audience),"C47 helpful answers (SC 30 min, EIC/ED 15 min): r/GTA6 (answers only; no self-posts). Link TechPlay only when it is the best answer; log every comment in the Reddit sheet",F06 On This Day 09:00 #general: Buffy posts the top-rated result from /api/v1/games/on-this-day at 09:00 CET; SC swaps in a better-known title from the same list if one exists | F12 native Discord poll (24 h): «Best game you played in 2026 that didn't come out in 2026?»,"The Save File holiday edition, 15:00 CET",Not live in 2026: C59 web push goes to the 1 Jan 2027 decision (32-DEVELOPMENT-BACKLOG); reminders go by email and the bell,F12 Poll (C39),No pitch today,None,None,"C56 Google Search, branded + tool terms only, no GTA game-name terms (from 2 Nov if D-007/D-008 are live; EIC checks search terms Mondays)","Owned: welcome and reminder mail (C42/C43 email, live ~6 Nov) to A1-not-A2 members; no paid retargeting in 2026 unless EIC picks D-031 Option B on 5 Oct (27-RETARGETING)",None beyond the dev sprint (32-DEVELOPMENT-BACKLOG),"Vote, then see what everyone else picked",/forum (poll thread),F12 poll card (T-F12),"DS, ED, SC",7.0,P1,"Poll votes across Discord + X + Stories (sum, week over week); F10 page sessions",utm_campaign=c39-poll-of-the-week; utm_content=f12-2026w52,planned
2026-12-24,Thursday,2026w52,"Holidays, most-anticipated 2027 / Christmas Eve: scheduled posts only","Discovery: one game worth adding, plus the GTA 6 ledger","S1, S2, S4","F05 Hidden Gem Thursday: Venba (2023): a cooking game about a family's migration (ED; editor pick, the /games/hidden-gems rail is not good enough to use unedited) | F03 ledger: Ledger: skipped | C34 Winter Sale picks refreshed | Reactive news slot: up to 3 pillar-filtered stories (P1–P5), slots 08:30, 14:30 and 19:00 CET per 13-SEO-CONTENT; no general tech or phones",F05: add the game's /games page to the Hidden Gems list page; F03: update 'Last updated' on /gta6/everything-we-know,F03 ledger update (news-eligible only when there is new information),"Headline for Discover: 'Hidden gem: Venba'; 1200px+ 16:9 image, no text on image",F05 image post: «Hidden gem of the week: Venba (2023): a cooking game about a family's migration. Played it?»,"Groups slot (SC, 30 min): value-first participation per 06-FACEBOOK; no links in the first 30 days",Carousel 1080x1350: F05 Hidden Gem: Venba (even weeks),"Story: today's top story, link sticker with UTM",No vertical today,No post,No long-form,No Short,No planned post; reactive news links only,No post,No post,"C47 helpful answers (SC 30 min, EIC/ED 15 min): r/Steam, r/pcmasterrace. Link TechPlay only when it is the best answer; log every comment in the Reddit sheet",F06 On This Day 09:00 #general: Buffy posts the top-rated result from /api/v1/games/on-this-day at 09:00 CET; SC swaps in a better-known title from the same list if one exists | F05 #recommendations: «Hidden gem of the week: Venba (2023): a cooking game about a family's migration. Played it? Tell us below.»,No send,Not live in 2026: C59 web push goes to the 1 Jan 2027 decision (32-DEVELOPMENT-BACKLOG); reminders go by email and the bell,Moderation queue under 24 h,No pitch today,None,None,"C56 Google Search, branded + tool terms only, no GTA game-name terms (from 2 Nov if D-007/D-008 are live; EIC checks search terms Mondays)","Owned: welcome and reminder mail (C42/C43 email, live ~6 Nov) to A1-not-A2 members; no paid retargeting in 2026 unless EIC picks D-031 Option B on 5 Oct (27-RETARGETING)",None beyond the dev sprint (32-DEVELOPMENT-BACKLOG),Add it to your library,/games/<hidden-gem slug>,F05 or F03 carousel (T-F05 / T-F03),"DS, ED, SC",7.0,P1,shelf_add from F05 pages; F03 ledger sessions from X/Reddit referrals,utm_campaign=c64-hidden-gem / c07-gta6-ledger; utm_content=f05-2026w52 / f03-2026w52,planned
2026-12-25,Friday,2026w52,"Holidays, most-anticipated 2027 / Christmas: scheduled posts only",Grow verified newsletter subscribers; publish one real PC fix,"S3, S1, S10","Pinned: 'Just got a PS5, Xbox or Switch 2? Start here' (scheduled) | F07 Fix It Friday: New console setup: first-hour settings for PS5, Xbox and Switch 2 (published Wed 23 Dec) (ED; test every step on real hardware or cite the vendor doc) | Reactive news slot: up to 3 pillar-filtered stories (P1–P5), slots 08:30, 14:30 and 19:00 CET per 13-SEO-CONTENT; no general tech or phones",F07 guide goes into /guides/pc-fixes (after 12 Oct) with HowTo-style steps; link from related /games pages,No planned news piece; reactive news only (in the news sitemap),"Headline for Discover: 'New console setup: first-hour settings for PS5, Xbox and Switch 2 (published Wed 23 Dec)'; 1200px+ 16:9 image, no text on image","F07 link post: «New console setup: first-hour settings for PS5, Xbox and Switch 2 (published Wed 23 Dec). Full steps: https://techplay.gg/guides?utm_source=facebook&utm_medium=organic-social&utm_campaign=c60-pc-fixes&utm_content=f07-2026w52»",No slot today,"Stories: 'This week on TechPlay' 3 frames (top story, fix, newsletter sign-up link sticker)","Story: today's top story, link sticker with UTM","F07 vertical 45–60s screen capture, steps on screen, script: «Hook: If your game does this, try these three things. Topic: New console setup: first-hour settings for PS5, Xbox and Switch 2 (published Wed 23 Dec). CTA: Full steps at techplay.gg/guides.»","F07 vertical 45–60s screen capture, steps on screen, script: «Hook: If your game does this, try these three things. Topic: New console setup: first-hour settings for PS5, Xbox and Switch 2 (published Wed 23 Dec). CTA: Full steps at techplay.gg/guides.» (same edit, native captions, 3 hashtags max)",No long-form,"F07 vertical 45–60s screen capture, steps on screen, script: «Hook: If your game does this, try these three things. Topic: New console setup: first-hour settings for PS5, Xbox and Switch 2 (published Wed 23 Dec). CTA: Full steps at techplay.gg/guides.» (same edit, Shorts title ≤60 chars, no link in title)","F07: «New console setup: first-hour settings for PS5, Xbox and Switch 2 (published Wed 23 Dec). Full steps: https://techplay.gg/guides?utm_source=x&utm_medium=organic-social&utm_campaign=c60-pc-fixes&utm_content=f07-2026w52»",F07: «What's the one PC fix you wish you'd known sooner?»,No post,"C47 helpful answers (SC 30 min, EIC/ED 15 min): r/buildapc, r/pcgaming (fix questions). Link TechPlay only when it is the best answer; log every comment in the Reddit sheet","F06 On This Day 09:00 #general: Buffy posts the top-rated result from /api/v1/games/on-this-day at 09:00 CET; SC swaps in a better-known title from the same list if one exists | F07 #pc-help pin: «New console setup: first-hour settings for PS5, Xbox and Switch 2 (published Wed 23 Dec). https://techplay.gg/guides?utm_source=discord&utm_medium=community&utm_campaign=c60-pc-fixes&utm_content=f07-2026w52» | #announcements: «The Save File is out. Get it every Friday: https://techplay.gg/newsletter?utm_source=discord&utm_medium=community&utm_campaign=c40-save-file-2026w52&utm_content=f21-announce»","F21 The Save File, 15:00 CET, subject: «The Save File holiday edition: What to play over the break»",Not live in 2026: C59 web push goes to the 1 Jan 2027 decision (32-DEVELOPMENT-BACKLOG); reminders go by email and the bell,F19 Library Card: one member's Gamer DNA card (opt-in only) | C28: share your Year in Review card (#year-in-review channel),No pitch today,None,None,"C56 Google Search, branded + tool terms only, no GTA game-name terms (from 2 Nov if D-007/D-008 are live; EIC checks search terms Mondays)","Owned: welcome and reminder mail (C42/C43 email, live ~6 Nov) to A1-not-A2 members; no paid retargeting in 2026 unless EIC picks D-031 Option B on 5 Oct (27-RETARGETING)",None beyond the dev sprint (32-DEVELOPMENT-BACKLOG),Get The Save File every Friday,/newsletter (new),F07 cover 1200x630 + vertical (T-F07); newsletter header,"DS, ED, SC",8.0,P1,newsletter_verified per week; open→click rate of The Save File; F07 search clicks,utm_source=newsletter&utm_medium=email&utm_campaign=c40-save-file-2026w52,planned
2026-12-26,Saturday,2026w52,"Holidays, most-anticipated 2027",Evergreen search pages,"S1, S2","F09 In Order: Fable in order, before Fable (23 Feb 2027) (ED; C63) | F08 Where Can I Play It?: Fable (23 Feb 2027): Xbox, PC, PS5 and Game Pass (ED) | Reactive news slot: up to 3 pillar-filtered stories (P1–P5), slots 08:30, 14:30 and 19:00 CET per 13-SEO-CONTENT; no general tech or phones","F09 series page: ordered list with year and platform, 'where to start' answer first; link every entry to /games",No planned news piece; reactive news only (in the news sitemap),"Headline for Discover: 'Fable in order, before Fable (23 Feb 2027)'; 1200px+ 16:9 image, no text on image","F09 link post: «Fable in order, before Fable (23 Feb 2027). https://techplay.gg/games?utm_source=facebook&utm_medium=organic-social&utm_campaign=c63-in-order&utm_content=f09-2026w52»","Groups slot (SC, 20 min)","F09 carousel 1080x1350, caption: «Fable in order, before Fable (23 Feb 2027). Save this for later.»","Story: today's top story, link sticker with UTM","F09 vertical 45s, hook: «Fable in order, before Fable (23 Feb 2027), in 45 seconds.»","F09 vertical 45s, hook: «Fable in order, before Fable (23 Feb 2027), in 45 seconds.» (same edit, native captions, 3 hashtags max)",No long-form,"F09 vertical 45s, hook: «Fable in order, before Fable (23 Feb 2027), in 45 seconds.» (same edit, Shorts title ≤60 chars, no link in title)",F04 The Number: «Days until Fable: 59.»,F04: «Days until Fable: 59.»,No post,"C47 helpful answers (SC 30 min, EIC/ED 15 min): r/NintendoSwitch2, r/PS5, r/XboxSeriesX. Link TechPlay only when it is the best answer; log every comment in the Reddit sheet",F06 On This Day 09:00 #general: Buffy posts the top-rated result from /api/v1/games/on-this-day at 09:00 CET; SC swaps in a better-known title from the same list if one exists | Weekend: #gaming-night thread (SC schedules Fri),No send,Not live in 2026: C59 web push goes to the 1 Jan 2027 decision (32-DEVELOPMENT-BACKLOG); reminders go by email and the bell,Moderation queue under 24 h,No pitch today,None,None,"C56 Google Search, branded + tool terms only, no GTA game-name terms (from 2 Nov if D-007/D-008 are live; EIC checks search terms Mondays)","Owned: welcome and reminder mail (C42/C43 email, live ~6 Nov) to A1-not-A2 members; no paid retargeting in 2026 unless EIC picks D-031 Option B on 5 Oct (27-RETARGETING)",None beyond the dev sprint (32-DEVELOPMENT-BACKLOG),Start with the right one,/games/series/<slug> or the F09 article,F09 carousel (T-F09),"ED, SC",4.0,P2,F09/F08 search clicks (28-day); shelf_add from series pages,utm_campaign=c63-in-order; utm_content=f09-2026w52,planned
2026-12-27,Sunday,2026w52,"Holidays, most-anticipated 2027",Keep Discord alive with the weekly wrap,"S10, S1","F18 Games Like…: Games like Baldur's Gate 3 (ED, written Fri, scheduled) | Reactive news slot: up to 3 pillar-filtered stories (P1–P5), slots 08:30, 14:30 and 19:00 CET per 13-SEO-CONTENT; no general tech or phones",F18 page targets 'games like <title>' with list items linked to /games pages,No planned news piece; reactive news only (in the news sitemap),"Headline for Discover: 'Games like Baldur's Gate 3'; 1200px+ 16:9 image, no text on image",F18 link post: «Games like Baldur's Gate 3. https://techplay.gg/games?utm_source=facebook&utm_medium=organic-social&utm_campaign=c65-franchises&utm_content=f18-2026w52»,No slot today,No feed post,"Story: today's top story, link sticker with UTM",No vertical today,No post,No long-form,No Short,"F14 thread, first post (then 3 links, one per top story): «This week on TechPlay: the three stories worth your time, and what's out next week. https://techplay.gg/calendar?utm_source=x&utm_medium=organic-social&utm_campaign=c65-franchises&utm_content=f14-2026w52»",No post,No post,"C47 helpful answers (SC 30 min, EIC/ED 15 min): r/truegaming (read, comment only if useful). Link TechPlay only when it is the best answer; log every comment in the Reddit sheet","F06 On This Day 09:00 #general: Buffy posts the top-rated result from /api/v1/games/on-this-day at 09:00 CET; SC swaps in a better-known title from the same list if one exists | F14 Buffy's Weekly Wrap 20:00 CET: member of the week, top 3 stories, next week's releases",No send,Not live in 2026: C59 web push goes to the 1 Jan 2027 decision (32-DEVELOPMENT-BACKLOG); reminders go by email and the bell,Moderation queue under 24 h,No pitch today,None,None,"C56 Google Search, branded + tool terms only, no GTA game-name terms (from 2 Nov if D-007/D-008 are live; EIC checks search terms Mondays)","Owned: welcome and reminder mail (C42/C43 email, live ~6 Nov) to A1-not-A2 members; no paid retargeting in 2026 unless EIC picks D-031 Option B on 5 Oct (27-RETARGETING)",None beyond the dev sprint (32-DEVELOPMENT-BACKLOG),See next week's releases,/calendar,F18 cover 1200x630,"ED, SC",1.5,P2,F14 recap clicks in Discord; F18 search clicks (28-day),utm_source=discord&utm_medium=community&utm_campaign=c36-road-to-500&utm_content=f14-2026w52,planned
2026-12-28,Monday,2026w53,"Year-end, 2027 bridge",Turn release interest into reminders and follows,"S1, S2, S10","F01 Out This Week (2026w53), publish 08:30 CET: Steam Winter Sale final week (ends 4 Jan), CES and FFXIV: Evercold in January. Every title links its /games page with 'Remind me' | F24 Every Verdict of 2026 in one table (EIC) | F11 forum thread 'What are you playing?' | C34 Winter Sale picks refreshed | Reactive news slot: up to 3 pillar-filtered stories (P1–P5), slots 08:30, 14:30 and 19:00 CET per 13-SEO-CONTENT; no general tech or phones",/calendar: confirm this week's dates and platforms; fix any release_precision='day' mismatches found while writing F01,F01 Out This Week,"Headline for Discover: 'Out this week: Steam Winter Sale final week and the rest, with what each costs'; 1200px+ 16:9 image, no text on image","F01 link post 1200x630: «Out this week: Steam Winter Sale final week (ends 4 Jan), CES and FFXIV: Evercold in January. Which one are you getting? https://techplay.gg/calendar?utm_source=facebook&utm_medium=organic-social&utm_campaign=c04-out-this-week&utm_content=f01-link-2026w53»",No slot today,"F01 carousel 1080x1350 (cover 'Out this week' / one slide per game: art, date, platforms, price / last slide 'Set reminders: link in bio'), caption: «Out this week: Steam Winter Sale final week (ends 4 Jan), CES and FFXIV: Evercold in January. Dates, platforms and prices on the slides. Set a reminder for any of them: link in bio.»","Story: today's top story, link sticker with UTM","F01 vertical 30–40s, one card per game, script: «Hook: These games are out this week, and one is worth clearing a weekend for. Cards: Steam Winter Sale final week (ends 4 Jan), CES and FFXIV: Evercold in January. CTA: Reminders for all of them at techplay.gg/calendar.»","F01 vertical 30–40s, one card per game, script: «Hook: These games are out this week, and one is worth clearing a weekend for. Cards: Steam Winter Sale final week (ends 4 Jan), CES and FFXIV: Evercold in January. CTA: Reminders for all of them at techplay.gg/calendar.» (same edit, native captions, 3 hashtags max)",Community tab poll with the week's top 4 titles as options: «Which one are you playing this week?»,"F01 vertical 30–40s, one card per game, script: «Hook: These games are out this week, and one is worth clearing a weekend for. Cards: Steam Winter Sale final week (ends 4 Jan), CES and FFXIV: Evercold in January. CTA: Reminders for all of them at techplay.gg/calendar.» (same edit, Shorts title ≤60 chars, no link in title)","F01 thread 10:00 CET, first post (then one post per release with its /games link): «Out this week: Steam Winter Sale final week (ends 4 Jan), CES and FFXIV: Evercold in January. Dates, platforms and prices, with a reminder for each: https://techplay.gg/calendar?utm_source=x&utm_medium=organic-social&utm_campaign=c04-out-this-week&utm_content=f01-thread-2026w53»",F11: «Last check-in of 2026: what are you finishing before 1 Jan?»,"F01 link post: «Out this week: Steam Winter Sale final week (ends 4 Jan), CES and FFXIV: Evercold in January. https://techplay.gg/calendar?utm_source=bluesky&utm_medium=organic-social&utm_campaign=c04-out-this-week&utm_content=f01-post-2026w53»","C47 helpful answers (SC 30 min, EIC/ED 15 min): r/patientgamers, r/gaming (discussion answers). Link TechPlay only when it is the best answer; log every comment in the Reddit sheet","F06 On This Day 09:00 #general: Buffy posts the top-rated result from /api/v1/games/on-this-day at 09:00 CET; SC swaps in a better-known title from the same list if one exists | F11 thread in #general: «Last check-in of 2026: what are you finishing before 1 Jan?» | F01 embed in #releases: «Out this week: Steam Winter Sale final week (ends 4 Jan), CES and FFXIV: Evercold in January. Reminders: https://techplay.gg/calendar?utm_source=discord&utm_medium=community&utm_campaign=c04-out-this-week&utm_content=f01-embed-2026w53»",No send,Not live in 2026: C59 web push goes to the 1 Jan 2027 decision (32-DEVELOPMENT-BACKLOG); reminders go by email and the bell,F11 What Are You Playing? (C37),No pitch today,None,None,"C56 Google Search, branded + tool terms only, no GTA game-name terms (from 2 Nov if D-007/D-008 are live; EIC checks search terms Mondays)","Owned: welcome and reminder mail (C42/C43 email, live ~6 Nov) to A1-not-A2 members; no paid retargeting in 2026 unless EIC picks D-031 Option B on 5 Oct (27-RETARGETING)",None beyond the dev sprint (32-DEVELOPMENT-BACKLOG),Remind me when it's out,/calendar,F01 carousel + 1200x630 + vertical (DS template T-F01),"DS, ED, EIC, SC",9.0,P1,Remind-me clicks from F01 ÷ F01 sessions (cta_click cta_id=f01-remind); F11 replies,utm_campaign=c04-out-this-week; utm_content=f01-<asset>-2026w53,planned
2026-12-29,Tuesday,2026w53,"Year-end, 2027 bridge",Answer platform and access questions that people search,"S1, S3, S5","F08 Where Can I Play It?: Q1 2027 releases: platforms and dates in one table (ED) | F13 Steam Movers: year-end (ED, short) | Reactive news slot: up to 3 pillar-filtered stories (P1–P5), slots 08:30, 14:30 and 19:00 CET per 13-SEO-CONTENT; no general tech or phones",F08 page: answer in the first 60 words; platform table; link to /games page and /calendar,No planned news piece; reactive news only (in the news sitemap),"Headline for Discover: 'Q1 2027 releases: platforms and dates in one table'; 1200px+ 16:9 image, no text on image",F04 The Number image 1080x1350: «Studios closed in 2026: the final count (C22).»,"Groups slot (SC, 30 min): answer 2–3 questions in platform-owner or PC groups per the 06-FACEBOOK ladder; link only when it is the answer",F04 single 1080x1350: «Studios closed in 2026: the final count (C22).»,"Story: today's top story, link sticker with UTM",No vertical today,No post,No long-form,No Short,F04 The Number (source line in the image): «Studios closed in 2026: the final count (C22).» | F15 Readiness Check 16:00 CET (US reset): «Readiness Check: The Last Titan is dated '2027' only; what that means for your character plan Check your character: https://techplay.gg/wow-analyzer?utm_source=x&utm_medium=organic-social&utm_campaign=c13-wow-readiness&utm_content=f15-2026w53»,F04: «Studios closed in 2026: the final count (C22).»,F04: «Studios closed in 2026: the final count (C22).»,"C47 helpful answers (SC 30 min, EIC/ED 15 min): r/wow, r/pcgaming. Link TechPlay only when it is the best answer; log every comment in the Reddit sheet",F06 On This Day 09:00 #general: Buffy posts the top-rated result from /api/v1/games/on-this-day at 09:00 CET; SC swaps in a better-known title from the same list if one exists | F15 #wow: «Readiness Check: The Last Titan is dated '2027' only; what that means for your character plan https://techplay.gg/wow-analyzer?utm_source=discord&utm_medium=community&utm_campaign=c13-wow-readiness&utm_content=f15-2026w53» | F13 Steam Movers post in #pc,No send,Not live in 2026: C59 web push goes to the 1 Jan 2027 decision (32-DEVELOPMENT-BACKLOG); reminders go by email and the bell,C28: share your Year in Review card (#year-in-review channel),No pitch today,None,None,"C56 Google Search, branded + tool terms only, no GTA game-name terms (from 2 Nov if D-007/D-008 are live; EIC checks search terms Mondays)","Owned: welcome and reminder mail (C42/C43 email, live ~6 Nov) to A1-not-A2 members; no paid retargeting in 2026 unless EIC picks D-031 Option B on 5 Oct (27-RETARGETING)",None beyond the dev sprint (32-DEVELOPMENT-BACKLOG),Check where you can play it,/games/<slug> (from F08),F04 number card (T-F04),"DS, ED, SC",7.0,P1,"F08 search clicks (Search Console, page-level, 28-day); Analyzer runs from Discord (tool_run tool=wow, utm_source=discord)",utm_campaign=c65-franchises; utm_content=f04-2026w53 / f15-2026w53,planned
2026-12-30,Wednesday,2026w53,"Year-end, 2027 bridge",Get members talking and voting,"S10, S8, S1","F12 Poll of the Week: Most anticipated game of 2027? | F17 Studios Closed in 2026: final count | Reactive news slot: up to 3 pillar-filtered stories (P1–P5), slots 08:30, 14:30 and 19:00 CET per 13-SEO-CONTENT; no general tech or phones","F10 page targets 'is <game> worth it 2026': verdict in the first paragraph, what changed since launch, price today",F17 Studio Watch (if news),"Headline for Discover: 'Poll result + the story behind it'; 1200px+ 16:9 image, no text on image",F12 question post (reply to vote): «Most anticipated game of 2027? Reply with your pick.»,No slot today,No feed post (poll lives in Stories),"Story: today's top story, link sticker with UTM | F12 poll sticker (2 options) on IG + FB Stories; result frame Thu",No vertical today,No post,No long-form,No Short,F12 native poll: «Most anticipated game of 2027?»,F12 as an open question: «Most anticipated game of 2027?»,F17: Studios Closed in 2026: final count (industry audience),"C47 helpful answers (SC 30 min, EIC/ED 15 min): r/GTA6 (answers only; no self-posts). Link TechPlay only when it is the best answer; log every comment in the Reddit sheet",F06 On This Day 09:00 #general: Buffy posts the top-rated result from /api/v1/games/on-this-day at 09:00 CET; SC swaps in a better-known title from the same list if one exists | F12 native Discord poll (24 h): «Most anticipated game of 2027?»,No send,Not live in 2026: C59 web push goes to the 1 Jan 2027 decision (32-DEVELOPMENT-BACKLOG); reminders go by email and the bell,F12 Poll (C39),No pitch today,None,None,"C56 Google Search, branded + tool terms only, no GTA game-name terms (from 2 Nov if D-007/D-008 are live; EIC checks search terms Mondays)","Owned: welcome and reminder mail (C42/C43 email, live ~6 Nov) to A1-not-A2 members; no paid retargeting in 2026 unless EIC picks D-031 Option B on 5 Oct (27-RETARGETING)",None beyond the dev sprint (32-DEVELOPMENT-BACKLOG),"Vote, then see what everyone else picked",/forum (poll thread),F12 poll card (T-F12),"DS, ED, SC",7.0,P1,"Poll votes across Discord + X + Stories (sum, week over week); F10 page sessions",utm_campaign=c39-poll-of-the-week; utm_content=f12-2026w53,planned
2026-12-31,Thursday,2026w53,"Year-end, 2027 bridge / Year-end","Discovery: one game worth adding, plus the GTA 6 ledger","S1, S2, S4","'2026 on TechPlay: what we got right, what we got wrong' (EIC) | F05 Hidden Gem Thursday: 1000xRESIST (2024): a science-fiction story about memory (ED; editor pick, the /games/hidden-gems rail is not good enough to use unedited) | C34 Winter Sale picks refreshed | Reactive news slot: up to 3 pillar-filtered stories (P1–P5), slots 08:30, 14:30 and 19:00 CET per 13-SEO-CONTENT; no general tech or phones",F05: add the game's /games page to the Hidden Gems list page; F03: update 'Last updated' on /gta6/everything-we-know,F03 ledger update (news-eligible only when there is new information),"Headline for Discover: 'Hidden gem: 1000xRESIST'; 1200px+ 16:9 image, no text on image",F05 image post: «Hidden gem of the week: 1000xRESIST (2024): a science-fiction story about memory. Played it?»,"Groups slot (SC, 30 min): value-first participation per 06-FACEBOOK; no links in the first 30 days",Carousel 1080x1350: F03 'Confirmed or Rumour?' (odd weeks),"Story: today's top story, link sticker with UTM",No vertical today,No post,No long-form,No Short,No planned post; reactive news links only,No post,No post,"C47 helpful answers (SC 30 min, EIC/ED 15 min): r/Steam, r/pcmasterrace. Link TechPlay only when it is the best answer; log every comment in the Reddit sheet",F06 On This Day 09:00 #general: Buffy posts the top-rated result from /api/v1/games/on-this-day at 09:00 CET; SC swaps in a better-known title from the same list if one exists | F05 #recommendations: «Hidden gem of the week: 1000xRESIST (2024): a science-fiction story about memory. Played it? Tell us below.»,No send,Not live in 2026: C59 web push goes to the 1 Jan 2027 decision (32-DEVELOPMENT-BACKLOG); reminders go by email and the bell,Moderation queue under 24 h,No pitch today,None,None,"C56 Google Search, branded + tool terms only, no GTA game-name terms (from 2 Nov if D-007/D-008 are live; EIC checks search terms Mondays)","Owned: welcome and reminder mail (C42/C43 email, live ~6 Nov) to A1-not-A2 members; no paid retargeting in 2026 unless EIC picks D-031 Option B on 5 Oct (27-RETARGETING)",EIC: keep/kill review of experimental channels against 31-EXPERIMENTS thresholds; Q1 plan in 34-2027-BRIDGE,Add it to your library,/games/<hidden-gem slug>,F05 or F03 carousel (T-F05 / T-F03),"DS, ED, EIC, SC",10.0,P1,shelf_add from F05 pages; F03 ledger sessions from X/Reddit referrals,utm_campaign=c64-hidden-gem / c07-gta6-ledger; utm_content=f05-2026w53 / f03-2026w53,planned
