Date,Day,Week,Theme,Primary objective,Primary audience,Article / editorial,SEO,Google News,Google Discover angle,Facebook,Facebook Groups,Instagram,Stories,Reels,TikTok,YouTube,YouTube Shorts,X,Threads,Bluesky,Reddit,Discord,Newsletter,Push,Community,PR,Creator activity,Partnership activity,Paid campaign,Retargeting,Operations / product,CTA,Landing page,Creative,Owner,Estimated effort (h),Priority,KPI,Tracking,Status
2026-11-01,Sunday,2026w44,"Halloween, Switch 2 hub, Balkan Game Dev Census, first personalised email / Season 2 'Overdrive'; Fortnite season change (rumour)",Keep Discord alive with the weekly wrap,"S4, S10, S1","Fortnite: only if Epic confirms the new season; otherwise no article | F18 Games Like…: Games like Black Myth: Wukong: action games in the Phantom Blade Zero mould (ED, written Fri, scheduled) | Reactive news slot: up to 3 pillar-filtered stories (P1–P5), slots 08:30, 14:30 and 19:00 CET per 13-SEO-CONTENT; no general tech or phones",F18 page targets 'games like <title>' with list items linked to /games pages,No planned news piece; reactive news only (in the news sitemap),"Headline for Discover: 'Games like Black Myth: Wukong: action games in the Phantom Blade Zero mould'; 1200px+ 16:9 image, no text on image",F18 link post: 'Games like Black Myth: Wukong: action games in the Phantom Blade Zero mould',No slot today,No feed post,"F02 IG + FB Story 12:00 CET, 1080x1920: day number large + first sentence of: '18 days. GTA V came out in September 2013. GTA VI arrives 13 years later. On Wednesday we publish how long other series wait between numbered entries.' / link sticker /games/grand-theft-auto-vi",No vertical today,No post,No long-form,No Short,F02 09:00 CET (History): '18 days. GTA V came out in September 2013. GTA VI arrives 13 years later. On Wednesday we publish how long other series wait between numbered entries.' + https://techplay.gg/games/grand-theft-auto-vi?utm_source=x&utm_medium=organic-social&utm_campaign=c06-gta6-countdown&utm_content=f02-day18-post | F14: 'This week on TechPlay' thread (3 links),F02 09:00 CET: same post line as X,No post,"C47 helpful answers (SC 30 min, EIC/ED 15 min): r/truegaming (read, comment only if useful). Link TechPlay only when it is the best answer; log every comment in the Reddit sheet","F02 #gta6 09:05: Buffy embed '18 days to Vice City' with the post line, footer 'Source: DB' | F06 On This Day 09:00 #general: Buffy posts the top-rated result from /api/v1/games/on-this-day at 09:00 CET; SC swaps in a better-known title from the same list if one exists | C67 announcement: 'Season 2: Overdrive. New quests, same XP rules.' | C38: Game Club November pick: GTA VI (discussion 3 Dec) | F14 Buffy's Weekly Wrap 20:00 CET: member of the week, top 3 stories, next week's releases",No send,Not live (C59 ships 9 Nov),Moderation queue under 24 h,No pitch today,None,None,C56 Google Search branded + tool exact match running (EIC checks search terms Mondays),Owned: welcome sequence (C42) and alerts (C43) to registered-but-not-activated members,C67: Season 2 goes live if the dates in admin say 1 Nov (verify on 26 Oct; migrations disagree),See next week's releases,/calendar,F18 cover 1200x630,"ED, SC",1.5,P2,F14 recap clicks in Discord; F18 search clicks (28-day),utm_source=discord&utm_medium=community&utm_campaign=c36-road-to-500&utm_content=f14-2026w44,planned; verify before publishing (depends on unannounced info)
2026-11-02,Monday,2026w45,"Steam hub, WoW: Forever, Sequel Gap data, paid test starts (if gated) / Steam hub; paid social test (gated); PlayStation Stars ends",Turn release interest into reminders and follows,"S4, S1, S2, S10","C62: /steam hub live: sales calendar, Next Fest archive, Steam Movers, curator link (ED + DEV) | News: PlayStation Stars ends today, what happens to points (ED) | F01 Out This Week (2026w45), publish 08:30 CET: WoW: Forever (4 Nov), Stellar Blade Complete Edition + Guardians of the Galaxy + Edge of Memories (5 Nov), PS Plus renewal price change (6 Nov, verify with Sony), IEM Beijing (2–8 Nov). Every title links its /games page with 'Remind me' | F24 Verdict: Phantom Blade Zero (EIC) | F11 forum thread 'What are you playing?' | Reactive news slot: up to 3 pillar-filtered stories (P1–P5), slots 08:30, 14:30 and 19:00 CET per 13-SEO-CONTENT; no general tech or phones",/calendar: confirm this week's dates and platforms; fix any release_precision='day' mismatches found while writing F01,F01 Out This Week,"Headline for Discover: 'Out this week: WoW: Forever and the rest, with what each costs'; 1200px+ 16:9 image, no text on image",F01 link post 1200x630: 'Out this week' + one-line question 'Which one are you getting?',No slot today,"F01 carousel 1080x1350: cover 'Out this week' / one slide per game (art, date, platforms, price) / last slide 'Set reminders: link in bio'","F02 IG + FB Story 12:00 CET, 1080x1920: day number large + first sentence of: '17 days. The Stanier 1955 is in our vehicle guide, with its source.' / link sticker /gta6/vehicles [gate: C12 source; fallback: ""17 days. Pre-orders have been open since 25 June.""]","F01 vertical 30–40s: hook 'N games out this week, one worth clearing a weekend for' / one card per game / CTA 'Reminders at techplay.gg/calendar'","F01 vertical 30–40s: hook 'N games out this week, one worth clearing a weekend for' / one card per game / CTA 'Reminders at techplay.gg/calendar' (same edit, native captions, 3 hashtags max)",Community tab: poll 'Which one are you playing this week?' with the week's top 4 titles,"F01 vertical 30–40s: hook 'N games out this week, one worth clearing a weekend for' / one card per game / CTA 'Reminders at techplay.gg/calendar' (same edit, Shorts title ≤60 chars, no link in title)","F02 09:00 CET (Vehicle): '17 days. The Stanier 1955 is in our vehicle guide, with its source.' + https://techplay.gg/gta6/vehicles?utm_source=x&utm_medium=organic-social&utm_campaign=c06-gta6-countdown&utm_content=f02-day17-post [gate: C12 source; fallback: ""17 days. Pre-orders have been open since 25 June.""] | F01 thread 10:00 CET: one post per release with /games link?utm_source=x&utm_medium=organic-social&utm_campaign=c04-out-this-week&utm_content=f01-thread-2026w45",F02 09:00 CET: same post line as X | F11: 'Anyone going back to Azeroth for WoW: Forever?',F01 link post with the list in text,"C47 helpful answers (SC 30 min, EIC/ED 15 min): r/patientgamers, r/gaming (discussion answers). Link TechPlay only when it is the best answer; log every comment in the Reddit sheet","F02 #gta6 09:05: Buffy embed '17 days to Vice City' with the post line, footer 'Source: C12 row' | F06 On This Day 09:00 #general: Buffy posts the top-rated result from /api/v1/games/on-this-day at 09:00 CET; SC swaps in a better-known title from the same list if one exists | F11 thread in #general: 'Anyone going back to Azeroth for WoW: Forever?' | F01 embed in #releases",No send,Not live (C59 ships 9 Nov),F11 What Are You Playing? (C37),No pitch today,None,None,"C57 Meta flight 1 (US 18+, registration objective) only if D-031 pixel + consent shipped and C03 passed; otherwise postpone to 1 Dec | C56 Google Search branded + tool exact match running (EIC checks search terms Mondays) | C57 Meta registration test flight 1 (if gated)",Owned: email/Discord DM to A1-not-A2 members; paid retargeting only if D-031 consent-gated pixel is live (audiences in 27-RETARGETING),None beyond the dev sprint (32-DEVELOPMENT-BACKLOG),"Everything Steam, in one place",/steam,Campaign creative per 29-CREATIVE-BRIEFS for the day's campaign | F01 carousel + 1200x630 + vertical (DS template T-F01),"DEV, DS, ED, EIC, SC",13.0,P1,/steam sessions; C57 cost per verified registration (if running) | also: Remind-me clicks from F01 ÷ F01 sessions (cta_click cta_id=f01-remind); F11 replies,utm_campaign=c04-out-this-week; utm_content=f01-<asset>-2026w45,planned; verify before publishing (depends on unannounced info)
2026-11-03,Tuesday,2026w45,"Steam hub, WoW: Forever, Sequel Gap data, paid test starts (if gated)",Answer platform and access questions that people search,"S4, S1, S3, S5","F08 Where Can I Play It?: Stellar Blade Complete Edition and the 5 Nov ports: which platforms get what (ED) | F13 Steam Movers #6: post-Halloween chart (ED, short) | Reactive news slot: up to 3 pillar-filtered stories (P1–P5), slots 08:30, 14:30 and 19:00 CET per 13-SEO-CONTENT; no general tech or phones",F08 page: answer in the first 60 words; platform table; link to /games page and /calendar,No planned news piece; reactive news only (in the news sitemap),"Headline for Discover: 'Stellar Blade Complete Edition and the 5 Nov ports: which platforms get what'; 1200px+ 16:9 image, no text on image",F04 The Number image 1080x1350: 13 years: the longest gap between two mainline GTA games (C23 teaser).,"Groups slot (SC, 30 min): answer 2–3 questions in platform-owner or PC groups per the 06-FACEBOOK ladder; link only when it is the answer",F04 single 1080x1350: 13 years: the longest gap between two mainline GTA games (C23 teaser).,"F02 IG + FB Story 12:00 CET, 1080x1920: day number large + first sentence of: '16 days. Roxy: profile on the hub.' / link sticker /gta6/characters/roxy [gate: ED check + slug; fallback: —]",No vertical today,No post,No long-form,No Short,F02 09:00 CET (Character): '16 days. Roxy: profile on the hub.' + https://techplay.gg/gta6/characters/roxy?utm_source=x&utm_medium=organic-social&utm_campaign=c06-gta6-countdown&utm_content=f02-day16-post [gate: ED check + slug; fallback: —] | F04 The Number: 13 years: the longest gap between two mainline GTA games (C23 teaser). (source line in the image) | F15 Readiness Check 16:00 CET (US reset): Readiness Check: WoW: Forever launch day. Which version your character data comes from,F02 09:00 CET: same post line as X | F06 On This Day: 'Dragon Age: Origins launched on 3 Nov 2009.' + ask 'Did you play it at launch?' | F04: 13 years: the longest gap between two mainline GTA games (C23 teaser).,F04: 13 years: the longest gap between two mainline GTA games (C23 teaser).,"C47 helpful answers (SC 30 min, EIC/ED 15 min): r/wow, r/pcgaming. Link TechPlay only when it is the best answer; log every comment in the Reddit sheet","F02 #gta6 09:05: Buffy embed '16 days to Vice City' with the post line, footer 'Source: hub' | F06 On This Day 09:00 #general: Dragon Age: Origins launched on 3 Nov 2009. | F15 #wow: Readiness Check: WoW: Forever launch day. Which version your character data comes from + /wow-analyzer link | F13 Steam Movers post in #pc",No send,Not live (C59 ships 9 Nov),Moderation queue under 24 h,No pitch today,None,None,C56 Google Search branded + tool exact match running (EIC checks search terms Mondays) | C57 Meta registration test flight 1 (if gated),Owned: email/Discord DM to A1-not-A2 members; paid retargeting only if D-031 consent-gated pixel is live (audiences in 27-RETARGETING),None beyond the dev sprint (32-DEVELOPMENT-BACKLOG),Check where you can play it,/games/<slug> (from F08),F04 number card (T-F04),"DS, ED, SC",7.0,P1,"F08 search clicks (Search Console, page-level, 28-day); Analyzer runs from Discord (tool_run tool=wow, utm_source=discord)",utm_campaign=c65-franchises; utm_content=f04-2026w45 / f15-2026w45,planned
2026-11-04,Wednesday,2026w45,"Steam hub, WoW: Forever, Sequel Gap data, paid test starts (if gated) / WoW: Forever launch; PR: Sequel Gap Inflation",Get members talking and voting,"S4, S10, S8, S1","News: WoW: Forever is live (ED) | C23: 'Why GTA VI took 13 years: sequel gaps, measured' (EIC) | F12 Poll of the Week: Longest you've ever waited for a sequel? | F10 Worth It in 2026?: Which WoW should you play in 2026: retail, Classic or Forever? (ED) | F17 Sequel Gap Inflation published (C23): why GTA VI took 13 years, in data | Reactive news slot: up to 3 pillar-filtered stories (P1–P5), slots 08:30, 14:30 and 19:00 CET per 13-SEO-CONTENT; no general tech or phones","F10 page targets 'is <game> worth it 2026': verdict in the first paragraph, what changed since launch, price today",F17 Studio Watch (if news),"Headline for Discover: 'Which WoW should you play in 2026: retail, Classic or Forever?'; 1200px+ 16:9 image, no text on image",F12 question post: 'Longest you've ever waited for a sequel?' (reply to vote),No slot today,No feed post (poll lives in Stories),"F02 IG + FB Story 12:00 CET, 1080x1920: day number large + first sentence of: '15 days. GTA VI comes 13 years after GTA V. Across the series we checked, the usual gap between numbered entries is {median from C23} years. Data and method:' / link sticker /data/sequel-gap-2026 (new) [gate: C23 live; fallback: Day 35 line] | F12 poll sticker (2 options) on IG + FB Stories; result frame Thu","F02 GTA countdown vertical 20–25s: hook '15 days to GTA VI' / 15 days. GTA VI comes 13 years after GTA V. Across the series we checked, the usual gap between numbered entries is {median from C23} years. Data and method: / CTA 'Every confirmed fact: techplay.gg/gta6' (gate as in 19-GTA6 §6.2)","F02 GTA countdown vertical 20–25s: hook '15 days to GTA VI' / 15 days. GTA VI comes 13 years after GTA V. Across the series we checked, the usual gap between numbered entries is {median from C23} years. Data and method: / CTA 'Every confirmed fact: techplay.gg/gta6' (gate as in 19-GTA6 §6.2) (same edit, native captions, 3 hashtags max)",No long-form,"F02 GTA countdown vertical 20–25s: hook '15 days to GTA VI' / 15 days. GTA VI comes 13 years after GTA V. Across the series we checked, the usual gap between numbered entries is {median from C23} years. Data and method: / CTA 'Every confirmed fact: techplay.gg/gta6' (gate as in 19-GTA6 §6.2) (same edit, Shorts title ≤60 chars, no link in title)","F02 09:00 CET (PR): '15 days. GTA VI comes 13 years after GTA V. Across the series we checked, the usual gap between numbered entries is {median from C23} years. Data and method:' + https://techplay.gg/data/sequel-gap-2026 (new)?utm_source=x&utm_medium=organic-social&utm_campaign=c06-gta6-countdown&utm_content=f02-day15-post [gate: C23 live; fallback: Day 35 line] | F12 native poll: Longest you've ever waited for a sequel?",F02 09:00 CET: same post line as X | F12 as an open question: Longest you've ever waited for a sequel?,"F17: Sequel Gap Inflation published (C23): why GTA VI took 13 years, in data (industry audience)","C48: r/dataisbeautiful [OC] sequel-gap chart | C47 helpful answers (SC 30 min, EIC/ED 15 min): r/GTA6 (answers only; no self-posts). Link TechPlay only when it is the best answer; log every comment in the Reddit sheet","F02 #gta6 09:05: Buffy embed '15 days to Vice City' with the post line, footer 'Source: C23' | F06 On This Day 09:00 #general: Buffy posts the top-rated result from /api/v1/games/on-this-day at 09:00 CET; SC swaps in a better-known title from the same list if one exists | F12 native Discord poll (24 h): Longest you've ever waited for a sequel?",No send,Not live (C59 ships 9 Nov),F12 Poll (C39),"C23: pitch to GTA-heavy outlets (Dexerto, GamesRadar+, VGC) with the chart and a quote from EIC",None,"C55: Balkan partnerships: one outreach or follow-up (studio, A1 Adria League, regional outlet)",C56 Google Search branded + tool exact match running (EIC checks search terms Mondays) | C57 Meta registration test flight 1 (if gated),Owned: email/Discord DM to A1-not-A2 members; paid retargeting only if D-031 consent-gated pixel is live (audiences in 27-RETARGETING),None beyond the dev sprint (32-DEVELOPMENT-BACKLOG),See how long every sequel took,C23 data page,Campaign creative per 29-CREATIVE-BRIEFS for the day's campaign | F12 poll card (T-F12),"DS, ED, EIC, SC",13.0,P0,"Referring domains (30 days); r/dataisbeautiful post not removed; sessions from pitches | also: Poll votes across Discord + X + Stories (sum, week over week); F10 page sessions",utm_campaign=c39-poll-of-the-week; utm_content=f12-2026w45,planned
2026-11-05,Thursday,2026w45,"Steam hub, WoW: Forever, Sequel Gap data, paid test starts (if gated) / Stellar Blade Complete, Guardians of the Galaxy, Edge of Memories","Discovery: one game worth adding, plus the GTA 6 ledger","S4, S1, S2","Release-day roundup (ED) | F05 Hidden Gem Thursday: Heaven's Vault (2019): archaeology, a robot companion and a dead language to decode (ED; editor pick, the /games/hidden-gems rail is not good enough to use unedited) | F03 Confirmed or Rumour?: Ledger update: anything new on pre-load, file size or launch times | Reactive news slot: up to 3 pillar-filtered stories (P1–P5), slots 08:30, 14:30 and 19:00 CET per 13-SEO-CONTENT; no general tech or phones",F05: add the game's /games page to the Hidden Gems list page; F03: update 'Last updated' on /gta6/everything-we-know,F03 ledger update (news-eligible only when there is new information),"Headline for Discover: 'Hidden gem: Heaven's Vault'; 1200px+ 16:9 image, no text on image","F05 image post: 'Heaven's Vault (2019): archaeology, a robot companion and a dead language to decode' + 'Played it?'","Groups slot (SC, 30 min): value-first participation per 06-FACEBOOK; no links in the first 30 days",Carousel 1080x1350: F03 'Confirmed or Rumour?' (odd weeks),"F02 IG + FB Story 12:00 CET, 1080x1920: day number large + first sentence of: '14 days. Everything confirmed: 19 November; PS5 and Xbox Series X|S; $79.99 standard, $99.99 Ultimate; single-player at launch; no PC at launch; Vintage Vice City Pack with pre-orders.' / link sticker /gta6/everything-we-know",No vertical today,No post,No long-form,No Short,"F02 09:00 CET (Ledger): '14 days. Everything confirmed: 19 November; PS5 and Xbox Series X|S; $79.99 standard, $99.99 Ultimate; single-player at launch; no PC at launch; Vintage Vice City Pack with pre-orders.' + https://techplay.gg/gta6/everything-we-know?utm_source=x&utm_medium=organic-social&utm_campaign=c06-gta6-countdown&utm_content=f02-day14-post | F04 The Number: The median gap between sequels in TechPlay's series table, 2000s vs 2020s (C23, re-run on the day). | F03 thread: this week's ledger changes, each with its source link","F02 09:00 CET: same post line as X | F06 On This Day: 'Call of Duty 4: Modern Warfare launched on 5 Nov 2007, the series MW4 continues.' + ask 'Did you play it at launch?' | F04: The median gap between sequels in TechPlay's series table, 2000s vs 2020s (C23, re-run on the day).","F04: The median gap between sequels in TechPlay's series table, 2000s vs 2020s (C23, re-run on the day).","C47 helpful answers (SC 30 min, EIC/ED 15 min): r/Steam, r/pcmasterrace. Link TechPlay only when it is the best answer; log every comment in the Reddit sheet","F02 #gta6 09:05: Buffy embed '14 days to Vice City' with the post line, footer 'Source: G01–G07' | F06 On This Day 09:00 #general: Call of Duty 4: Modern Warfare launched on 5 Nov 2007, the series MW4 continues. | F05 #recommendations: Heaven's Vault (2019): archaeology, a robot companion and a dead language to decode",No send,Not live (C59 ships 9 Nov),"LinkedIn (EIC, Thu only): F04 The median gap between sequels in TechPlay's series table, 2000s vs 2020s (C23, re-run on the day).",No pitch today,C51: send one data point to a creator in the pipeline; log reply in the creator sheet,None,C56 Google Search branded + tool exact match running (EIC checks search terms Mondays) | C57 Meta registration test flight 1 (if gated),Owned: email/Discord DM to A1-not-A2 members; paid retargeting only if D-031 consent-gated pixel is live (audiences in 27-RETARGETING),None beyond the dev sprint (32-DEVELOPMENT-BACKLOG),Add it to your library,/games/<hidden-gem slug>,F05 or F03 carousel (T-F05 / T-F03),"DS, ED, SC",7.0,P1,shelf_add from F05 pages; F03 ledger sessions from X/Reddit referrals,utm_campaign=c64-hidden-gem / c07-gta6-ledger; utm_content=f05-2026w45 / f03-2026w45,planned
2026-11-06,Friday,2026w45,"Steam hub, WoW: Forever, Sequel Gap data, paid test starts (if gated) / PS Plus renewal price change (verify first)",Grow verified newsletter subscribers; publish one real PC fix,"S4, S3, S1, S10","Only if Sony confirms: 'PS Plus renewals: what you pay from today, by region' (ED) | F07 Fix It Friday: DirectX 12 'device removed' and 'device hung' errors: what they mean and fixes that work (ED; test every step on real hardware or cite the vendor doc) | Reactive news slot: up to 3 pillar-filtered stories (P1–P5), slots 08:30, 14:30 and 19:00 CET per 13-SEO-CONTENT; no general tech or phones",F07 guide goes into /guides/pc-fixes (after 12 Oct) with HowTo-style steps; link from related /games pages,No planned news piece; reactive news only (in the news sitemap),"Headline for Discover: 'DirectX 12 'device removed' and 'device hung' errors: what they mean and fixes that work'; 1200px+ 16:9 image, no text on image","F07 link post: the fix in one sentence, 'full steps' link",No slot today,"Stories: 'This week on TechPlay' 3 frames (top story, fix, newsletter sign-up link sticker)","F02 IG + FB Story 12:00 CET, 1080x1920: day number large + first sentence of: '13 days. The Hamlet water tower on our map matches the one in Homestead, Florida. Location data: map.gtadb.org.' / link sticker /gta6/map [gate: D-020 (a) + ED; fallback: ""13 days. The release-time page updates the moment Rockstar publishes unlock times.""]","F07 vertical 45–60s screen capture: hook 'If your game does this, try these 3 things' / steps on screen / CTA 'Full guide: techplay.gg/guides/pc-fixes'","F07 vertical 45–60s screen capture: hook 'If your game does this, try these 3 things' / steps on screen / CTA 'Full guide: techplay.gg/guides/pc-fixes' (same edit, native captions, 3 hashtags max)",No long-form,"F07 vertical 45–60s screen capture: hook 'If your game does this, try these 3 things' / steps on screen / CTA 'Full guide: techplay.gg/guides/pc-fixes' (same edit, Shorts title ≤60 chars, no link in title)","F02 09:00 CET (Location): '13 days. The Hamlet water tower on our map matches the one in Homestead, Florida. Location data: map.gtadb.org.' + https://techplay.gg/gta6/map?utm_source=x&utm_medium=organic-social&utm_campaign=c06-gta6-countdown&utm_content=f02-day13-post [gate: D-020 (a) + ED; fallback: ""13 days. The release-time page updates the moment Rockstar publishes unlock times.""] | F07: problem in one line + fix link",F02 09:00 CET: same post line as X | F07: 'What's the one PC fix you wish you'd known sooner?',No post,"C47 helpful answers (SC 30 min, EIC/ED 15 min): r/buildapc, r/pcgaming (fix questions). Link TechPlay only when it is the best answer; log every comment in the Reddit sheet","F02 #gta6 09:05: Buffy embed '13 days to Vice City' with the post line, footer 'Source: map row (clean)' | F06 On This Day 09:00 #general: Buffy posts the top-rated result from /api/v1/games/on-this-day at 09:00 CET; SC swaps in a better-known title from the same list if one exists | F07 #pc-help pin + newsletter link in #announcements","F21 The Save File, 15:00 CET: subject 'The Save File #6: Why GTA VI took 13 years, and which WoW to play now'",Not live (C59 ships 9 Nov),F19 Library Card: one member's Gamer DNA card (opt-in only),No pitch today,None,None,C56 Google Search branded + tool exact match running (EIC checks search terms Mondays) | C57 Meta registration test flight 1 (if gated),Owned: email/Discord DM to A1-not-A2 members; paid retargeting only if D-031 consent-gated pixel is live (audiences in 27-RETARGETING),None beyond the dev sprint (32-DEVELOPMENT-BACKLOG),Get The Save File every Friday,/newsletter (new),F07 cover 1200x630 + vertical (T-F07); newsletter header,"DS, ED, SC",8.0,P1,newsletter_verified per week; open→click rate of The Save File; F07 search clicks,utm_source=newsletter&utm_medium=email&utm_campaign=c40-save-file-2026w45,planned; verify before publishing (depends on unannounced info)
2026-11-07,Saturday,2026w45,"Steam hub, WoW: Forever, Sequel Gap data, paid test starts (if gated)",Evergreen search pages,"S4, S1, S2","F09 In Order: World of Warcraft expansions in order, Vanilla to Midnight (ED; C63) | F08 Where Can I Play It?: WoW: Forever: what you need to play it and what it costs (per Blizzard) (ED) | Reactive news slot: up to 3 pillar-filtered stories (P1–P5), slots 08:30, 14:30 and 19:00 CET per 13-SEO-CONTENT; no general tech or phones","F09 series page: ordered list with year and platform, 'where to start' answer first; link every entry to /games",No planned news piece; reactive news only (in the news sitemap),"Headline for Discover: 'World of Warcraft expansions in order, Vanilla to Midnight'; 1200px+ 16:9 image, no text on image","F09 link post: 'World of Warcraft expansions in order, Vanilla to Midnight'","Groups slot (SC, 20 min)","F09 carousel 1080x1350: World of Warcraft expansions in order, Vanilla to Midnight","F02 IG + FB Story 12:00 CET, 1080x1920: day number large + first sentence of: '12 days. Wyman: profile on the hub.' / link sticker /gta6/characters/wyman [gate: ED check + slug; fallback: —]","F09 vertical 45s: 'World of Warcraft expansions in order, Vanilla to Midnight in 45 seconds'","F09 vertical 45s: 'World of Warcraft expansions in order, Vanilla to Midnight in 45 seconds' (same edit, native captions, 3 hashtags max)",No long-form,"F09 vertical 45s: 'World of Warcraft expansions in order, Vanilla to Midnight in 45 seconds' (same edit, Shorts title ≤60 chars, no link in title)","F02 09:00 CET (Character): '12 days. Wyman: profile on the hub.' + https://techplay.gg/gta6/characters/wyman?utm_source=x&utm_medium=organic-social&utm_campaign=c06-gta6-countdown&utm_content=f02-day12-post [gate: ED check + slug; fallback: —] | F04 The Number: 57,630 studios in TechPlay's atlas (re-count on the day).","F02 09:00 CET: same post line as X | F04: 57,630 studios in TechPlay's atlas (re-count on the day).",No post,"C47 helpful answers (SC 30 min, EIC/ED 15 min): r/NintendoSwitch2, r/PS5, r/XboxSeriesX. Link TechPlay only when it is the best answer; log every comment in the Reddit sheet","F02 #gta6 09:05: Buffy embed '12 days to Vice City' with the post line, footer 'Source: hub' | F06 On This Day 09:00 #general: Buffy posts the top-rated result from /api/v1/games/on-this-day at 09:00 CET; SC swaps in a better-known title from the same list if one exists | Weekend: #gaming-night thread (SC schedules Fri)",No send,Not live (C59 ships 9 Nov),Moderation queue under 24 h,No pitch today,None,None,C56 Google Search branded + tool exact match running (EIC checks search terms Mondays) | C57 Meta registration test flight 1 (if gated),Owned: email/Discord DM to A1-not-A2 members; paid retargeting only if D-031 consent-gated pixel is live (audiences in 27-RETARGETING),None beyond the dev sprint (32-DEVELOPMENT-BACKLOG),Start with the right one,/games/series/<slug> or the F09 article,F09 carousel (T-F09),"ED, SC",4.0,P2,F09/F08 search clicks (28-day); shelf_add from series pages,utm_campaign=c63-in-order; utm_content=f09-2026w45,planned
2026-11-08,Sunday,2026w45,"Steam hub, WoW: Forever, Sequel Gap data, paid test starts (if gated)",Keep Discord alive with the weekly wrap,"S4, S10, S1","F18 Games Like…: Games like World of Warcraft: MMOs worth starting in 2026 (ED, written Fri, scheduled) | Reactive news slot: up to 3 pillar-filtered stories (P1–P5), slots 08:30, 14:30 and 19:00 CET per 13-SEO-CONTENT; no general tech or phones",F18 page targets 'games like <title>' with list items linked to /games pages,No planned news piece; reactive news only (in the news sitemap),"Headline for Discover: 'Games like World of Warcraft: MMOs worth starting in 2026'; 1200px+ 16:9 image, no text on image",F18 link post: 'Games like World of Warcraft: MMOs worth starting in 2026',No slot today,No feed post,"F02 IG + FB Story 12:00 CET, 1080x1920: day number large + first sentence of: '11 days. 36 weapons in our catalogue, each listed with where Rockstar showed it.' / link sticker /gta6/weapons [gate: every published weapon row sourced; fallback: ""11 days. Two trailers and one Extended Look: everything Rockstar has shown, in order.""]",No vertical today,No post,No long-form,No Short,"F02 09:00 CET (Weapons): '11 days. 36 weapons in our catalogue, each listed with where Rockstar showed it.' + https://techplay.gg/gta6/weapons?utm_source=x&utm_medium=organic-social&utm_campaign=c06-gta6-countdown&utm_content=f02-day11-post [gate: every published weapon row sourced; fallback: ""11 days. Two trailers and one Extended Look: everything Rockstar has shown, in order.""] | F14: 'This week on TechPlay' thread (3 links)",F02 09:00 CET: same post line as X | F06 On This Day: 'Death Stranding launched on 8 Nov 2019.' + ask 'Did you play it at launch?',No post,"C47 helpful answers (SC 30 min, EIC/ED 15 min): r/truegaming (read, comment only if useful). Link TechPlay only when it is the best answer; log every comment in the Reddit sheet","F02 #gta6 09:05: Buffy embed '11 days to Vice City' with the post line, footer 'Source: weapon rows' | F06 On This Day 09:00 #general: Death Stranding launched on 8 Nov 2019. | F14 Buffy's Weekly Wrap 20:00 CET: member of the week, top 3 stories, next week's releases",No send,Not live (C59 ships 9 Nov),Moderation queue under 24 h,No pitch today,None,None,C56 Google Search branded + tool exact match running (EIC checks search terms Mondays) | C57 Meta registration test flight 1 (if gated),Owned: email/Discord DM to A1-not-A2 members; paid retargeting only if D-031 consent-gated pixel is live (audiences in 27-RETARGETING),None beyond the dev sprint (32-DEVELOPMENT-BACKLOG),See next week's releases,/calendar,F18 cover 1200x630,"ED, SC",1.5,P2,F14 recap clicks in Discord; F18 search clicks (28-day),utm_source=discord&utm_medium=community&utm_campaign=c36-road-to-500&utm_content=f14-2026w45,planned
2026-11-09,Monday,2026w46,"GTA VI final run-up, MMO hub, $80 tracker, web push, YouTube pilot / Web push for reminders; Reddit paid test",Turn release interest into reminders and follows,"S4, S1, S2, S10","F01 Out This Week (2026w46), publish 08:30 CET: Pikmin 4 Switch 2 Edition + Metaphor: ReFantazio Switch 2 (12 Nov), LoL Worlds final (14 Nov), GTA VI in 10 days. Every title links its /games page with 'Remind me' | F24 Verdict: Enshrouded 1.0 (EIC) | F11 forum thread 'What are you playing?' | Reactive news slot: up to 3 pillar-filtered stories (P1–P5), slots 08:30, 14:30 and 19:00 CET per 13-SEO-CONTENT; no general tech or phones",/calendar: confirm this week's dates and platforms; fix any release_precision='day' mismatches found while writing F01,F01 Out This Week,"Headline for Discover: 'Out this week: Pikmin 4 Switch 2 Edition + Metaphor: ReFantazio Switch 2 and the rest, with what each costs'; 1200px+ 16:9 image, no text on image",F01 link post 1200x630: 'Out this week' + one-line question 'Which one are you getting?',No slot today,"F01 carousel 1080x1350: cover 'Out this week' / one slide per game (art, date, platforms, price) / last slide 'Set reminders: link in bio'","F02 IG + FB Story 12:00 CET, 1080x1920: day number large + first sentence of: '10 days. Two official trailers and ""An Extended Look"". Everything Rockstar has shown, in order, on the hub.' / link sticker /gta6#trailers","F01 vertical 30–40s: hook 'N games out this week, one worth clearing a weekend for' / one card per game / CTA 'Reminders at techplay.gg/calendar'","F01 vertical 30–40s: hook 'N games out this week, one worth clearing a weekend for' / one card per game / CTA 'Reminders at techplay.gg/calendar' (same edit, native captions, 3 hashtags max)",Community tab: poll 'Which one are you playing this week?' with the week's top 4 titles,"F01 vertical 30–40s: hook 'N games out this week, one worth clearing a weekend for' / one card per game / CTA 'Reminders at techplay.gg/calendar' (same edit, Shorts title ≤60 chars, no link in title)","F02 09:00 CET (Media): '10 days. Two official trailers and ""An Extended Look"". Everything Rockstar has shown, in order, on the hub.' + https://techplay.gg/gta6?utm_source=x&utm_medium=organic-social&utm_campaign=c06-gta6-countdown&utm_content=f02-day10-post#trailers | F01 thread 10:00 CET: one post per release with /games link?utm_source=x&utm_medium=organic-social&utm_campaign=c04-out-this-week&utm_content=f01-thread-2026w46",F02 09:00 CET: same post line as X | F06 On This Day: 'Halo 2 (2004) and God of War Ragnarök (2022) share today's date.' + ask 'Did you play it at launch?' | F11: 'Last week before GTA VI: what are you finishing first?',F01 link post with the list in text,"C47 helpful answers (SC 30 min, EIC/ED 15 min): r/patientgamers, r/gaming (discussion answers). Link TechPlay only when it is the best answer; log every comment in the Reddit sheet","F02 #gta6 09:05: Buffy embed '10 days to Vice City' with the post line, footer 'Source: hub, G08' | F06 On This Day 09:00 #general: Halo 2 (2004) and God of War Ragnarök (2022) share today's date. | F11 thread in #general: 'Last week before GTA VI: what are you finishing first?' | F01 embed in #releases",No send,Reminder pushes only: release-day alerts for followed games (reminder_delivered channel=push),F11 What Are You Playing? (C37),No pitch today,None,None,"C58 Reddit ads test: GTA 6 hub and WoW Analyzer, r/GTA6 + r/wow interest targeting, US 18+ (EIC/SC) | C56 Google Search branded + tool exact match running (EIC checks search terms Mondays) | C57 Meta registration test flight 1 (if gated) | C58 Reddit ads test",Owned: email/Discord DM to A1-not-A2 members; paid retargeting only if D-031 consent-gated pixel is live (audiences in 27-RETARGETING),C59 web push live: asked only after a user clicks 'Remind me' (DEV D-019),Remind me when it's out,/calendar,F01 carousel + 1200x630 + vertical (DS template T-F01),"DEV, DS, ED, EIC, SC",12.0,P1,Remind-me clicks from F01 ÷ F01 sessions (cta_click cta_id=f01-remind); F11 replies,utm_campaign=c04-out-this-week; utm_content=f01-<asset>-2026w46,planned
2026-11-10,Tuesday,2026w46,"GTA VI final run-up, MMO hub, $80 tracker, web push, YouTube pilot / MMO hub",Answer platform and access questions that people search,"S4, S1, S3, S5","C15: /mmo hub live: WoW (retail, Classic, Forever), FFXIV, GW2, Analyzer entry (ED + DEV) | F08 Where Can I Play It?: Metaphor: ReFantazio on Switch 2: what changes from the original (ED) | F13 Steam Movers #7 (ED, short) | Reactive news slot: up to 3 pillar-filtered stories (P1–P5), slots 08:30, 14:30 and 19:00 CET per 13-SEO-CONTENT; no general tech or phones",F08 page: answer in the first 60 words; platform table; link to /games page and /calendar,No planned news piece; reactive news only (in the news sitemap),"Headline for Discover: 'Metaphor: ReFantazio on Switch 2: what changes from the original'; 1200px+ 16:9 image, no text on image","F04 The Number image 1080x1350: The number of 2026 games priced at $79.99 or more (the $80 tracker, C24, published Wed 11 Nov).","Groups slot (SC, 30 min): answer 2–3 questions in platform-owner or PC groups per the 06-FACEBOOK ladder; link only when it is the answer","F04 single 1080x1350: The number of 2026 games priced at $79.99 or more (the $80 tracker, C24, published Wed 11 Nov).","F02 IG + FB Story 12:00 CET, 1080x1920: day number large + first sentence of: '9 days. You play as two people: Jason Duval and Lucia Caminos.' / link sticker /gta6/characters",No vertical today,No post,No long-form,No Short,"F02 09:00 CET (Protagonists): '9 days. You play as two people: Jason Duval and Lucia Caminos.' + https://techplay.gg/gta6/characters?utm_source=x&utm_medium=organic-social&utm_campaign=c06-gta6-countdown&utm_content=f02-day9-post | F04 The Number: The number of 2026 games priced at $79.99 or more (the $80 tracker, C24, published Wed 11 Nov). (source line in the image) | F15 Readiness Check 16:00 CET (US reset): Readiness Check + /mmo hub is live (10 Nov)","F02 09:00 CET: same post line as X | F06 On This Day: 'Fallout 4 (2015) and Xbox Series X|S (2020) both launched on 10 Nov.' + ask 'Did you play it at launch?' | F04: The number of 2026 games priced at $79.99 or more (the $80 tracker, C24, published Wed 11 Nov).","F04: The number of 2026 games priced at $79.99 or more (the $80 tracker, C24, published Wed 11 Nov).","C47 helpful answers (SC 30 min, EIC/ED 15 min): r/wow, r/pcgaming. Link TechPlay only when it is the best answer; log every comment in the Reddit sheet","F02 #gta6 09:05: Buffy embed '9 days to Vice City' with the post line, footer 'Source: hub' | F06 On This Day 09:00 #general: Fallout 4 (2015) and Xbox Series X|S (2020) both launched on 10 Nov. | F15 #wow: Readiness Check + /mmo hub is live (10 Nov) + /wow-analyzer link | F13 Steam Movers post in #pc",No send,Reminder pushes only: release-day alerts for followed games (reminder_delivered channel=push),Moderation queue under 24 h,No pitch today,None,None,C56 Google Search branded + tool exact match running (EIC checks search terms Mondays) | C57 Meta registration test flight 1 (if gated) | C58 Reddit ads test,Owned: email/Discord DM to A1-not-A2 members; paid retargeting only if D-031 consent-gated pixel is live (audiences in 27-RETARGETING),None beyond the dev sprint (32-DEVELOPMENT-BACKLOG),Check where you can play it,/games/<slug> (from F08),F04 number card (T-F04),"DEV, DS, ED, SC",10.0,P1,"F08 search clicks (Search Console, page-level, 28-day); Analyzer runs from Discord (tool_run tool=wow, utm_source=discord)",utm_campaign=c65-franchises; utm_content=f04-2026w46 / f15-2026w46,planned
2026-11-11,Wednesday,2026w46,"GTA VI final run-up, MMO hub, $80 tracker, web push, YouTube pilot / PR: The $80 Tracker",Get members talking and voting,"S4, S10, S8, S1","C24: /data/80-dollar-tracker (EIC/ED) | F12 Poll of the Week: GTA VI: Standard ($79.99) or Ultimate ($99.99)? | F10 Worth It in 2026?: Is the $99.99 GTA VI Ultimate Edition worth it? What's in it, per Rockstar (ED) | F17 The $80 Tracker published (C24) | Reactive news slot: up to 3 pillar-filtered stories (P1–P5), slots 08:30, 14:30 and 19:00 CET per 13-SEO-CONTENT; no general tech or phones","F10 page targets 'is <game> worth it 2026': verdict in the first paragraph, what changed since launch, price today",F17 Studio Watch (if news),"Headline for Discover: 'Is the $99.99 GTA VI Ultimate Edition worth it? What's in it, per Rockstar'; 1200px+ 16:9 image, no text on image",F12 question post: 'GTA VI: Standard ($79.99) or Ultimate ($99.99)?' (reply to vote),No slot today,No feed post (poll lives in Stories),"F02 IG + FB Story 12:00 CET, 1080x1920: day number large + first sentence of: '8 days. $79.99 for the standard edition. Today we published the $80 Tracker: how many of 2026's big releases launched at that price.' / link sticker C24 page [gate: C24 live; fallback: Day 47 line] | F12 poll sticker (2 options) on IG + FB Stories; result frame Thu",F02 GTA countdown vertical 20–25s: hook '8 days to GTA VI' / 8 days. $79.99 for the standard edition. Today we published the $80 Tracker: how many of 2026's big releases launched at that price. / CTA 'Every confirmed fact: techplay.gg/gta6' (gate as in 19-GTA6 §6.2),"F02 GTA countdown vertical 20–25s: hook '8 days to GTA VI' / 8 days. $79.99 for the standard edition. Today we published the $80 Tracker: how many of 2026's big releases launched at that price. / CTA 'Every confirmed fact: techplay.gg/gta6' (gate as in 19-GTA6 §6.2) (same edit, native captions, 3 hashtags max)",No long-form,"F02 GTA countdown vertical 20–25s: hook '8 days to GTA VI' / 8 days. $79.99 for the standard edition. Today we published the $80 Tracker: how many of 2026's big releases launched at that price. / CTA 'Every confirmed fact: techplay.gg/gta6' (gate as in 19-GTA6 §6.2) (same edit, Shorts title ≤60 chars, no link in title)",F02 09:00 CET (Price): '8 days. $79.99 for the standard edition. Today we published the $80 Tracker: how many of 2026's big releases launched at that price.' + https://techplay.gg/gta6?utm_source=x&utm_medium=organic-social&utm_campaign=c06-gta6-countdown&utm_content=f02-day8-post [gate: C24 live; fallback: Day 47 line] | F12 native poll: GTA VI: Standard ($79.99) or Ultimate ($99.99)?,F02 09:00 CET: same post line as X | F06 On This Day: 'The Elder Scrolls V: Skyrim launched on 11 Nov 2011 (15 years).' + ask 'Did you play it at launch?' | F12 as an open question: GTA VI: Standard ($79.99) or Ultimate ($99.99)?,F17: The $80 Tracker published (C24) (industry audience),"C47 helpful answers (SC 30 min, EIC/ED 15 min): r/GTA6 (answers only; no self-posts). Link TechPlay only when it is the best answer; log every comment in the Reddit sheet","F02 #gta6 09:05: Buffy embed '8 days to Vice City' with the post line, footer 'Source: G04, C24' | F06 On This Day 09:00 #general: The Elder Scrolls V: Skyrim launched on 11 Nov 2011 (15 years). | F12 native Discord poll (24 h): GTA VI: Standard ($79.99) or Ultimate ($99.99)?",No send,Reminder pushes only: release-day alerts for followed games (reminder_delivered channel=push),F12 Poll (C39),"C24: pitch to consumer and deals desks: 'every 2026 game at $79.99 or more, and who blinked'",None,"C55: Balkan partnerships: one outreach or follow-up (studio, A1 Adria League, regional outlet)",C56 Google Search branded + tool exact match running (EIC checks search terms Mondays) | C57 Meta registration test flight 1 (if gated) | C58 Reddit ads test,Owned: email/Discord DM to A1-not-A2 members; paid retargeting only if D-031 consent-gated pixel is live (audiences in 27-RETARGETING),None beyond the dev sprint (32-DEVELOPMENT-BACKLOG),See which games cost $80 or more,/data/80-dollar-tracker,Campaign creative per 29-CREATIVE-BRIEFS for the day's campaign | F12 poll card (T-F12),"DS, ED, EIC, SC",12.0,P0,"Referring domains (30 days); sessions from deals desks | also: Poll votes across Discord + X + Stories (sum, week over week); F10 page sessions",utm_campaign=c39-poll-of-the-week; utm_content=f12-2026w46,planned
2026-11-12,Thursday,2026w46,"GTA VI final run-up, MMO hub, $80 tracker, web push, YouTube pilot / YouTube: Every GTA game in order; Switch 2 editions","Discovery: one game worth adding, plus the GTA 6 ledger","S4, S1, S2","News: Pikmin 4 Switch 2 Edition + Metaphor: ReFantazio Switch 2 are out (ED) | F05 Hidden Gem Thursday: Jusant (2023): a climbing game with no combat and a lot of quiet (ED; editor pick, the /games/hidden-gems rail is not good enough to use unedited) | F03 Confirmed or Rumour?: Ledger update: final pre-launch pass, every open rumour marked | Reactive news slot: up to 3 pillar-filtered stories (P1–P5), slots 08:30, 14:30 and 19:00 CET per 13-SEO-CONTENT; no general tech or phones",F05: add the game's /games page to the Hidden Gems list page; F03: update 'Last updated' on /gta6/everything-we-know,F03 ledger update (news-eligible only when there is new information),"Headline for Discover: 'Hidden gem: Jusant'; 1200px+ 16:9 image, no text on image",F05 image post: 'Jusant (2023): a climbing game with no combat and a lot of quiet' + 'Played it?',"Groups slot (SC, 30 min): value-first participation per 06-FACEBOOK; no links in the first 30 days",Carousel 1080x1350: F05 Hidden Gem: Jusant (even weeks),"F02 IG + FB Story 12:00 CET, 1080x1920: day number large + first sentence of: '7 days. One week. New video: every mainline GTA in release order, before VI.' / link sticker YouTube + /games/grand-theft-auto-vi [gate: C50 live; fallback: ""7 days. One week. This week's ledger update is up.""]",No vertical today,No post,"C50 long-form pilot: 'Every GTA game in order before VI' (12–15 min, voice-over, chapters per game)",No Short,"F02 09:00 CET (Series): '7 days. One week. New video: every mainline GTA in release order, before VI.' + https://techplay.gg/gta6?utm_source=x&utm_medium=organic-social&utm_campaign=c06-gta6-countdown&utm_content=f02-day7-post [gate: C50 live; fallback: ""7 days. One week. This week's ledger update is up.""] | F04 The Number: $79.99: GTA VI's standard price, and where it sits in the $80 tracker. | F03 thread: this week's ledger changes, each with its source link","F02 09:00 CET: same post line as X | F06 On This Day: 'PS5 launched in North America on 12 Nov 2020.' + ask 'Did you play it at launch?' | F04: $79.99: GTA VI's standard price, and where it sits in the $80 tracker.","F04: $79.99: GTA VI's standard price, and where it sits in the $80 tracker.","C47 helpful answers (SC 30 min, EIC/ED 15 min): r/Steam, r/pcmasterrace. Link TechPlay only when it is the best answer; log every comment in the Reddit sheet","F02 #gta6 09:05: Buffy embed '7 days to Vice City' with the post line, footer 'Source: C50' | F06 On This Day 09:00 #general: PS5 launched in North America on 12 Nov 2020. | F05 #recommendations: Jusant (2023): a climbing game with no combat and a lot of quiet",No send,Reminder pushes only: release-day alerts for followed games (reminder_delivered channel=push),"LinkedIn (EIC, Thu only): F04 $79.99: GTA VI's standard price, and where it sits in the $80 tracker.",No pitch today,C51: send one data point to a creator in the pipeline; log reply in the creator sheet,None,C56 Google Search branded + tool exact match running (EIC checks search terms Mondays) | C57 Meta registration test flight 1 (if gated) | C58 Reddit ads test,Owned: email/Discord DM to A1-not-A2 members; paid retargeting only if D-031 consent-gated pixel is live (audiences in 27-RETARGETING),None beyond the dev sprint (32-DEVELOPMENT-BACKLOG),Watch: every GTA game in order,YouTube video + /gta6,Campaign creative per 29-CREATIVE-BRIEFS for the day's campaign | F05 or F03 carousel (T-F05 / T-F03),"DS, ED, SC",13.0,P0,YouTube views at 7 days; average view duration; clicks to /gta6 from the description (utm_source=youtube) | also: shelf_add from F05 pages; F03 ledger sessions from X/Reddit referrals,utm_campaign=c64-hidden-gem / c07-gta6-ledger; utm_content=f05-2026w46 / f03-2026w46,planned
2026-11-13,Friday,2026w46,"GTA VI final run-up, MMO hub, $80 tracker, web push, YouTube pilot / Pre-launch Save File",Grow verified newsletter subscribers; publish one real PC fix,"S4, S3, S1, S10","F07 Fix It Friday: PS5 and Xbox storage: freeing space before GTA VI pre-loads (file size once platforms list it) (ED; test every step on real hardware or cite the vendor doc) | Reactive news slot: up to 3 pillar-filtered stories (P1–P5), slots 08:30, 14:30 and 19:00 CET per 13-SEO-CONTENT; no general tech or phones",F07 guide goes into /guides/pc-fixes (after 12 Oct) with HowTo-style steps; link from related /games pages,No planned news piece; reactive news only (in the news sitemap),"Headline for Discover: 'PS5 and Xbox storage: freeing space before GTA VI pre-loads (file size once platforms list it)'; 1200px+ 16:9 image, no text on image","F07 link post: the fix in one sentence, 'full steps' link",No slot today,"Stories: 'This week on TechPlay' 3 frames (top story, fix, newsletter sign-up link sticker)","F02 IG + FB Story 12:00 CET, 1080x1920: day number large + first sentence of: '6 days. The blimp over the Leonida Keys matches the real one at Cudjoe Key. Location data: map.gtadb.org.' / link sticker /gta6/map [gate: D-020 (a) + ED; fallback: ""6 days. GTA VI: The Album comes out with the game.""]","F07 vertical 45–60s screen capture: hook 'If your game does this, try these 3 things' / steps on screen / CTA 'Full guide: techplay.gg/guides/pc-fixes'","F07 vertical 45–60s screen capture: hook 'If your game does this, try these 3 things' / steps on screen / CTA 'Full guide: techplay.gg/guides/pc-fixes' (same edit, native captions, 3 hashtags max)",No long-form,"F07 vertical 45–60s screen capture: hook 'If your game does this, try these 3 things' / steps on screen / CTA 'Full guide: techplay.gg/guides/pc-fixes' (same edit, Shorts title ≤60 chars, no link in title)","F02 09:00 CET (Location): '6 days. The blimp over the Leonida Keys matches the real one at Cudjoe Key. Location data: map.gtadb.org.' + https://techplay.gg/gta6/map?utm_source=x&utm_medium=organic-social&utm_campaign=c06-gta6-countdown&utm_content=f02-day6-post [gate: D-020 (a) + ED; fallback: ""6 days. GTA VI: The Album comes out with the game.""] | F07: problem in one line + fix link",F02 09:00 CET: same post line as X | F06 On This Day: 'Metal Gear Solid 2 reached North America on 13 Nov 2001 (25 years).' + ask 'Did you play it at launch?' | F07: 'What's the one PC fix you wish you'd known sooner?',No post,"C47 helpful answers (SC 30 min, EIC/ED 15 min): r/buildapc, r/pcgaming (fix questions). Link TechPlay only when it is the best answer; log every comment in the Reddit sheet","F02 #gta6 09:05: Buffy embed '6 days to Vice City' with the post line, footer 'Source: map row (clean)' | F06 On This Day 09:00 #general: Metal Gear Solid 2 reached North America on 13 Nov 2001 (25 years). | F07 #pc-help pin + newsletter link in #announcements","The Save File #7 is the GTA VI prep edition: release-time tool, storage fix, editions, ledger | F21 The Save File, 15:00 CET: subject 'The Save File #7: 7 days. Everything you need before GTA VI'",Reminder pushes only: release-day alerts for followed games (reminder_delivered channel=push),F19 Library Card: one member's Gamer DNA card (opt-in only),No pitch today,None,None,C56 Google Search branded + tool exact match running (EIC checks search terms Mondays) | C57 Meta registration test flight 1 (if gated) | C58 Reddit ads test,Owned: email/Discord DM to A1-not-A2 members; paid retargeting only if D-031 consent-gated pixel is live (audiences in 27-RETARGETING),None beyond the dev sprint (32-DEVELOPMENT-BACKLOG),Get The Save File every Friday,/newsletter (new),F07 cover 1200x630 + vertical (T-F07); newsletter header,"DS, ED, SC",8.0,P1,newsletter_verified per week; open→click rate of The Save File; F07 search clicks,utm_source=newsletter&utm_medium=email&utm_campaign=c40-save-file-2026w46,planned
2026-11-14,Saturday,2026w46,"GTA VI final run-up, MMO hub, $80 tracker, web push, YouTube pilot / LoL Worlds final (one results item only if an owner exists)",Evergreen search pages,"S4, S1, S2","F09 In Order: Grand Theft Auto in order: every mainline game, 1997 to VI (ED; C63) | F08 Where Can I Play It?: GTA VI on 19 Nov: PS5 and Xbox Series X|S only. No PC, no Switch 2, no Online at launch (ED) | Reactive news slot: up to 3 pillar-filtered stories (P1–P5), slots 08:30, 14:30 and 19:00 CET per 13-SEO-CONTENT; no general tech or phones","F09 series page: ordered list with year and platform, 'where to start' answer first; link every entry to /games",No planned news piece; reactive news only (in the news sitemap),"Headline for Discover: 'Grand Theft Auto in order: every mainline game, 1997 to VI'; 1200px+ 16:9 image, no text on image","F09 link post: 'Grand Theft Auto in order: every mainline game, 1997 to VI'","Groups slot (SC, 20 min)","F09 carousel 1080x1350: Grand Theft Auto in order: every mainline game, 1997 to VI","F02 IG + FB Story 12:00 CET, 1080x1920: day number large + first sentence of: '5 days. Own an Xbox Series S? It's on the list: PS5, Xbox Series X and Xbox Series S.' / link sticker /gta6/release-time",F09 vertical 45s: 'Grand Theft Auto in order in 45 seconds',"F09 vertical 45s: 'Grand Theft Auto in order in 45 seconds' (same edit, native captions, 3 hashtags max)",No long-form,"F09 vertical 45s: 'Grand Theft Auto in order in 45 seconds' (same edit, Shorts title ≤60 chars, no link in title)","F02 09:00 CET (Platform): '5 days. Own an Xbox Series S? It's on the list: PS5, Xbox Series X and Xbox Series S.' + https://techplay.gg/gta6/release-time?utm_source=x&utm_medium=organic-social&utm_campaign=c06-gta6-countdown&utm_content=f02-day5-post | F04 The Number: 5 days to GTA VI.",F02 09:00 CET: same post line as X | F06 On This Day: 'Call of Duty: Black Ops 7 turns one.' + ask 'Did you play it at launch?' | F04: 5 days to GTA VI.,No post,"C47 helpful answers (SC 30 min, EIC/ED 15 min): r/NintendoSwitch2, r/PS5, r/XboxSeriesX. Link TechPlay only when it is the best answer; log every comment in the Reddit sheet","F02 #gta6 09:05: Buffy embed '5 days to Vice City' with the post line, footer 'Source: G02' | F06 On This Day 09:00 #general: Call of Duty: Black Ops 7 turns one. | Weekend: #gaming-night thread (SC schedules Fri)",No send,Reminder pushes only: release-day alerts for followed games (reminder_delivered channel=push),Moderation queue under 24 h,No pitch today,None,None,C56 Google Search branded + tool exact match running (EIC checks search terms Mondays) | C57 Meta registration test flight 1 (if gated) | C58 Reddit ads test,Owned: email/Discord DM to A1-not-A2 members; paid retargeting only if D-031 consent-gated pixel is live (audiences in 27-RETARGETING),None beyond the dev sprint (32-DEVELOPMENT-BACKLOG),Start with the right one,/games/series/<slug> or the F09 article,F09 carousel (T-F09),"ED, SC",4.0,P2,F09/F08 search clicks (28-day); shelf_add from series pages,utm_campaign=c63-in-order; utm_content=f09-2026w46,planned
2026-11-15,Sunday,2026w46,"GTA VI final run-up, MMO hub, $80 tracker, web push, YouTube pilot",Keep Discord alive with the weekly wrap,"S4, S10, S1","F18 Games Like…: Games like GTA for PC players (no PC version at launch) (ED, written Fri, scheduled) | Reactive news slot: up to 3 pillar-filtered stories (P1–P5), slots 08:30, 14:30 and 19:00 CET per 13-SEO-CONTENT; no general tech or phones",F18 page targets 'games like <title>' with list items linked to /games pages,No planned news piece; reactive news only (in the news sitemap),"Headline for Discover: 'Games like GTA for PC players (no PC version at launch)'; 1200px+ 16:9 image, no text on image",F18 link post: 'Games like GTA for PC players (no PC version at launch)',No slot today,No feed post,"F02 IG + FB Story 12:00 CET, 1080x1920: day number large + first sentence of: '4 days. Pre-load and download size: {official figures, per platform}. / Rockstar hasn't published pre-load details yet; our release-time page updates when it does.' / link sticker /gta6/release-time [gate: official; fallback: second sentence only]",No vertical today,No post,No long-form,No Short,"F02 09:00 CET (Pre-load): '4 days. Pre-load and download size: {official figures, per platform}. / Rockstar hasn't published pre-load details yet; our release-time page updates when it does.' + https://techplay.gg/gta6/release-time?utm_source=x&utm_medium=organic-social&utm_campaign=c06-gta6-countdown&utm_content=f02-day4-post [gate: official; fallback: second sentence only] | F14: 'This week on TechPlay' thread (3 links)",F02 09:00 CET: same post line as X | F06 On This Day: 'Halo: Combat Evolved and the original Xbox launched on 15 Nov 2001 (25 years).' + ask 'Did you play it at launch?',No post,"C47 helpful answers (SC 30 min, EIC/ED 15 min): r/truegaming (read, comment only if useful). Link TechPlay only when it is the best answer; log every comment in the Reddit sheet","F02 #gta6 09:05: Buffy embed '4 days to Vice City' with the post line, footer 'Source: official' | F06 On This Day 09:00 #general: Halo: Combat Evolved and the original Xbox launched on 15 Nov 2001 (25 years). | F14 Buffy's Weekly Wrap 20:00 CET: member of the week, top 3 stories, next week's releases",No send,Reminder pushes only: release-day alerts for followed games (reminder_delivered channel=push),Moderation queue under 24 h,No pitch today,None,None,C56 Google Search branded + tool exact match running (EIC checks search terms Mondays) | C57 Meta registration test flight 1 (if gated) | C58 Reddit ads test,Owned: email/Discord DM to A1-not-A2 members; paid retargeting only if D-031 consent-gated pixel is live (audiences in 27-RETARGETING),None beyond the dev sprint (32-DEVELOPMENT-BACKLOG),See next week's releases,/calendar,F18 cover 1200x630,"ED, SC",1.5,P2,F14 recap clicks in Discord; F18 search clicks (28-day),utm_source=discord&utm_medium=community&utm_campaign=c36-road-to-500&utm_content=f14-2026w46,planned
2026-11-16,Monday,2026w47,GTA VI launch week / GTA VI launch week begins (C10),Turn release interest into reminders and follows,"S4, S1, S2, S10","C10: 'GTA VI launch week: what happens when' (unlock times only as published by Rockstar/platforms) | F01 Out This Week (2026w47), publish 08:30 CET: GTA VI (19 Nov), GTA VI: The Album (19 Nov), GTA VI DualSense (19 Nov, reported), Steam Auto-Battler RPG Fest (16–23 Nov). Every title links its /games page with 'Remind me' | F24 Verdict: Metaphor: ReFantazio on Switch 2 (EIC) | F11 forum thread 'What are you playing?' | Reactive news slot: up to 3 pillar-filtered stories (P1–P5), slots 08:30, 14:30 and 19:00 CET per 13-SEO-CONTENT; no general tech or phones",/calendar: confirm this week's dates and platforms; fix any release_precision='day' mismatches found while writing F01,F01 Out This Week,"Headline for Discover: 'Out this week: GTA VI and the rest, with what each costs'; 1200px+ 16:9 image, no text on image",F01 link post 1200x630: 'Out this week' + one-line question 'Which one are you getting?',No slot today,"F01 carousel 1080x1350: cover 'Out this week' / one slide per game (art, date, platforms, price) / last slide 'Set reminders: link in bio'","F02 IG + FB Story 12:00 CET, 1080x1920: day number large + first sentence of: '3 days. Launch week. Unlock times by region: {official}. / Unlock times aren't published yet; set a reminder and we'll send them.' / link sticker /gta6/release-time [gate: official; fallback: second sentence only]","C10 vertical: 'GTA VI launch week: the 4 dates that matter this week' (release, album, reminder tool, Discord event) | F01 vertical 30–40s: hook 'N games out this week, one worth clearing a weekend for' / one card per game / CTA 'Reminders at techplay.gg/calendar'","C10 vertical: 'GTA VI launch week: the 4 dates that matter this week' (release, album, reminder tool, Discord event) | F01 vertical 30–40s: hook 'N games out this week, one worth clearing a weekend for' / one card per game / CTA 'Reminders at techplay.gg/calendar' (same edit, native captions, 3 hashtags max)",Community tab: poll 'Which one are you playing this week?' with the week's top 4 titles,"C10 vertical: 'GTA VI launch week: the 4 dates that matter this week' (release, album, reminder tool, Discord event) | F01 vertical 30–40s: hook 'N games out this week, one worth clearing a weekend for' / one card per game / CTA 'Reminders at techplay.gg/calendar' (same edit, Shorts title ≤60 chars, no link in title)",F02 09:00 CET (Unlock): '3 days. Launch week. Unlock times by region: {official}. / Unlock times aren't published yet; set a reminder and we'll send them.' + https://techplay.gg/gta6/release-time?utm_source=x&utm_medium=organic-social&utm_campaign=c06-gta6-countdown&utm_content=f02-day3-post [gate: official; fallback: second sentence only] | F01 thread 10:00 CET: one post per release with /games link?utm_source=x&utm_medium=organic-social&utm_campaign=c04-out-this-week&utm_content=f01-thread-2026w47,F02 09:00 CET: same post line as X | F06 On This Day: 'Half-Life 2 launched on 16 Nov 2004.' + ask 'Did you play it at launch?' | F11: 'Launch week. Who's taking the day off?',F01 link post with the list in text,"r/GTA6: answer launch questions (unlock time, pre-load, storage) with sourced replies; link the release-time tool only when asked | C47 helpful answers (SC 30 min, EIC/ED 15 min): r/patientgamers, r/gaming (discussion answers). Link TechPlay only when it is the best answer; log every comment in the Reddit sheet","F02 #gta6 09:05: Buffy embed '3 days to Vice City' with the post line, footer 'Source: official' | F06 On This Day 09:00 #general: Half-Life 2 launched on 16 Nov 2004. | C10: Discord Scheduled Event 'GTA VI launch night' created, start = confirmed unlock time | F11 thread in #general: 'Launch week. Who's taking the day off?' | F01 embed in #releases",No send,Reminder pushes only: release-day alerts for followed games (reminder_delivered channel=push),F11 What Are You Playing? (C37),No pitch today,None,None,C56 Google Search branded + tool exact match running (EIC checks search terms Mondays) | C57 Meta registration test flight 1 (if gated) | C58 Reddit ads test,Owned: email/Discord DM to A1-not-A2 members; paid retargeting only if D-031 consent-gated pixel is live (audiences in 27-RETARGETING) | GTA 6 hub visitors (30 days) → map tracker message,None beyond the dev sprint (32-DEVELOPMENT-BACKLOG),Set your reminder for your time zone,/gta6/release-time,Campaign creative per 29-CREATIVE-BRIEFS for the day's campaign | F01 carousel + 1200x630 + vertical (DS template T-F01),"DS, ED, EIC, SC",13.0,P0,reminder_set per day during launch week; Discord event RSVPs | also: Remind-me clicks from F01 ÷ F01 sessions (cta_click cta_id=f01-remind); F11 replies,utm_campaign=c04-out-this-week; utm_content=f01-<asset>-2026w47,planned
2026-11-17,Tuesday,2026w47,GTA VI launch week / GTA VI pre-load (if platforms publish it),Answer platform and access questions that people search,"S4, S1, S3, S5","If published: 'GTA VI pre-load is live: file size and how to start it on PS5 and Xbox' (ED) | F08 Where Can I Play It?: GTA VI: PS5 vs Xbox Series X vs Series S, what's confirmed about each version (ED) | F13 Steam Movers #8: what PC players did in GTA VI week (ED, short) | Reactive news slot: up to 3 pillar-filtered stories (P1–P5), slots 08:30, 14:30 and 19:00 CET per 13-SEO-CONTENT; no general tech or phones",F08 page: answer in the first 60 words; platform table; link to /games page and /calendar,No planned news piece; reactive news only (in the news sitemap),"Headline for Discover: 'GTA VI: PS5 vs Xbox Series X vs Series S, what's confirmed about each version'; 1200px+ 16:9 image, no text on image",F04 The Number image 1080x1350: 3 days to GTA VI.,"Groups slot (SC, 30 min): answer 2–3 questions in platform-owner or PC groups per the 06-FACEBOOK ladder; link only when it is the answer",F04 single 1080x1350: 3 days to GTA VI.,"F02 IG + FB Story 12:00 CET, 1080x1920: day number large + first sentence of: '2 days. On PC? Nothing has changed: no PC version at launch and no PC date.' / link sticker /gta6/everything-we-know#platforms-pc",C10 vertical: 'Free up space before GTA VI: PS5 and Xbox in 40 seconds' (screen capture),C10 vertical: 'Free up space before GTA VI: PS5 and Xbox in 40 seconds' (screen capture),No long-form,C10 vertical: 'Free up space before GTA VI: PS5 and Xbox in 40 seconds' (screen capture),F02 09:00 CET (PC): '2 days. On PC? Nothing has changed: no PC version at launch and no PC date.' + https://techplay.gg/gta6/everything-we-know?utm_source=x&utm_medium=organic-social&utm_campaign=c06-gta6-countdown&utm_content=f02-day2-post#platforms-pc | F04 The Number: 3 days to GTA VI. (source line in the image) | F15 Readiness Check 16:00 CET (US reset): Readiness Check (light week),F02 09:00 CET: same post line as X | F06 On This Day: 'Metroid Prime (2002) and Left 4 Dead (2008) share today's date.' + ask 'Did you play it at launch?' | F04: 3 days to GTA VI.,F04: 3 days to GTA VI.,"r/GTA6: answer launch questions (unlock time, pre-load, storage) with sourced replies; link the release-time tool only when asked | C47 helpful answers (SC 30 min, EIC/ED 15 min): r/wow, r/pcgaming. Link TechPlay only when it is the best answer; log every comment in the Reddit sheet","F02 #gta6 09:05: Buffy embed '2 days to Vice City' with the post line, footer 'Source: G06' | F06 On This Day 09:00 #general: Metroid Prime (2002) and Left 4 Dead (2008) share today's date. | F15 #wow: Readiness Check (light week) + /wow-analyzer link | F13 Steam Movers post in #pc",No send,Reminder pushes only: release-day alerts for followed games (reminder_delivered channel=push),Moderation queue under 24 h,No pitch today,None,None,C56 Google Search branded + tool exact match running (EIC checks search terms Mondays) | C57 Meta registration test flight 1 (if gated) | C58 Reddit ads test,Owned: email/Discord DM to A1-not-A2 members; paid retargeting only if D-031 consent-gated pixel is live (audiences in 27-RETARGETING) | GTA 6 hub visitors (30 days) → map tracker message,None beyond the dev sprint (32-DEVELOPMENT-BACKLOG),Check your storage before the pre-load,Fix It Friday storage guide + pre-load news,Campaign creative per 29-CREATIVE-BRIEFS for the day's campaign | F04 number card (T-F04),"DS, ED, SC",9.0,P0,"Pre-load article sessions; reminder_set | also: F08 search clicks (Search Console, page-level, 28-day); Analyzer runs from Discord (tool_run tool=wow, utm_source=discord)",utm_campaign=c65-franchises; utm_content=f04-2026w47 / f15-2026w47,planned; verify before publishing (depends on unannounced info)
2026-11-18,Wednesday,2026w47,GTA VI launch week / Launch eve; TGA prediction league opens,Get members talking and voting,"S4, S10, S8, S1","'GTA VI: everything confirmed the night before launch' (ledger final pass) (ED) | F12 Poll of the Week: Launch night: are you playing at unlock or next morning? | F17 Studio Watch: skipped unless news breaks | Reactive news slot: up to 3 pillar-filtered stories (P1–P5), slots 08:30, 14:30 and 19:00 CET per 13-SEO-CONTENT; no general tech or phones","F10 page targets 'is <game> worth it 2026': verdict in the first paragraph, what changed since launch, price today",F17 Studio Watch (if news),"Headline for Discover: 'Poll result + the story behind it'; 1200px+ 16:9 image, no text on image",F12 question post: 'Launch night: are you playing at unlock or next morning?' (reply to vote),No slot today,No feed post (poll lives in Stories),"F02 IG + FB Story 12:00 CET, 1080x1920: day number large + first sentence of: '1 day. GTA VI unlocks {official time in CET} for Europe, {ET} for North America. Launch night in our Discord from 20:00 CET.' / link sticker /gta6/release-time [gate: official; fallback: ""1 day. Launch night in our Discord from 20:00 CET.""] | F12 poll sticker (2 options) on IG + FB Stories; result frame Thu","C10 vertical: 'Tomorrow. What's confirmed, what isn't' (ledger in 30 seconds) | F02 GTA countdown vertical 20–25s: hook '1 day to GTA VI' / 1 day. GTA VI unlocks {official time in CET} for Europe, {ET} for North America. Launch night in our Discord from 20:00 CET. / CTA 'Every confirmed fact: techplay.gg/gta6' (gate as in 19-GTA6 §6.2)","C10 vertical: 'Tomorrow. What's confirmed, what isn't' (ledger in 30 seconds) | F02 GTA countdown vertical 20–25s: hook '1 day to GTA VI' / 1 day. GTA VI unlocks {official time in CET} for Europe, {ET} for North America. Launch night in our Discord from 20:00 CET. / CTA 'Every confirmed fact: techplay.gg/gta6' (gate as in 19-GTA6 §6.2) (same edit, native captions, 3 hashtags max)",No long-form,"C10 vertical: 'Tomorrow. What's confirmed, what isn't' (ledger in 30 seconds) | F02 GTA countdown vertical 20–25s: hook '1 day to GTA VI' / 1 day. GTA VI unlocks {official time in CET} for Europe, {ET} for North America. Launch night in our Discord from 20:00 CET. / CTA 'Every confirmed fact: techplay.gg/gta6' (gate as in 19-GTA6 §6.2) (same edit, Shorts title ≤60 chars, no link in title)","F02 09:00 CET (Eve): '1 day. GTA VI unlocks {official time in CET} for Europe, {ET} for North America. Launch night in our Discord from 20:00 CET.' + https://techplay.gg/gta6/release-time?utm_source=x&utm_medium=organic-social&utm_campaign=c06-gta6-countdown&utm_content=f02-day1-post [gate: official; fallback: ""1 day. Launch night in our Discord from 20:00 CET.""] | F12 native poll: Launch night: are you playing at unlock or next morning?",F02 09:00 CET: same post line as X | F06 On This Day: 'Minecraft 1.0 released on 18 Nov 2011 (15 years).' + ask 'Did you play it at launch?' | F12 as an open question: Launch night: are you playing at unlock or next morning?,F17: Studio Watch: skipped unless news breaks (industry audience),"r/GTA6: answer launch questions (unlock time, pre-load, storage) with sourced replies; link the release-time tool only when asked | C47 helpful answers (SC 30 min, EIC/ED 15 min): r/GTA6 (answers only; no self-posts). Link TechPlay only when it is the best answer; log every comment in the Reddit sheet","F02 #gta6 09:05: Buffy embed '1 days to Vice City' with the post line, footer 'Source: official' | F06 On This Day 09:00 #general: Minecraft 1.0 released on 18 Nov 2011 (15 years). | F12 native Discord poll (24 h): Launch night: are you playing at unlock or next morning?",No send,Reminder pushes only: release-day alerts for followed games (reminder_delivered channel=push),F12 Poll (C39),No pitch today,None,"C55: Balkan partnerships: one outreach or follow-up (studio, A1 Adria League, regional outlet)",C56 Google Search branded + tool exact match running (EIC checks search terms Mondays) | C57 Meta registration test flight 1 (if gated) | C58 Reddit ads test,Owned: email/Discord DM to A1-not-A2 members; paid retargeting only if D-031 consent-gated pixel is live (audiences in 27-RETARGETING) | GTA 6 hub visitors (30 days) → map tracker message,"C29: TGA prediction league opens as forum polls (SC; no new code, D-026 moved to 2027 per 19/21)",Make your picks for The Game Awards,/awards/2026,Campaign creative per 29-CREATIVE-BRIEFS for the day's campaign | F12 poll card (T-F12),"DS, ED, SC",11.0,P0,"Prediction league entries (tool_run tool=calc / list_created); reminder_set | also: Poll votes across Discord + X + Stories (sum, week over week); F10 page sessions",utm_campaign=c39-poll-of-the-week; utm_content=f12-2026w47,planned
2026-11-19,Thursday,2026w47,GTA VI launch week / GTA VI launch day,"Be the useful page on launch day: unlock times, map progress tracker, fixes, and a place to talk","S4, S1, S2","News at unlock: 'GTA VI is out' (ED) | C11: /gta6/map progress tracker live: tick off locations as you find them (DEV) | Launch-day live page: issues, patches, server status (ED, updated hourly 08:00–24:00 CET) | F05 Hidden Gem Thursday: Sleeping Dogs (2012): for PC players without GTA VI tonight (ED; editor pick, the /games/hidden-gems rail is not good enough to use unedited) | F03 Confirmed or Rumour?: Launch-day ledger: everything confirmed by the game itself replaces pre-release claims | Reactive news slot: up to 3 pillar-filtered stories (P1–P5), slots 08:30, 14:30 and 19:00 CET per 13-SEO-CONTENT; no general tech or phones",F05: add the game's /games page to the Hidden Gems list page; F03: update 'Last updated' on /gta6/everything-we-know,F03 ledger update (news-eligible only when there is new information),"Headline for Discover: 'Hidden gem: Sleeping Dogs'; 1200px+ 16:9 image, no text on image",F05 image post: 'Sleeping Dogs (2012): for PC players without GTA VI tonight' + 'Played it?',"Groups slot (SC, 30 min): value-first participation per 06-FACEBOOK; no links in the first 30 days",Carousel 1080x1350: F03 'Confirmed or Rumour?' (odd weeks),"F02 IG + FB Story 12:00 CET, 1080x1920: day number large + first sentence of: 'Out today. Grand Theft Auto VI, on PS5 and Xbox Series X|S. Our map tracker is live.' / link sticker /gta6/map [gate: C11 live; fallback: Drop the tracker sentence]",C10 vertical at unlock: 'GTA VI is out. Track the map with us' (tracker screen capture),C10 vertical at unlock: 'GTA VI is out. Track the map with us' (tracker screen capture),No long-form,C10 vertical at unlock: 'GTA VI is out. Track the map with us' (tracker screen capture),"F02 09:00 CET (Launch): 'Out today. Grand Theft Auto VI, on PS5 and Xbox Series X|S. Our map tracker is live.' + https://techplay.gg/gta6/map?utm_source=x&utm_medium=organic-social&utm_campaign=c06-gta6-countdown&utm_content=f02-day0-post [gate: C11 live; fallback: Drop the tracker sentence] | F04 The Number: 12 characters, 36 weapons, 121 vehicles, 1,058 pinned locations: the hub before launch. From today the game itself checks our work.","F02 09:00 CET: same post line as X | F06 On This Day: 'Half-Life (1998) and the Wii in North America (2006) share today's date with GTA VI.' + ask 'Did you play it at launch?' | F04: 12 characters, 36 weapons, 121 vehicles, 1,058 pinned locations: the hub before launch. From today the game itself checks our work.","F04: 12 characters, 36 weapons, 121 vehicles, 1,058 pinned locations: the hub before launch. From today the game itself checks our work.","r/GTA6: answer launch questions (unlock time, pre-load, storage) with sourced replies; link the release-time tool only when asked | C47 helpful answers (SC 30 min, EIC/ED 15 min): r/Steam, r/pcmasterrace. Link TechPlay only when it is the best answer; log every comment in the Reddit sheet","F02 #gta6 09:05: Buffy embed '0 days to Vice City' with the post line, footer 'Source: G01, G02' | F06 On This Day 09:00 #general: Half-Life (1998) and the Wii in North America (2006) share today's date with GTA VI. | Launch-night event runs; #gta6-spoilers opens; Buffy pins the tracker | F05 #recommendations: Sleeping Dogs (2012): for PC players without GTA VI tonight","Special edition 'GTA VI is out': tracker, fixes, what's confirmed about Online (send at unlock + 1 h)",Web push to GTA VI followers at unlock: 'GTA VI is unlocked in your region. Your map tracker is ready.' | Reminder pushes only: release-day alerts for followed games (reminder_delivered channel=push),"LinkedIn (EIC, Thu only): F04 12 characters, 36 weapons, 121 vehicles, 1,058 pinned locations: the hub before launch. From today the game itself checks our work.",No pitch today,C51: send one data point to a creator in the pipeline; log reply in the creator sheet,None,C56 Google Search branded + tool exact match running (EIC checks search terms Mondays) | C57 Meta registration test flight 1 (if gated) | C58 Reddit ads test,Owned: email/Discord DM to A1-not-A2 members; paid retargeting only if D-031 consent-gated pixel is live (audiences in 27-RETARGETING) | GTA 6 hub visitors (30 days) → map tracker message,None beyond the dev sprint (32-DEVELOPMENT-BACKLOG),Track your map progress,/gta6/map,Campaign creative per 29-CREATIVE-BRIEFS for the day's campaign | F05 or F03 carousel (T-F05 / T-F03),"DEV, DS, ED, SC",19.0,P0,Map tracker users (members with ≥1 location ticked); registrations with from=gta6-map; launch-day sessions to /gta6/* | also: shelf_add from F05 pages; F03 ledger sessions from X/Reddit referrals,utm_campaign=c64-hidden-gem / c07-gta6-ledger; utm_content=f05-2026w47 / f03-2026w47,planned
2026-11-20,Friday,2026w47,GTA VI launch week / GTA VI day two; Black Friday price alerts start,Grow verified newsletter subscribers; publish one real PC fix,"S3, S1, S10","Review in progress: 'GTA VI after 12 hours' (EIC) | First guides from real play, only what staff have verified in-game (ED) | F07 Fix It Friday: GTA VI download and pre-load troubleshooting on PS5 and Xbox (only confirmed issues) (ED; test every step on real hardware or cite the vendor doc) | Reactive news slot: up to 3 pillar-filtered stories (P1–P5), slots 08:30, 14:30 and 19:00 CET per 13-SEO-CONTENT; no general tech or phones",F07 guide goes into /guides/pc-fixes (after 12 Oct) with HowTo-style steps; link from related /games pages,No planned news piece; reactive news only (in the news sitemap),"Headline for Discover: 'GTA VI download and pre-load troubleshooting on PS5 and Xbox (only confirmed issues)'; 1200px+ 16:9 image, no text on image","F07 link post: the fix in one sentence, 'full steps' link",No slot today,"Stories: 'This week on TechPlay' 3 frames (top story, fix, newsletter sign-up link sticker)","Story: today's top story, link sticker with UTM","C10 vertical: 'First 12 hours: 3 things we'd tell a friend' (EIC voice-over, own gameplay capture only if Rockstar's policy allows; otherwise text on official screenshots) | F07 vertical 45–60s screen capture: hook 'If your game does this, try these 3 things' / steps on screen / CTA 'Full guide: techplay.gg/guides/pc-fixes'","C10 vertical: 'First 12 hours: 3 things we'd tell a friend' (EIC voice-over, own gameplay capture only if Rockstar's policy allows; otherwise text on official screenshots) | F07 vertical 45–60s screen capture: hook 'If your game does this, try these 3 things' / steps on screen / CTA 'Full guide: techplay.gg/guides/pc-fixes' (same edit, native captions, 3 hashtags max)",No long-form,"C10 vertical: 'First 12 hours: 3 things we'd tell a friend' (EIC voice-over, own gameplay capture only if Rockstar's policy allows; otherwise text on official screenshots) | F07 vertical 45–60s screen capture: hook 'If your game does this, try these 3 things' / steps on screen / CTA 'Full guide: techplay.gg/guides/pc-fixes' (same edit, Shorts title ≤60 chars, no link in title)",F07: problem in one line + fix link,F06 On This Day: 'S.T.A.L.K.E.R. 2 turns two. Mass Effect launched on 20 Nov 2007.' + ask 'Did you play it at launch?' | F07: 'What's the one PC fix you wish you'd known sooner?',No post,"r/GTA6: answer launch questions (unlock time, pre-load, storage) with sourced replies; link the release-time tool only when asked | C47 helpful answers (SC 30 min, EIC/ED 15 min): r/buildapc, r/pcgaming (fix questions). Link TechPlay only when it is the best answer; log every comment in the Reddit sheet",F06 On This Day 09:00 #general: S.T.A.L.K.E.R. 2 turns two. Mass Effect launched on 20 Nov 2007. | F07 #pc-help pin + newsletter link in #announcements,"F21 The Save File, 15:00 CET: subject 'The Save File #8: GTA VI week, part two'",C31 price-drop push to members whose wishlisted game dropped (D-027 + D-019),F19 Library Card: one member's Gamer DNA card (opt-in only),No pitch today,None,None,C56 Google Search branded + tool exact match running (EIC checks search terms Mondays) | C57 Meta registration test flight 1 (if gated) | C58 Reddit ads test,Owned: email/Discord DM to A1-not-A2 members; paid retargeting only if D-031 consent-gated pixel is live (audiences in 27-RETARGETING) | GTA 6 hub visitors (30 days) → map tracker message,C31: wishlist price alerts for Black Friday on (DEV D-027),Track your map progress / get price alerts,/gta6/map; /calendar,Campaign creative per 29-CREATIVE-BRIEFS for the day's campaign | F07 cover 1200x630 + vertical (T-F07); newsletter header,"DEV, DS, ED, EIC, SC",14.0,P0,Tracker returning members (D1); C31 alert opt-ins | also: newsletter_verified per week; open→click rate of The Save File; F07 search clicks,utm_source=newsletter&utm_medium=email&utm_campaign=c40-save-file-2026w47,planned
2026-11-21,Saturday,2026w47,GTA VI launch week / GTA VI weekend,Evergreen search pages,"S1, S2","GTA VI guides batch 2 (ED) | F09 In Order: Warhammer 40,000: Dawn of War in order, before Dawn of War IV (3 Dec) (ED; C63) | F08 Where Can I Play It?: Auto-battlers on Steam: the fest picks and where each one runs (ED) | Reactive news slot: up to 3 pillar-filtered stories (P1–P5), slots 08:30, 14:30 and 19:00 CET per 13-SEO-CONTENT; no general tech or phones","F09 series page: ordered list with year and platform, 'where to start' answer first; link every entry to /games",No planned news piece; reactive news only (in the news sitemap),"Headline for Discover: 'Warhammer 40,000: Dawn of War in order, before Dawn of War IV (3 Dec)'; 1200px+ 16:9 image, no text on image","F09 link post: 'Warhammer 40,000: Dawn of War in order, before Dawn of War IV (3 Dec)'","Groups slot (SC, 20 min)","F09 carousel 1080x1350: Warhammer 40,000: Dawn of War in order, before Dawn of War IV (3 Dec)","Story: today's top story, link sticker with UTM","C10 vertical: 'Map tracker: the locations members found first' (tracker data) | F09 vertical 45s: 'Warhammer 40,000 in 45 seconds'","C10 vertical: 'Map tracker: the locations members found first' (tracker data) | F09 vertical 45s: 'Warhammer 40,000 in 45 seconds' (same edit, native captions, 3 hashtags max)",No long-form,"C10 vertical: 'Map tracker: the locations members found first' (tracker data) | F09 vertical 45s: 'Warhammer 40,000 in 45 seconds' (same edit, Shorts title ≤60 chars, no link in title)","F04 The Number: GTA VI day 3: map locations checked off by TechPlay members in the progress tracker (C11, live count).","F06 On This Day: 'The Nintendo DS launched in North America on 21 Nov 2004.' + ask 'Did you play it at launch?' | F04: GTA VI day 3: map locations checked off by TechPlay members in the progress tracker (C11, live count).",No post,"r/GTA6: answer launch questions (unlock time, pre-load, storage) with sourced replies; link the release-time tool only when asked | C47 helpful answers (SC 30 min, EIC/ED 15 min): r/NintendoSwitch2, r/PS5, r/XboxSeriesX. Link TechPlay only when it is the best answer; log every comment in the Reddit sheet",F06 On This Day 09:00 #general: The Nintendo DS launched in North America on 21 Nov 2004. | Weekend: #gaming-night thread (SC schedules Fri),No send,Reminder pushes only: release-day alerts for followed games (reminder_delivered channel=push),Moderation queue under 24 h,No pitch today,None,None,C56 Google Search branded + tool exact match running (EIC checks search terms Mondays) | C57 Meta registration test flight 1 (if gated) | C58 Reddit ads test,Owned: email/Discord DM to A1-not-A2 members; paid retargeting only if D-031 consent-gated pixel is live (audiences in 27-RETARGETING) | GTA 6 hub visitors (30 days) → map tracker message,None beyond the dev sprint (32-DEVELOPMENT-BACKLOG),Start with the right one,/games/series/<slug> or the F09 article,F09 carousel (T-F09),"ED, SC",7.0,P2,F09/F08 search clicks (28-day); shelf_add from series pages,utm_campaign=c63-in-order; utm_content=f09-2026w47,planned
2026-11-22,Sunday,2026w47,GTA VI launch week / Launch week wrap,Keep Discord alive with the weekly wrap,"S10, S1","Buffy's Wrap special: GTA VI week in numbers (tracker ticks, members online) | F18 Games Like…: Open-world crime games to play while GTA Online waits (Online has no date) (ED, written Fri, scheduled) | Reactive news slot: up to 3 pillar-filtered stories (P1–P5), slots 08:30, 14:30 and 19:00 CET per 13-SEO-CONTENT; no general tech or phones",F18 page targets 'games like <title>' with list items linked to /games pages,No planned news piece; reactive news only (in the news sitemap),"Headline for Discover: 'Open-world crime games to play while GTA Online waits (Online has no date)'; 1200px+ 16:9 image, no text on image",F18 link post: 'Open-world crime games to play while GTA Online waits (Online has no date)',No slot today,No feed post,"Story: today's top story, link sticker with UTM","C10 vertical: 'GTA VI week one, in numbers from the tracker'","C10 vertical: 'GTA VI week one, in numbers from the tracker'",No long-form,"C10 vertical: 'GTA VI week one, in numbers from the tracker'",F14: 'This week on TechPlay' thread (3 links),F06 On This Day: 'The Xbox 360 launched on 22 Nov 2005; the Xbox One on 22 Nov 2013.' + ask 'Did you play it at launch?',No post,"r/GTA6: answer launch questions (unlock time, pre-load, storage) with sourced replies; link the release-time tool only when asked | C47 helpful answers (SC 30 min, EIC/ED 15 min): r/truegaming (read, comment only if useful). Link TechPlay only when it is the best answer; log every comment in the Reddit sheet","F06 On This Day 09:00 #general: The Xbox 360 launched on 22 Nov 2005; the Xbox One on 22 Nov 2013. | F14 Buffy's Weekly Wrap 20:00 CET: member of the week, top 3 stories, next week's releases",No send,Reminder pushes only: release-day alerts for followed games (reminder_delivered channel=push),Moderation queue under 24 h,No pitch today,None,None,C56 Google Search branded + tool exact match running (EIC checks search terms Mondays) | C57 Meta registration test flight 1 (if gated) | C58 Reddit ads test,Owned: email/Discord DM to A1-not-A2 members; paid retargeting only if D-031 consent-gated pixel is live (audiences in 27-RETARGETING) | GTA 6 hub visitors (30 days) → map tracker message,None beyond the dev sprint (32-DEVELOPMENT-BACKLOG),See next week's releases,/calendar,F18 cover 1200x630,"ED, SC",2.5,P2,F14 recap clicks in Discord; F18 search clicks (28-day),utm_source=discord&utm_medium=community&utm_campaign=c36-road-to-500&utm_content=f14-2026w47,planned
2026-11-23,Monday,2026w48,Black Friday with wishlist price alerts / PR: Best Value Games of 2026,Turn release interest into reminders and follows,"S1, S2, S10","C25: 'Best value games of 2026: cost per hour' (EIC; only if the time-to-beat source's terms allow) | F01 Out This Week (2026w48), publish 08:30 CET: US Thanksgiving (26 Nov), Black Friday (27 Nov), PGL CS2 Major (25 Nov–13 Dec), GTA VI week two. Every title links its /games page with 'Remind me' | F24 Verdict in progress: GTA VI, first 20 hours (EIC) | F11 forum thread 'What are you playing?' | Reactive news slot: up to 3 pillar-filtered stories (P1–P5), slots 08:30, 14:30 and 19:00 CET per 13-SEO-CONTENT; no general tech or phones",/calendar: confirm this week's dates and platforms; fix any release_precision='day' mismatches found while writing F01,F01 Out This Week,"Headline for Discover: 'Out this week: US Thanksgiving and the rest, with what each costs'; 1200px+ 16:9 image, no text on image",F01 link post 1200x630: 'Out this week' + one-line question 'Which one are you getting?',No slot today,"F01 carousel 1080x1350: cover 'Out this week' / one slide per game (art, date, platforms, price) / last slide 'Set reminders: link in bio'","Story: today's top story, link sticker with UTM","F01 vertical 30–40s: hook 'N games out this week, one worth clearing a weekend for' / one card per game / CTA 'Reminders at techplay.gg/calendar'","F01 vertical 30–40s: hook 'N games out this week, one worth clearing a weekend for' / one card per game / CTA 'Reminders at techplay.gg/calendar' (same edit, native captions, 3 hashtags max)",Community tab: poll 'Which one are you playing this week?' with the week's top 4 titles,"F01 vertical 30–40s: hook 'N games out this week, one worth clearing a weekend for' / one card per game / CTA 'Reminders at techplay.gg/calendar' (same edit, Shorts title ≤60 chars, no link in title)",F01 thread 10:00 CET: one post per release with /games link?utm_source=x&utm_medium=organic-social&utm_campaign=c04-out-this-week&utm_content=f01-thread-2026w48,"F06 On This Day: 'World of Warcraft launched on 23 Nov 2004 (22 years).' + ask 'Did you play it at launch?' | F11: 'GTA VI week two, or saving it for the holidays?'",F01 link post with the list in text,"C47 helpful answers (SC 30 min, EIC/ED 15 min): r/patientgamers, r/gaming (discussion answers). Link TechPlay only when it is the best answer; log every comment in the Reddit sheet","F06 On This Day 09:00 #general: World of Warcraft launched on 23 Nov 2004 (22 years). | F11 thread in #general: 'GTA VI week two, or saving it for the holidays?' | F01 embed in #releases",No send,C31 price-drop push to members whose wishlisted game dropped (D-027 + D-019),F11 What Are You Playing? (C37),C25: pitch to deals desks for Black Friday week,None,None,C56 Google Search branded + tool exact match running (EIC checks search terms Mondays) | C58 Reddit ads test,Owned: email/Discord DM to A1-not-A2 members; paid retargeting only if D-031 consent-gated pixel is live (audiences in 27-RETARGETING) | GTA 6 hub visitors (30 days) → map tracker message,None beyond the dev sprint (32-DEVELOPMENT-BACKLOG),See which games give you the most hours per dollar,C25 data page,Campaign creative per 29-CREATIVE-BRIEFS for the day's campaign | F01 carousel + 1200x630 + vertical (DS template T-F01),"DS, ED, EIC, SC",14.0,P1,Referring domains; deals-desk pitch replies | also: Remind-me clicks from F01 ÷ F01 sessions (cta_click cta_id=f01-remind); F11 replies,utm_campaign=c04-out-this-week; utm_content=f01-<asset>-2026w48,planned; verify before publishing (depends on unannounced info)
2026-11-24,Tuesday,2026w48,Black Friday with wishlist price alerts,Answer platform and access questions that people search,"S1, S3, S5","F08 Where Can I Play It?: GTA VI edition upgrade: Standard to Ultimate, if Rockstar offers one (ED) | F13 Steam Movers #9 (ED, short) | Reactive news slot: up to 3 pillar-filtered stories (P1–P5), slots 08:30, 14:30 and 19:00 CET per 13-SEO-CONTENT; no general tech or phones",F08 page: answer in the first 60 words; platform table; link to /games page and /calendar,No planned news piece; reactive news only (in the news sitemap),"Headline for Discover: 'GTA VI edition upgrade: Standard to Ultimate, if Rockstar offers one'; 1200px+ 16:9 image, no text on image","F04 The Number image 1080x1350: Best-value games of 2026: hours of play per dollar (C25, published Mon 23 Nov).","Groups slot (SC, 30 min): answer 2–3 questions in platform-owner or PC groups per the 06-FACEBOOK ladder; link only when it is the answer","F04 single 1080x1350: Best-value games of 2026: hours of play per dollar (C25, published Mon 23 Nov).","Story: today's top story, link sticker with UTM",No vertical today,No post,No long-form,No Short,"F04 The Number: Best-value games of 2026: hours of play per dollar (C25, published Mon 23 Nov). (source line in the image) | F15 Readiness Check 16:00 CET (US reset): Readiness Check","F06 On This Day: 'Sonic the Hedgehog 2 launched on 'Sonic 2sday', 24 Nov 1992.' + ask 'Did you play it at launch?' | F04: Best-value games of 2026: hours of play per dollar (C25, published Mon 23 Nov).","F04: Best-value games of 2026: hours of play per dollar (C25, published Mon 23 Nov).","C47 helpful answers (SC 30 min, EIC/ED 15 min): r/wow, r/pcgaming. Link TechPlay only when it is the best answer; log every comment in the Reddit sheet","F06 On This Day 09:00 #general: Sonic the Hedgehog 2 launched on 'Sonic 2sday', 24 Nov 1992. | F15 #wow: Readiness Check + /wow-analyzer link | F13 Steam Movers post in #pc",No send,Reminder pushes only: release-day alerts for followed games (reminder_delivered channel=push),Moderation queue under 24 h,No pitch today,None,None,C56 Google Search branded + tool exact match running (EIC checks search terms Mondays) | C58 Reddit ads test,Owned: email/Discord DM to A1-not-A2 members; paid retargeting only if D-031 consent-gated pixel is live (audiences in 27-RETARGETING) | GTA 6 hub visitors (30 days) → map tracker message,None beyond the dev sprint (32-DEVELOPMENT-BACKLOG),Check where you can play it,/games/<slug> (from F08),F04 number card (T-F04),"DS, ED, SC",7.0,P1,"F08 search clicks (Search Console, page-level, 28-day); Analyzer runs from Discord (tool_run tool=wow, utm_source=discord)",utm_campaign=c65-franchises; utm_content=f04-2026w48 / f15-2026w48,planned; verify before publishing (depends on unannounced info)
2026-11-25,Wednesday,2026w48,Black Friday with wishlist price alerts,Get members talking and voting,"S10, S8, S1","F12 Poll of the Week: What are you actually buying on Black Friday? | F10 Worth It in 2026?: Is a Steam Deck worth it on Black Friday 2026? (ED) | F17 Studio Watch: tracker update | Reactive news slot: up to 3 pillar-filtered stories (P1–P5), slots 08:30, 14:30 and 19:00 CET per 13-SEO-CONTENT; no general tech or phones","F10 page targets 'is <game> worth it 2026': verdict in the first paragraph, what changed since launch, price today",F17 Studio Watch (if news),"Headline for Discover: 'Is a Steam Deck worth it on Black Friday 2026?'; 1200px+ 16:9 image, no text on image",F12 question post: 'What are you actually buying on Black Friday?' (reply to vote),No slot today,No feed post (poll lives in Stories),"Story: today's top story, link sticker with UTM | F12 poll sticker (2 options) on IG + FB Stories; result frame Thu",F10 Worth It short 30s: 'Is a Steam Deck worth it on Black Friday 2026? Our answer in 30 seconds',"F10 Worth It short 30s: 'Is a Steam Deck worth it on Black Friday 2026? Our answer in 30 seconds' (same edit, native captions, 3 hashtags max)",No long-form,"F10 Worth It short 30s: 'Is a Steam Deck worth it on Black Friday 2026? Our answer in 30 seconds' (same edit, Shorts title ≤60 chars, no link in title)",F12 native poll: What are you actually buying on Black Friday?,F12 as an open question: What are you actually buying on Black Friday?,F17: Studio Watch: tracker update (industry audience),"C47 helpful answers (SC 30 min, EIC/ED 15 min): r/GTA6 (answers only; no self-posts). Link TechPlay only when it is the best answer; log every comment in the Reddit sheet",F06 On This Day 09:00 #general: Buffy posts the top-rated result from /api/v1/games/on-this-day at 09:00 CET; SC swaps in a better-known title from the same list if one exists | F12 native Discord poll (24 h): What are you actually buying on Black Friday?,No send,C31 price-drop push to members whose wishlisted game dropped (D-027 + D-019),F12 Poll (C39),No pitch today,None,"C55: Balkan partnerships: one outreach or follow-up (studio, A1 Adria League, regional outlet)",C56 Google Search branded + tool exact match running (EIC checks search terms Mondays) | C58 Reddit ads test,Owned: email/Discord DM to A1-not-A2 members; paid retargeting only if D-031 consent-gated pixel is live (audiences in 27-RETARGETING) | GTA 6 hub visitors (30 days) → map tracker message,None beyond the dev sprint (32-DEVELOPMENT-BACKLOG),"Vote, then see what everyone else picked",/forum (poll thread),F12 poll card (T-F12),"DS, ED, SC",7.0,P1,"Poll votes across Discord + X + Stories (sum, week over week); F10 page sessions",utm_campaign=c39-poll-of-the-week; utm_content=f12-2026w48,planned
2026-11-26,Thursday,2026w48,Black Friday with wishlist price alerts / US Thanksgiving; Release Radar December,"Discovery: one game worth adding, plus the GTA 6 ledger","S1, S2, S4","F05 Hidden Gem Thursday: A Short Hike (2019): a two-hour game for a long weekend (ED; editor pick, the /games/hidden-gems rail is not good enough to use unedited) | F03 ledger: Ledger: post-launch patch notes and GTA Online status | Reactive news slot: up to 3 pillar-filtered stories (P1–P5), slots 08:30, 14:30 and 19:00 CET per 13-SEO-CONTENT; no general tech or phones",F05: add the game's /games page to the Hidden Gems list page; F03: update 'Last updated' on /gta6/everything-we-know,F03 ledger update (news-eligible only when there is new information),"Headline for Discover: 'Hidden gem: A Short Hike'; 1200px+ 16:9 image, no text on image",F05 image post: 'A Short Hike (2019): a two-hour game for a long weekend' + 'Played it?',"Groups slot (SC, 30 min): value-first participation per 06-FACEBOOK; no links in the first 30 days",Carousel 1080x1350: F05 Hidden Gem: A Short Hike (even weeks),"Story: today's top story, link sticker with UTM",No vertical today,No post,C50 Release Radar: December 2026 (8–10 min),No Short,"F04 The Number: Games on your wishlists that hit a price low this week (aggregate from price alerts, if D-027 shipped).","F04: Games on your wishlists that hit a price low this week (aggregate from price alerts, if D-027 shipped).","F04: Games on your wishlists that hit a price low this week (aggregate from price alerts, if D-027 shipped).","C47 helpful answers (SC 30 min, EIC/ED 15 min): r/Steam, r/pcmasterrace. Link TechPlay only when it is the best answer; log every comment in the Reddit sheet",F06 On This Day 09:00 #general: Buffy posts the top-rated result from /api/v1/games/on-this-day at 09:00 CET; SC swaps in a better-known title from the same list if one exists | F05 #recommendations: A Short Hike (2019): a two-hour game for a long weekend,No send,Reminder pushes only: release-day alerts for followed games (reminder_delivered channel=push),"LinkedIn (EIC, Thu only): F04 Games on your wishlists that hit a price low this week (aggregate from price alerts, if D-027 shipped).",No pitch today,C51: send one data point to a creator in the pipeline; log reply in the creator sheet,None,C56 Google Search branded + tool exact match running (EIC checks search terms Mondays),Owned: email/Discord DM to A1-not-A2 members; paid retargeting only if D-031 consent-gated pixel is live (audiences in 27-RETARGETING) | GTA 6 hub visitors (30 days) → map tracker message,None beyond the dev sprint (32-DEVELOPMENT-BACKLOG),Add it to your library,/games/<hidden-gem slug>,F05 or F03 carousel (T-F05 / T-F03),"DS, ED, SC",12.0,P1,shelf_add from F05 pages; F03 ledger sessions from X/Reddit referrals,utm_campaign=c64-hidden-gem / c07-gta6-ledger; utm_content=f05-2026w48 / f03-2026w48,planned
2026-11-27,Friday,2026w48,Black Friday with wishlist price alerts / Black Friday,Grow verified newsletter subscribers; publish one real PC fix,"S3, S1, S10","C31: 'Black Friday 2026: the games on your wishlist that are actually cheaper' (ED, 08:30 CET, updated 3× through the day) | F07 Fix It Friday: Controller not detected on PC: Steam Input and driver fixes (ED; test every step on real hardware or cite the vendor doc) | Reactive news slot: up to 3 pillar-filtered stories (P1–P5), slots 08:30, 14:30 and 19:00 CET per 13-SEO-CONTENT; no general tech or phones",F07 guide goes into /guides/pc-fixes (after 12 Oct) with HowTo-style steps; link from related /games pages,No planned news piece; reactive news only (in the news sitemap),"Headline for Discover: 'Controller not detected on PC: Steam Input and driver fixes'; 1200px+ 16:9 image, no text on image","F07 link post: the fix in one sentence, 'full steps' link",No slot today,"Stories: 'This week on TechPlay' 3 frames (top story, fix, newsletter sign-up link sticker)","Story: today's top story, link sticker with UTM","F07 vertical 45–60s screen capture: hook 'If your game does this, try these 3 things' / steps on screen / CTA 'Full guide: techplay.gg/guides/pc-fixes'","F07 vertical 45–60s screen capture: hook 'If your game does this, try these 3 things' / steps on screen / CTA 'Full guide: techplay.gg/guides/pc-fixes' (same edit, native captions, 3 hashtags max)",No long-form,"F07 vertical 45–60s screen capture: hook 'If your game does this, try these 3 things' / steps on screen / CTA 'Full guide: techplay.gg/guides/pc-fixes' (same edit, Shorts title ≤60 chars, no link in title)",F07: problem in one line + fix link,F07: 'What's the one PC fix you wish you'd known sooner?',No post,"C47 helpful answers (SC 30 min, EIC/ED 15 min): r/buildapc, r/pcgaming (fix questions). Link TechPlay only when it is the best answer; log every comment in the Reddit sheet",F06 On This Day 09:00 #general: Buffy posts the top-rated result from /api/v1/games/on-this-day at 09:00 CET; SC swaps in a better-known title from the same list if one exists | F07 #pc-help pin + newsletter link in #announcements,"F21 The Save File, 15:00 CET: subject 'The Save File #9: Black Friday, filtered by what you actually want'",Price-drop push to members whose wishlisted game dropped (D-027) | C31 price-drop push to members whose wishlisted game dropped (D-027 + D-019),F19 Library Card: one member's Gamer DNA card (opt-in only),No pitch today,None,None,C56 Google Search branded + tool exact match running (EIC checks search terms Mondays),Owned: email/Discord DM to A1-not-A2 members; paid retargeting only if D-031 consent-gated pixel is live (audiences in 27-RETARGETING) | GTA 6 hub visitors (30 days) → map tracker message,None beyond the dev sprint (32-DEVELOPMENT-BACKLOG),See what dropped on your wishlist,C31 Black Friday article,Campaign creative per 29-CREATIVE-BRIEFS for the day's campaign | F07 cover 1200x630 + vertical (T-F07); newsletter header,"DS, ED, SC",13.0,P0,alert_clicked from price-drop emails/push; shelf_add; affiliate clicks disclosed (if any) | also: newsletter_verified per week; open→click rate of The Save File; F07 search clicks,utm_source=newsletter&utm_medium=email&utm_campaign=c40-save-file-2026w48,planned
2026-11-28,Saturday,2026w48,Black Friday with wishlist price alerts,Evergreen search pages,"S1, S2","F09 In Order: Monster Hunter in order: which games matter before Wilds on Switch 2 (ED; C63) | F08 Where Can I Play It?: Monster Hunter Wilds on Switch 2 (4 Dec): cross-play and save transfer, per Capcom (ED) | Reactive news slot: up to 3 pillar-filtered stories (P1–P5), slots 08:30, 14:30 and 19:00 CET per 13-SEO-CONTENT; no general tech or phones","F09 series page: ordered list with year and platform, 'where to start' answer first; link every entry to /games",No planned news piece; reactive news only (in the news sitemap),"Headline for Discover: 'Monster Hunter in order: which games matter before Wilds on Switch 2'; 1200px+ 16:9 image, no text on image",F09 link post: 'Monster Hunter in order: which games matter before Wilds on Switch 2',"Groups slot (SC, 20 min)",F09 carousel 1080x1350: Monster Hunter in order: which games matter before Wilds on Switch 2,"Story: today's top story, link sticker with UTM",F09 vertical 45s: 'Monster Hunter in order in 45 seconds',"F09 vertical 45s: 'Monster Hunter in order in 45 seconds' (same edit, native captions, 3 hashtags max)",No long-form,"F09 vertical 45s: 'Monster Hunter in order in 45 seconds' (same edit, Shorts title ≤60 chars, no link in title)","F04 The Number: Wishlisted games under $20 this weekend, from the deal radar.","F04: Wishlisted games under $20 this weekend, from the deal radar.",No post,"C47 helpful answers (SC 30 min, EIC/ED 15 min): r/NintendoSwitch2, r/PS5, r/XboxSeriesX. Link TechPlay only when it is the best answer; log every comment in the Reddit sheet",F06 On This Day 09:00 #general: Buffy posts the top-rated result from /api/v1/games/on-this-day at 09:00 CET; SC swaps in a better-known title from the same list if one exists | Weekend: #gaming-night thread (SC schedules Fri),No send,Reminder pushes only: release-day alerts for followed games (reminder_delivered channel=push),Moderation queue under 24 h,No pitch today,None,None,C56 Google Search branded + tool exact match running (EIC checks search terms Mondays),Owned: email/Discord DM to A1-not-A2 members; paid retargeting only if D-031 consent-gated pixel is live (audiences in 27-RETARGETING) | GTA 6 hub visitors (30 days) → map tracker message,None beyond the dev sprint (32-DEVELOPMENT-BACKLOG),Start with the right one,/games/series/<slug> or the F09 article,F09 carousel (T-F09),"ED, SC",4.0,P2,F09/F08 search clicks (28-day); shelf_add from series pages,utm_campaign=c63-in-order; utm_content=f09-2026w48,planned
2026-11-29,Sunday,2026w48,Black Friday with wishlist price alerts,Keep Discord alive with the weekly wrap,"S10, S1","F18 Games Like…: Games like Monster Hunter (ED, written Fri, scheduled) | Reactive news slot: up to 3 pillar-filtered stories (P1–P5), slots 08:30, 14:30 and 19:00 CET per 13-SEO-CONTENT; no general tech or phones",F18 page targets 'games like <title>' with list items linked to /games pages,No planned news piece; reactive news only (in the news sitemap),"Headline for Discover: 'Games like Monster Hunter'; 1200px+ 16:9 image, no text on image",F18 link post: 'Games like Monster Hunter',No slot today,No feed post,"Story: today's top story, link sticker with UTM",No vertical today,No post,No long-form,No Short,F14: 'This week on TechPlay' thread (3 links),No post,No post,"C47 helpful answers (SC 30 min, EIC/ED 15 min): r/truegaming (read, comment only if useful). Link TechPlay only when it is the best answer; log every comment in the Reddit sheet","F06 On This Day 09:00 #general: Buffy posts the top-rated result from /api/v1/games/on-this-day at 09:00 CET; SC swaps in a better-known title from the same list if one exists | F14 Buffy's Weekly Wrap 20:00 CET: member of the week, top 3 stories, next week's releases",No send,Reminder pushes only: release-day alerts for followed games (reminder_delivered channel=push),Moderation queue under 24 h,No pitch today,None,None,C56 Google Search branded + tool exact match running (EIC checks search terms Mondays),Owned: email/Discord DM to A1-not-A2 members; paid retargeting only if D-031 consent-gated pixel is live (audiences in 27-RETARGETING) | GTA 6 hub visitors (30 days) → map tracker message,None beyond the dev sprint (32-DEVELOPMENT-BACKLOG),See next week's releases,/calendar,F18 cover 1200x630,"ED, SC",1.5,P2,F14 recap clicks in Discord; F18 search clicks (28-day),utm_source=discord&utm_medium=community&utm_campaign=c36-road-to-500&utm_content=f14-2026w48,planned
2026-11-30,Monday,2026w49,"Cyber Monday, Community Awards open, gift guide / Cyber Monday",Turn release interest into reminders and follows,"S1, S2, S10","C32: Cyber Monday Deal Radar (ED) | F01 Out This Week (2026w49), publish 08:30 CET: Cyber Monday (30 Nov), Dawn of War IV + Dragon Quest Monsters: The Withered World + Xenoblade 3 Switch 2 + Rayman Legends Retold (3 Dec), Monster Hunter Wilds Switch 2 (4 Dec). Every title links its /games page with 'Remind me' | F24 Verdict: Grand Theft Auto VI (EIC) | F11 forum thread 'What are you playing?' | Reactive news slot: up to 3 pillar-filtered stories (P1–P5), slots 08:30, 14:30 and 19:00 CET per 13-SEO-CONTENT; no general tech or phones",/calendar: confirm this week's dates and platforms; fix any release_precision='day' mismatches found while writing F01,F01 Out This Week,"Headline for Discover: 'Out this week: Cyber Monday and the rest, with what each costs'; 1200px+ 16:9 image, no text on image",F01 link post 1200x630: 'Out this week' + one-line question 'Which one are you getting?',No slot today,"F01 carousel 1080x1350: cover 'Out this week' / one slide per game (art, date, platforms, price) / last slide 'Set reminders: link in bio'","Story: today's top story, link sticker with UTM","F01 vertical 30–40s: hook 'N games out this week, one worth clearing a weekend for' / one card per game / CTA 'Reminders at techplay.gg/calendar'","F01 vertical 30–40s: hook 'N games out this week, one worth clearing a weekend for' / one card per game / CTA 'Reminders at techplay.gg/calendar' (same edit, native captions, 3 hashtags max)",Community tab: poll 'Which one are you playing this week?' with the week's top 4 titles,"F01 vertical 30–40s: hook 'N games out this week, one worth clearing a weekend for' / one card per game / CTA 'Reminders at techplay.gg/calendar' (same edit, Shorts title ≤60 chars, no link in title)",F01 thread 10:00 CET: one post per release with /games link?utm_source=x&utm_medium=organic-social&utm_campaign=c04-out-this-week&utm_content=f01-thread-2026w49,"F11: 'Dawn of War IV, Monster Hunter on Switch 2, or GTA VI still?'",F01 link post with the list in text,"C47 helpful answers (SC 30 min, EIC/ED 15 min): r/patientgamers, r/gaming (discussion answers). Link TechPlay only when it is the best answer; log every comment in the Reddit sheet","F06 On This Day 09:00 #general: Buffy posts the top-rated result from /api/v1/games/on-this-day at 09:00 CET; SC swaps in a better-known title from the same list if one exists | F11 thread in #general: 'Dawn of War IV, Monster Hunter on Switch 2, or GTA VI still?' | F01 embed in #releases",No send,C31 price-drop push to members whose wishlisted game dropped (D-027 + D-019),F11 What Are You Playing? (C37),No pitch today,None,None,C56 Google Search branded + tool exact match running (EIC checks search terms Mondays),Owned: email/Discord DM to A1-not-A2 members; paid retargeting only if D-031 consent-gated pixel is live (audiences in 27-RETARGETING) | GTA 6 hub visitors (30 days) → map tracker message,None beyond the dev sprint (32-DEVELOPMENT-BACKLOG),See today's real deals,C32 Deal Radar,Campaign creative per 29-CREATIVE-BRIEFS for the day's campaign | F01 carousel + 1200x630 + vertical (DS template T-F01),"DS, ED, EIC, SC",12.0,P0,Deal Radar sessions; alert_clicked | also: Remind-me clicks from F01 ÷ F01 sessions (cta_click cta_id=f01-remind); F11 replies,utm_campaign=c04-out-this-week; utm_content=f01-<asset>-2026w49,planned
