id,name,type,secondary_type,priority,goal,kpi,target,audience,channels,start,end,key_dates,message,proof,copy,extra_copy,creative,cta,landing_page,utm_example,owner,effort_hours,budget_usd,budget_note,tracking_events,tracking_notes,follow_up,dependencies,acceptance_criteria,risks,delivery_status,status
C01,Trust Reset — remove false claims site-wide,Product,Trust / PR hygiene,T1 must,"Remove every public number and promise TechPlay cannot back before any promotion starts, so that a partner, journalist or new member who checks a claim finds it true [R02, R11, R23].","False-claim count = number of the 95 audited URLs whose server-rendered HTML contains any string on the banned list (15K+, 50K+, 140,000+, 'thousands of fans', '50K+ players analyzed', '4.9/5', 'March 2, 2026', 'Earn XP for every comment and article you read', '24/7 COMMUNITY').",TARGET: 0 by Fri 2 Oct 2026 (DOWN from at least 10 distinct false strings on 27 Sep [R02 App. B]).,S1 | S2 | S5 | S8 | S10,site | Discord | newsletter,2026-09-28,2026-10-02,"2026-09-28 — DEV starts D-001, D-040, D-029 | 2026-09-30 — EIC reviews every replacement line | 2026-10-02 — grep of 95 URLs returns zero hits; correction note posted",Numbers on TechPlay come from the database or they do not appear.,"About page already reads live counts (333,920 games, 57,630 studios) [R02 §2.1]; the correction policy on /about promises visible corrections.","x: A correction, on the record: our sign-up page claimed ""15K+ members"". That was never true, and it is gone, along with a promise of XP for reading articles. Numbers on TechPlay now come from the database or not at all. | bluesky: A correction, on the record: our sign-up page claimed ""15K+ members"". It was never true and it is gone, along with a promise of XP for reading articles. Numbers on TechPlay now come from the database or not at all. | discord: Housekeeping from the editors. Our sign-up and login pages said ""15K+ members"" and ""50K+ games"". The first was never true. The catalogue is 333,000+ games, so the second was wrong the other way. We also promised XP for reading articles, which the site stopped awarding in August. All of it is gone. Numbers on TechPlay now come from the database or they do not appear. Spot one that looks off? Tell us in #suggestions. | newsletter: One housekeeping note: we removed numbers from our sign-up page that were wrong, including a member count we could not back. If you ever see a TechPlay figure that looks off, reply to this email.","Corrections log entry (/about corrections section): 2 Oct 2026 — The register and login pages claimed 15K+ members and 50K+ games, and promised XP for reading articles. The member figure was never accurate; the catalogue holds 333,000+ games; reading has not earned XP since 11 Aug 2026. The claims were removed. The WoW Analyzer's usage and rating figures were removed for the same reason.",size: 1280x720 thumbnail | concept: Not used. | size: web banner | concept: None. This campaign removes claims; it does not advertise.,None (correction). Secondary: 'Tell us in #suggestions'.,https://techplay.gg/register (fixed page); https://techplay.gg/about (corrections entry),https://techplay.gg/about?utm_source=discord&utm_medium=community&utm_campaign=c01-trust-reset&utm_content=announcement-a,"DEV (build), EIC (wording and sign-off)","DEV 10 h, EIC 3 h, SC 0.5 h",0,,registration_start | registration_complete | cta_click,,Re-run the grep on the 1st of every month; any new hard-coded number needs an API source. EIC decides whether the X/Bluesky correction posts go out or only the corrections-log entry (both are optional; the site fix is not).,D-001 | D-040 | D-029 | C02,"/register and /login: '15K+ MEMBERS · 50K+ GAMES · FREE FOREVER' and '24/7 COMMUNITY' removed; replaced by the homepage account pitch ('One library, every platform' / 'Hours counted without you' / 'Your taste, in numbers' / 'How close your taste is to anyone else's') with the game count read from the API (D-001). | Perk 'Earn XP for every comment and article you read' changed to 'Earn XP for comments, reviews and the games you finish' on register, login and SignInWall (D-001). | '140,000+' removed from the /games title and five meta descriptions; replaced with the API count or no number (D-001). | GTA 6 newsletter block: 'Join thousands of fans' replaced with 'Get the GTA 6 briefing: confirmed facts, dates and tools, once a week until launch.' (D-001). | WoW Analyzer: '50K+ players analyzed · 4.9/5 rating' and 'Midnight launches March 2, 2026' removed; H1 and meta re-aimed at the current patch; OG image recompressed to ≤300 KB and renamed without a space (D-040). | Zero-value modules hidden for guests: forum stats bar, 'Most read', 'Coming out', 'Rising Players', 'Recent winners', 'Most wishlisted', Last Disc counters until they hold a real value (D-029). | /hardware and /reviews titles no longer promise 'benchmarks' (EIC wording). | Scripted grep across the 95 URLs from R02 returns zero banned strings; result pasted into the campaign sheet.",Public correction draws attention to past claims; mitigated by publishing it quietly (log + Discord) if EIC prefers.,No DEV dependency beyond items already scheduled; runs on the spine dates.,planned
C02,"Plumbing Sprint — breadcrumbs, RSS, dead invites, SearchAction, GTA page relation, titles",SEO,Product,T1 must,"Fix the systematic 404s and wrong relations that every article and the GTA 6 hub carry today, so that crawl budget, RSS readers and Discord clicks stop landing on errors [R02 §11, R13, R17].","Broken-link count = (article breadcrumb 404s) + (RSS items with 404 links) + (dead Discord invites in code) + (GTA 6 articles attached to /games/gta-6), measured by a crawl of all published articles.",TARGET: 0 by Fri 9 Oct 2026 (DOWN from: breadcrumb 404 on every article; all RSS hardware items; 2 dead invite codes; 5+ GTA VI stories on the parody entry).,S1 | S3 | S4 | S8,site | RSS | Discord | X,2026-09-28,2026-10-09,"2026-09-28 — D-004 dead invites replaced (XS, first task) | 2026-10-01 — D-002 breadcrumbs + D-003 RSS live | 2026-10-05 — D-005 GTA relation + D-017 hub SSR H1/counters | 2026-10-09 — D-006 SearchAction decision shipped; crawl shows zero 404s",The feed works again: follow TechPlay in any RSS reader or Discover.,"RSS hardware links pointed to /tech/<slug> (404) and lagged ~24 h [R02 §1, R07 §3.10].","x: Housekeeping: the TechPlay RSS feed is fixed. Hardware links no longer 404 and new articles reach the feed when they publish, not a day later. Works with Feedly, Inoreader and Discover follow: techplay.gg/rss | bluesky: The TechPlay RSS feed is fixed: hardware links no longer 404, and new articles land in the feed as they publish. If you read gaming news in Feedly, Inoreader or any reader: techplay.gg/rss | discord: Two fixes worth knowing. 1) The Discord button on our GTA 6 hub pointed at a dead invite. If you tried it and got an error, that was us; it now brings you here. 2) The RSS feed is fixed, so #latest-news and any reader you use get articles as they publish. Feed: https://techplay.gg/rss | newsletter: Small fix, useful if you use an RSS reader: techplay.gg/rss now carries every article as it publishes, hardware included.",,"size: 1080x1080 | concept: Not required. Optional: plain card 'RSS: techplay.gg/rss' in brand type, no imagery.",Follow the RSS feed,https://techplay.gg/rss,https://techplay.gg/gta6?utm_source=discord&utm_medium=community&utm_campaign=c02-plumbing&utm_content=hub-link-fixed,DEV,"DEV 16 h, ED 1 h (GTA relation check), SC 0.5 h",0,,discord_click | cta_click,,Monthly crawl of articles for 404s; a failed crawl blocks promotion of the affected section. Link-check the GTA hub before every C06/C10 push.,D-002 | D-003 | D-004 | D-005 | D-006 | D-017 | D-030,"Every article breadcrumb category href resolves 200 (/news/industry, /news/gaming, /hardware/news) (D-002). | /rss and /feed: hardware items link to /hardware/<slug>; feed regenerates on publish; newest item timestamp within 5 minutes of sitemap-news (D-003). | No occurrence of discord.gg/techplaygg or discord.gg/techplay in the codebase or settings seeders; all invites use https://discord.gg/wPQG9gUMXH (D-004). | All GTA VI articles related to /games/grand-theft-auto-vi; /games/gta-6 renamed so name matching cannot pick it; hub links to game page and calendar and back (D-005). | WebSite SearchAction removed from JSON-LD or pointing to a working, indexable search page (D-006, EIC decides). | /gta6 has a real H1 and server-rendered counters (days to launch, 1,058 locations, 12 characters); OG images ≤300 KB (D-017). | Truncated titles fixed; author URLs unified (/author/adi → 301 to /author/adi-zeljkovic) if DEV time allows (D-030, optional).",,"D-002, D-004, D-005, D-017 land inside the window; D-003 (RSS) on 16 Oct; D-006 and D-022 in W51. Titles fixed by EIC through page SEO in Filament. Hold the RSS announcement copy until 16 Oct.",planned
C03,"Measurement Foundation — GA4 key events, UTM capture, campaign URL helper, invite codes",Analytics,,T1 must,"Make every campaign in this library measurable: canonical events fire, UTM parameters survive into the first-party collector, every link is built by one helper, and Discord joins are attributed by invite code [R16 §4, R23 #11].",Coverage = canonical events from spine §10 verified firing in GA4 DebugView ÷ 27; plus share of campaign sessions in the collector with a non-empty utm_campaign.,TARGET: 27/27 events verified and ≥95% of links in the campaign sheet built by the helper by Fri 16 Oct 2026; zero paid spend until then (gate for C56–C58).,S10,site | GA4 | first-party collector | Discord bot,2026-09-28,2026-10-16,"2026-10-02 — D-009 campaign URL helper usable by SC | 2026-10-07 — D-007 key events (registration_complete, email_verified, library_connected, newsletter_verified, discord_click) in GA4 | 2026-10-12 — D-008 collector utm columns + campaign breakdown in Filament | 2026-10-16 — D-011 bot logs discord_join with invite code; readiness review by EIC","Internal: if a link is not built by the helper, it does not exist in the report.",Collector drops utm_* by design; GA4 has only onboarding events; no ad pixel [R16 §0].,,"Internal launch note (Discord #staff, 16 Oct): Measurement is live. From today every link we post goes through the campaign URL helper in the admin (Marketing → Campaign links). Pick the campaign ID, the platform and the asset; copy the link it gives you. Discord invites: use the code for the campaign in the invite sheet, never the generic one. If a post goes out with a bare link, it counts as organic noise and we learn nothing from it. Weekly numbers land in the dashboard every Monday at 09:00. | Privacy page line (added under 'Analytics'): When you arrive through one of our own links, the link carries a campaign name (utm parameters). We store that name with the page view so we know which posts, emails and ads are worth making. It is not linked to your identity, and it is only recorded where you have consented to analytics.","size: web banner | concept: None public. Internal: one-page Filament dashboard layout (DEV), no design work.",Internal only,Internal (Filament dashboard); public: https://techplay.gg/privacy,https://techplay.gg/calendar?utm_source=x&utm_medium=organic-social&utm_campaign=c04-out-this-week&utm_content=f01-thread-a,"DEV (build), EIC (sign-off), SC (invite codes and sheet)","DEV 30 h, SC 3 h, EIC 2 h",0,,registration_start | registration_complete | email_verified | library_connected | shelf_add | game_followed | reminder_set | reminder_delivered | alert_clicked | newsletter_signup | newsletter_verified | discord_click | discord_join | giveaway_entered | tool_run | share_card_generated | d1_return | cta_click,,"Monday metrics review uses this dashboard (15 min, EIC + SC). Any campaign with <90% helper-built links is flagged in the review.","D-007 | D-008 | D-009 | D-011 | D-031 (Pixel+CAPI, later, before C57)","All 27 event names in spine §10 exist in the frontend track registry (lib/track.ts FunnelEvent union) or are sent server-side; parameters as specified (method, from, platform, status, channel, campaign, invite code, network, content_type, tool, type, cta_id). | registration_complete, email_verified, library_connected, newsletter_verified, reminder_set and discord_click marked as GA4 key events. | analytics_events stores utm_source, utm_medium, utm_campaign (lower-case); RollUpAnalytics has a campaign dimension; README Baza section updated in the same commit. | Campaign URL helper (admin form + backend function) produces links per spine §9 and logs each generated URL to the campaign sheet. | Professor Buffy records the invite code on member join (discord_join) and SC has one invite code per campaign (C04, C06, C09, C13, C18, C20, C29, C35, C36, C40, C57, C58 at minimum). | Consent: nothing new fires before consent in EEA/UK/CH; privacy page line added. | A one-page weekly dashboard (Filament) shows: registrations by from=, verified subscribers, reminders set, discord joins by invite code, top utm_campaign sessions.",,No DEV dependency beyond items already scheduled; runs on the spine dates.,planned
C04,Out This Week (F01),Social,SEO / content,T1 must,"Make Monday's release list the one weekly post people expect from TechPlay, and turn each view into a reminder or calendar visit [R19 pipeline 1, R05].",Reminders per issue = reminder_set events with utm_campaign=c04-out-this-week in 7 days after posting; plus calendar sessions from C04 links ÷ total C04 impressions (per platform).,TARGET: UP week over week for 6 weeks; by week 6 (2 Nov) at least one platform chosen as the video home (C49) based on calendar sessions per post.,S1 | S2 | S6 | S7,site article | Instagram carousel | TikTok | YouTube Shorts | Instagram Reels | Facebook Page | X thread | Threads | Bluesky | Discord | newsletter,2026-09-28,2026-12-28,Every Monday 09:00 CET: article + social set | 2026-09-28 — issue 1 (28 Sep–4 Oct) | 2026-10-05 — issue 2 (Gears of War: E-Day week) | 2026-10-19 — Next Fest + MW4 week | 2026-11-16 — GTA VI week (merged with C10) | 2026-12-28 — last issue of the year points at Q1 2027 (C70),"Every notable release this week, with platforms and a remind-me button.","The release calendar server-renders the whole month (1,422 September releases) and each game page has platforms and store links [R02 §4.4].","facebook: Out this week, 28 Sep to 4 Oct:
• Minecraft Dungeons II — Tue 29 Sep
• Ghost of Yōtei Complete Edition, with the Most Wanted mode — Thu 1 Oct (reported)
• Ace Combat 8: Wings of Theve — Fri 2 Oct
• Steam Autumn Sale — 1 to 8 Oct
Platforms, prices and a reminder button for each game are on the calendar: techplay.gg/calendar | facebook_groups: Participation only: when a group member asks what is coming out, answer in the thread with the two or three games that fit the group and link the calendar once. No roundup link posts. | instagram: Carousel (6 slides). S1: OUT THIS WEEK / 28 Sep – 4 Oct. S2: Minecraft Dungeons II / Tue 29 Sep. S3: Ghost of Yōtei Complete Edition + Most Wanted mode / Thu 1 Oct (reported). S4: Ace Combat 8: Wings of Theve / Fri 2 Oct. S5: Steam Autumn Sale / 1–8 Oct. S6: Full week, platforms, reminders / link in bio.
Caption: Four dates for your week. Which one are you playing? Platforms, prices and a remind-me button for every release are on the TechPlay calendar (link in bio). | tiktok: 30 s, no presenter, cover art + text. 0–2 s: text 'Out this week' over a fast cut of four covers. 2–8 s: 'Tuesday: Minecraft Dungeons II'. 8–14 s: 'Thursday: Ghost of Yōtei Complete Edition (reported)'. 14–20 s: 'Friday: Ace Combat 8: Wings of Theve'. 20–26 s: 'And the Steam Autumn Sale runs 1–8 Oct'. 26–30 s: 'Every release, with reminders: techplay.gg/calendar'. On-screen caption: 'Which one?' Sound: neutral library track. | x: Out this week (28 Sep–4 Oct):
Tue — Minecraft Dungeons II
Thu — Ghost of Yōtei Complete Edition + Most Wanted mode (reported)
Fri — Ace Combat 8: Wings of Theve
1–8 Oct — Steam Autumn Sale
Platforms + reminders: techplay.gg/calendar | threads: Four dates for this week: Minecraft Dungeons II (Tue), Ghost of Yōtei Complete Edition with the Most Wanted mode (Thu, reported), Ace Combat 8 (Fri), and the Steam Autumn Sale from Thursday to next Thursday. Which one are you picking up? | bluesky: Out this week: Minecraft Dungeons II (Tue 29 Sep), Ghost of Yōtei Complete Edition (Thu 1 Oct, reported), Ace Combat 8: Wings of Theve (Fri 2 Oct), Steam Autumn Sale (1–8 Oct). Platforms and reminders: techplay.gg/calendar | reddit: No link posts. Use the calendar to answer release-date questions where they are asked (r/gaming Simple Questions Sunday, platform subreddits), in plain text, linking only when the link answers the question (C47 rules). | discord: Buffy in #announcements, Mon 09:00: ""Out this week — Tue: Minecraft Dungeons II. Thu: Ghost of Yōtei Complete Edition (reported). Fri: Ace Combat 8: Wings of Theve. Steam Autumn Sale runs 1–8 Oct. Set reminders on the calendar and I will ping you on release day once alerts go live: https://techplay.gg/calendar"" | youtube: Shorts upload of the TikTok cut. Title: 'Out this week: 28 Sep – 4 Oct (Minecraft Dungeons II, Ace Combat 8)'. Description first line: 'Every release with platforms and reminders: techplay.gg/calendar'. | short_script: VO-free. Frame 1 (0–2 s) 'OUT THIS WEEK' + date range. Frames 2–5, one game each, 5–6 s: cover left, day + date right, one line of what it is (genre, platforms if confirmed). Frame 6 (last 4 s): 'Reminders: techplay.gg/calendar'. Same file to TikTok, Shorts, IG Reels, FB Reels. | newsletter: Next week's releases: the Monday list is on the calendar with a remind-me button on every game. [3 games + dates, pulled Friday]","Site article title and dek (weekly template): Title: Out this week: [date range] — [Game A], [Game B] and [Game C]
Dek: Every notable release this week with platforms, price at launch and a reminder button. Updated if a date moves.
Body: one H2 per day; per game: two sentences (what it is; what is new), platforms, launch price if the store lists one, links to the game page and store. Close with 'Also out' (up to 10 smaller releases) and 'Dates that moved this week'.","size: 1080x1350 | concept: Carousel: black background, cover art cropped 4:5, day in large type, date and platform line under it; last slide a calendar screenshot with 'Remind me' highlighted. | size: 1080x1920 | concept: Short-video frames from the same template; Stories version with a link sticker to the calendar. | size: 1080x1080 | concept: Facebook and X single-image variant: four covers in a grid with the days. | size: 1280x720 thumbnail | concept: Site article hero: four covers in a row with 'Out this week' and the date range. | size: web banner | concept: Homepage strip 'Out this week' linking to the article (970x90 / 320x100).",Set a reminder on the calendar,https://techplay.gg/calendar (and the weekly article on /news),https://techplay.gg/calendar?utm_source=instagram&utm_medium=organic-social&utm_campaign=c04-out-this-week&utm_content=f01-carousel-a,"ED (article, Fri pull) / SC (social) / DS (template once, then 20 min fills)","ED 1.5 h/week, SC 2 h/week, DS 0.5 h/week (template 4 h once)",0,,cta_click | reminder_set | shelf_add | registration_complete | social_share,,Week 6 review (2 Nov): keep the platform with the best calendar sessions per post as the video home; drop the lowest. Merge into C10 in GTA week; hand over to C70 on 28 Dec.,C03 | C45 (guest remind-me from 19 Oct) | C43 (release-day alerts from 19 Oct) | C49,,,No DEV dependency beyond items already scheduled; runs on the spine dates.,planned
C05,Steam Autumn Sale: Wishlist Picks,Seasonal,Social / Email,T2 should,"Use the first fixed Steam event of the quarter to show what a connected library is for, and collect newsletter and Discord sign-ups from deal hunters [R05 §7, R06 #20].","Sign-ups per 1,000 article sessions = (newsletter_signup + registration_complete with from=c05) ÷ article sessions × 1,000; library_connected with utm_campaign=c05-steam-autumn-sale.",TARGET: first measured baseline (this is the first sale campaign); set the Winter Sale (C34) target at 1.5× this ratio.,S7 | S1 | S3 | S2,site article | Instagram carousel | Facebook | X | Threads | Bluesky | Discord #deals | newsletter,2026-10-01,2026-10-08,"2026-09-30 — article drafted with placeholders; picks list chosen from games with ≥ the site's hidden-gem rating threshold | 2026-10-01 — sale opens: article live, social set, Discord pin | 2026-10-02 — The Save File issue 1 carries the picks (C40) | 2026-10-05 — mid-sale update: 5 more picks | 2026-10-08 — last day post: 'What to wait on until the Winter Sale (17 Dec)'","Twenty picks worth your money in the Autumn Sale, and what to skip until December.",Steam Autumn Sale 1–8 Oct and Winter Sale 17 Dec–4 Jan are on Valve's public calendar [R05]; every pick links to its TechPlay game page.,"facebook: The Steam Autumn Sale runs until 8 October. We picked [N] games worth buying at their sale price and noted which ones usually go lower in the Winter Sale (17 Dec). Each pick links to its game page with platforms and store links: [link] | instagram: Carousel (8 slides). S1: STEAM AUTUMN SALE / 1–8 Oct / Picks worth the money. S2–S7: one game each: cover, '[price] (−[discount]%)', one line why. S8: 'Full list + what to wait for: link in bio'.
Caption: Our picks from the Autumn Sale, checked on day one. Prices change during the sale; the article is updated when they do. | x: Steam Autumn Sale (until 8 Oct): [N] picks worth the sale price, and a short list of what usually drops further in the Winter Sale on 17 Dec. [link] | threads: The Steam Autumn Sale is on until 8 October. Our rule for the picks: games we would recommend at full price, now cheaper. Plus a list of what to leave for December. What's on your cart? | bluesky: Steam Autumn Sale picks (1–8 Oct): games we would recommend at full price, now cheaper, and what to leave for the Winter Sale on 17 Dec. [link] | reddit: No self-links in r/GameDeals or r/Steam. When someone asks 'is X worth it at this price', answer with the reason and, if TechPlay has a Verdict or game page that helps, link it once, disclosing it is ours (C47). | discord: #deals pin (Buffy): ""The Steam Autumn Sale is on until 8 Oct. Staff picks, updated during the sale: [link]. Post your own finds in this channel; the best three go in Friday's newsletter with credit."" | newsletter: Steam Autumn Sale, until 8 Oct: [N] picks worth the money, and three games that usually go lower in the Winter Sale. [link]","Article title and structure: Title: Steam Autumn Sale 2026: [N] picks worth the money (and what to wait for)
Dek: Checked on 1 Oct. Updated during the sale. Each pick links to its TechPlay game page.
Sections: Best under $10 / Best under $20 / Bigger games at their lowest this year (only where a store shows it; no invented price history) / Wait for the Winter Sale / How to see your own wishlist here (connect Steam).
Affiliate: if any store link is an affiliate link, the disclosure line sits above the first pick.","size: 1080x1350 | concept: Carousel: Steam-blue accent, cover, sale price large, discount small, one-line verdict. | size: 1080x1080 | concept: FB/X card: 'Steam Autumn Sale — picks worth the money' + 4 covers. | size: 1080x1920 | concept: Story: countdown sticker to 8 Oct 19:00 CET (Valve's end time to be checked) + link sticker. | size: 1280x720 thumbnail | concept: Article hero: 6 covers on a shelf graphic, 'Autumn Sale picks'. | size: web banner | concept: Homepage strip 'Autumn Sale picks' until 8 Oct.",Read the picks; connect Steam to bring your wishlist to TechPlay,https://techplay.gg/news/steam-autumn-sale-2026-picks (article on /news); connect: https://techplay.gg/register?from=c05,https://techplay.gg/news/steam-autumn-sale-2026-picks?utm_source=facebook&utm_medium=organic-social&utm_campaign=c05-steam-autumn-sale&utm_content=f16-post-a,"ED (picks, article) / SC (social, Discord)","ED 5 h, SC 3 h, DS 2 h",0,No paid spend: paid is gated until 19 Oct.,cta_click | newsletter_signup | registration_complete | library_connected | discord_click,,8 Oct wrap post; ratio feeds C31/C34 targets. Game pages of the picks get a 'Deals' mention in C62 once /steam exists.,"C02 (RSS/links) | C03 (UTMs) | C40 (issue 1) | C46 (article CTA block, partial)",,,No DEV dependency beyond items already scheduled; runs on the spine dates.,planned
C06,"GTA 6 Countdown ('X days to Vice City', F02)",Social,Community,T1 must,"Own a daily, low-cost GTA 6 habit that ends in a reminder or a hub visit, using only confirmed facts [R17 §4, R13 ritual 23].","Reminder conversion = reminder_set on /games/grand-theft-auto-vi or /gta6/release-time with utm_campaign=c06-gta6-countdown ÷ C06 link clicks; secondary: Story replies, Discord #gta6 messages per day.",TARGET: 52 consecutive daily posts with zero unconfirmed claims; reminder conversion UP month over month (Oct vs Nov).,S4 | S10 | S1,Instagram Stories | Facebook Stories | X | Threads | Discord #gta6 | YouTube Shorts (3/week) | TikTok (3/week),2026-09-28,2026-11-19,2026-09-28 — Day 52 | 2026-10-14 — Day 36: release-time tool ships (C08); countdown links switch to it | 2026-11-12 — Day 7: final week format (one sourced fact + one tool) | 2026-11-18 — Day 1 | 2026-11-19 — Launch day: handover to C10,"[N] days to Vice City. One confirmed fact a day, and a reminder when it matters.","Every card carries its source (Rockstar Newswire, Xbox store, IGN) from the C07 ledger [R17 §2].","facebook: Stories only (same frames as Instagram). | instagram: Story frame template: '[N] DAYS TO VICE CITY' / fact line / source line / link sticker 'Remind me'.
Seed facts (confirmed only):
Day 52 (28 Sep): GTA VI launches Thursday 19 November on PS5 and Xbox Series X|S. Source: Rockstar Newswire.
Day 51: Standard edition $79.99. Source: IGN, 24 Jun 2026.
Day 50: Ultimate Edition $99.99. Source: IGN, 24 Jun 2026.
Day 49: No PC version at launch. Source: IGN on Take-Two's CEO, 4 May 2026.
Day 48: At launch Rockstar calls it 'a single-player experience'. Source: IGN, 24 Jun 2026.
Day 47: Pre-orders opened 25 June, with the Vintage Vice City Pack as a bonus. Source: Rockstar Newswire.
Day 46: 'An Extended Look' gameplay was captured on PS5. Source: Rockstar Newswire.
Day 45: GTA VI: The Album, with Atlantic Records, releases the same day. Source: Rockstar Newswire.
Day 44: The Vice City collector's set costs about $400 and does not include the game. Source: Rockstar Newswire.
Day 43: Two earlier dates were announced before 19 November. Source: Rockstar Newswire.
Day 42: 1,058 marked locations on the TechPlay GTA 6 map (map attribution per D-020).
Day 41: 12 character profiles, Jason and Lucia first. Source: hub + Rockstar.
From Day 40, facts come from the ledger (C07); anything marked Reported carries the word 'Reported'; rumours never appear. | tiktok: Mon/Wed/Fri. 12 s: black screen, number counts down from [N+1] to [N] (1 s); fact appears line by line (8 s); source line; end card 'Reminders: techplay.gg/gta6' (3 s). Official art or Rockstar screenshots only, credited; no leaked footage. | x: [N] days to Vice City.

[Fact.]

Source: [source, date]. Every confirmed fact, with sources: techplay.gg/gta6 | threads: [N] days to Vice City. Today's confirmed fact: [fact] ([source]). What's the one thing you still want Rockstar to confirm before launch? | reddit: Not used for countdown posts (r/GTA6 has its own countdown threads). Answer factual questions there with the ledger when it helps (C47). | discord: Buffy in #gta6 daily 10:00 CET: ""[N] days to Vice City. Today's confirmed fact: [fact] (source: [source]). Tomorrow's is picked from your questions: reply with what you want checked."" | youtube: Shorts upload of the TikTok cut, same title pattern: '[N] days to GTA 6: [fact in 6 words]'. | short_script: 12 s vertical. 0–1 s count flips to [N]. 1–9 s fact typed in 2–3 lines. 9–10 s source line. 10–12 s 'Set a reminder: techplay.gg/gta6'. Captions burned in. | newsletter: GTA 6: [N] days left. This week's confirmed facts, with sources, are in the briefing below (C07).",,"size: 1080x1920 | concept: Story/short frame: huge day number in brand red, fact in white, source in grey at the bottom, small Buffy corner mark. | size: 1080x1080 | concept: X/Threads card version of the same frame. | size: 1080x1350 | concept: Weekly recap carousel (Sundays): the week's seven facts. | size: 1280x720 thumbnail | concept: Shorts cover: '[N] days' in large type over official key art (credited). | size: web banner | concept: Hub counter is the banner: server-rendered 'Days to launch' on /gta6 (D-017).",Set a GTA 6 reminder,"https://techplay.gg/gta6 (until 14 Oct), then https://techplay.gg/gta6/release-time (new)",https://techplay.gg/gta6/release-time?utm_source=instagram&utm_medium=organic-social&utm_campaign=c06-gta6-countdown&utm_content=f02-day36-story,SC (daily posting) / DS (template once) / ED (fact check against ledger),"SC 15 min/day + 45 min/week video, DS 4 h once, ED 10 min/day",0,,cta_click | reminder_set | discord_click | discord_join | social_share,,"19 Nov handover to C10; the Discord countdown becomes 'Day [N] in Vice City' for launch week only, then stops.",C07 (ledger as fact source) | C08 (release-time tool from 14 Oct) | D-017 | D-020 (map attribution before Day 42 card) | D-004,,"Repetition fatigue: Sunday recap replaces the daily frame if replies drop two weeks running. Delay risk: if Rockstar moves the date, the countdown stops the same day and the ledger explains.",No DEV dependency beyond items already scheduled; runs on the spine dates.,planned
C07,GTA 6 Confirmed-or-Rumour Ledger (F03),SEO,Social / trust,T1 must,"Make /gta6/everything-we-know the sourced reference for what is confirmed, reported and rumoured about GTA VI, updated every Thursday and on every Rockstar beat [R17 §2, R07 §3.1].",Ledger sessions from organic search and Discover (Search Console clicks on /gta6/everything-we-know) per week; plus newsletter_signup on the ledger page ÷ ledger sessions.,TARGET: 8 weekly updates by 19 Nov with a changelog; Search Console clicks UP week over week from first measurement; zero corrections that change a 'Confirmed' label.,S4 | S8 | S1,site | X | Threads | Bluesky | Instagram carousel | Reddit (comments) | Discord #gta6 | newsletter,2026-10-01,2026-12-31,2026-10-01 — ledger v1 live (converted from the existing FAQ page) | Every Thursday — update + changelog + social card | 2026-11-19 — launch: rumours about the base game resolve; ledger shifts to Online/PC status | Dec — monthly updates only,"What is confirmed about GTA 6, what is only reported, and what is rumour — with the source and date on every line.","Ledger rows already sourced in research: date, price, platforms, single-player at launch, no PC at launch, pre-order bonus, album, collector's set; reported: 30 fps, DualSense LE, modding guidelines; rumour: GTA Online 2027 [R17 §2].","facebook: GTA 6: confirmed or rumour? Our ledger lists every claim with its status and source. This week: [change 1], [change 2]. Nothing on the list is guesswork: [link] | instagram: Carousel (5 slides). S1: GTA 6 / CONFIRMED OR RUMOUR? / week of [date]. S2: CONFIRMED (green): 19 Nov, PS5 + Xbox Series X|S; $79.99 / $99.99; single-player at launch; no PC at launch. S3: REPORTED (amber): [e.g. 30 fps on consoles at launch — Tom's Hardware]. S4: RUMOUR (grey): [e.g. GTA Online for VI in 2027 — The Mirror]. S5: 'Every line has a source: link in bio'.
Caption: The GTA 6 ledger, updated every Thursday. If it is not confirmed, it says so. | x: GTA 6 ledger, updated [date]:
Confirmed: 19 Nov, PS5/Xbox Series X|S, $79.99, no PC at launch
Reported: [item] ([source])
Rumour: [item]
Changelog + sources: techplay.gg/gta6/everything-we-know | threads: Every Thursday we sort GTA 6 claims into confirmed, reported and rumour, with a source on each line. This week's change: [change]. Anything you want checked for next week? | bluesky: GTA 6 ledger update ([date]): [change]. Confirmed, reported and rumoured claims, each with a source and date: techplay.gg/gta6/everything-we-know | reddit: In r/GTA6 and r/GamingLeaksAndRumours threads where a claim is being argued, reply with the status and the primary source (Rockstar Newswire, the Xbox store listing). Link the ledger only when the thread asks for a round-up, and say it is TechPlay's page (C47). | discord: #gta6 every Thursday (Buffy): ""Ledger updated. Moved to Confirmed: [x]. New rumour logged: [y]. Want something checked? Post it with a link and we'll source it for next Thursday."" | newsletter: GTA 6 briefing: [N] days to launch. Confirmed this week: [x]. Still only reported: [y]. The full ledger with sources: [link]","Page H1, intro and ledger format: H1: GTA 6: everything confirmed, reported and rumoured
Intro: GTA VI launches on 19 November 2026 on PS5 and Xbox Series X|S. This page lists every claim we track about it, with a status and the source. Confirmed means Rockstar, Take-Two or a platform store says it. Reported means a named outlet reports it without confirmation. Rumour means neither. Updated every Thursday; the changelog is at the bottom.
Row format: Claim | Status | Source (linked) | Date | Last checked.","size: 1080x1350 | concept: Carousel with three colour bands (green/amber/grey) and source lines. | size: 1080x1080 | concept: Single card 'Moved to Confirmed this week' for X/Threads/Bluesky. | size: 1280x720 thumbnail | concept: Page OG: ledger table graphic, ≤300 KB (D-017). | size: 1080x1920 | concept: Story: 'Confirmed or rumour?' poll sticker using one live claim. | size: web banner | concept: Hub module 'Ledger updated [date]' on /gta6.",Read the ledger; get the weekly GTA 6 briefing,https://techplay.gg/gta6/everything-we-know,https://techplay.gg/gta6/everything-we-know?utm_source=x&utm_medium=organic-social&utm_campaign=c07-gta6-ledger&utm_content=f03-card-w41,ED (research and updates) / SC (distribution) / DS (template),"ED 2 h/week, SC 1 h/week, DS 3 h once",0,,cta_click | newsletter_signup | reminder_set | social_share,,After launch: ledger becomes 'GTA 6 Online and PC status' (monthly). Fix the PC contradiction on the hub ('PC — Coming Soon' vs 'not yet confirmed') on day one [R17 §1].,D-017 | C02 (hub links) | C40 (briefing slot),,,On time (D-062 interim).,planned
C08,GTA 6 Release-Time Tool + Reminder,Product,SEO,T1 must,"Ship the one GTA 6 page no countdown site pairs with an account reminder: unlock time in your time zone plus 'remind me', and use it as the hub's main conversion point to launch [R17 §3 q2/q25/q26, R09 EA-097, R21 TOOL-13].",Reminder rate = reminder_set on /gta6/release-time ÷ tool sessions; tool_run (tool=release-time) per day; registration_complete with from=gta6-release-time.,TARGET: tool live by Wed 14 Oct; reminder rate measured from day 1 and UP weekly to launch; page indexed within 7 days of launch (Search Console).,S4 | S1 | S10,site tool | all C06/C07/C10 posts | Discord | newsletter | web push (from 9 Nov),2026-10-01,2026-11-19,2026-10-01 — DEV build starts (D-018) | 2026-10-14 — tool live; countdown links switch | 2026-11-09 — push opt-in at 'remind me' (C59) | When Rockstar or the stores publish unlock times — tool updated within 1 hour; everyone with a reminder is told | 2026-11-19 — launch,"What time GTA 6 unlocks where you live, as soon as it is official, and a reminder so you do not have to check.","Rockstar has not published unlock or pre-load times as of 27 Sep; the page says so instead of guessing [R17, R09 EA-097].","facebook: What time does GTA 6 unlock where you live? Rockstar hasn't published unlock times yet. Our release-time page will show them in your time zone the moment they are official, and it can remind you when pre-load opens: techplay.gg/gta6/release-time | instagram: Story: 'What time does GTA 6 unlock where you are?' / 'Not announced yet.' / 'We'll show it in your time zone the minute it is.' / link sticker 'Remind me'. | tiktok: 15 s: phone screen recording of the page: time zone auto-detected, 'Not announced yet', tap 'Remind me'. Text: 'Nobody knows the unlock time yet. This page will, first.' | x: GTA 6 unlock times by time zone: not announced yet. When Rockstar or the stores publish them, this page shows yours and can remind you when pre-load opens: techplay.gg/gta6/release-time | threads: Nobody has official GTA 6 unlock times yet, whatever the countdown sites say. We built a page that shows yours the moment they exist, and reminds you. What time zone are you counting from? | bluesky: GTA 6 release time by time zone: not announced yet. This page will show yours as soon as it is official and can remind you: techplay.gg/gta6/release-time | reddit: Answer 'what time does GTA 6 release in [country]' threads with 'not announced yet' and the official sources to watch; link the page only once times are official (C47). | discord: #gta6 pin: ""Unlock time by time zone, and a reminder when pre-load opens: https://techplay.gg/gta6/release-time — members with a reminder get a DM here when it's official."" | newsletter: New: the GTA 6 release-time page. It shows the unlock time in your time zone once Rockstar publishes it, and can remind you when pre-load opens. [link] | push: GTA 6 unlock times are out. Yours: [time, zone]. Pre-load: [date/time or 'not yet'].",,size: 1080x1920 | concept: Screen recording of the tool for Stories/Shorts. | size: 1080x1080 | concept: Card: world clock faces with '?' and 'Not announced yet — we'll tell you'. | size: 1280x720 thumbnail | concept: Page OG ≤300 KB: clock + 'GTA 6 release time in your time zone'. | size: 1080x1350 | concept: Launch-week carousel once times are official: one slide per region. | size: web banner | concept: Hub hero button 'What time does it unlock for me?' + article inline card.,Remind me when GTA 6 unlocks,https://techplay.gg/gta6/release-time (new),https://techplay.gg/gta6/release-time?utm_source=x&utm_medium=organic-social&utm_campaign=c08-gta6-release-time&utm_content=tool-launch-a,"DEV (build) / ED (copy, sources, monitoring) / SC (promotion)","DEV 16 h, ED 4 h + 15 min/day monitoring from 1 Nov, SC 2 h",0,,tool_run | reminder_set | reminder_delivered | registration_complete | notification_enabled,tool_run(tool=release-time),After 19 Nov: page becomes 'GTA 6 on PC: status' tracker with the same reminder mechanic (announcement watch).,D-018 | D-016 / C45 | D-013 / C43 | C59 (push) | C07,"/gta6/release-time server-renders an H1, the confirmed date (19 Nov 2026, PS5 and Xbox Series X|S) and a status line: 'Unlock time: not announced yet' until an official source exists. | Visitor's time zone detected; manual override; once official, shows unlock and pre-load times per platform with the source link. | 'Remind me' works for guests via the C45 modal and for members directly; reminder channels: email (C43), Discord DM (C43), web push after C59. | No invented times or file sizes anywhere; a 'Last checked' timestamp on the page. | FAQPage schema for 'What time does GTA 6 release?', 'Can I pre-load GTA 6?', 'Is GTA 6 on PC?' with answers that match the ledger. | tool_run (tool=release-time) fires on time-zone render; reminder_set fires on reminder.",,On time (D-018).,planned
C09,GTA 6 Giveaway,Giveaway,,T2 should,"If a GTA 6 giveaway is really configured in the admin, run it honestly to its 20 Oct close and publish a winner on 21 Oct; if not, remove every promise of giveaways until one exists [R02 §10, R16 §2.15].",Quality entrants = giveaway_entered (first entry) whose account reaches library_connected or ≥3 shelf items within 7 days ÷ all giveaway_entered.,"TARGET: winner published 21 Oct; giveaway-only accounts (entered, no other action in 7 days) BELOW 70% of entrants (stop rule from R16 T13).",S4 | S10 | S1,"site (/giveaway/{slug}, JoinPrompt slot) | Discord | X | Instagram | Facebook | newsletter",2026-09-28,2026-10-21,"2026-09-28 — SC + EIC verify in admin: prize, rules, end date, tasks. If nothing live: stop here and remove 'Enter exclusive giveaways' from register/Discord copy | 2026-09-29 — remove share/retweet tasks from any entry path promoted on Meta; add official rules + 'no purchase necessary' | 2026-10-01 — /giveaways indexable while live (D-039) | 2026-10-13 — 'one week left' reminder | 2026-10-20 — close (per code comment; confirm the hour in admin) | 2026-10-21 — winner post","A GTA 6 prize, free entry with a TechPlay account, drawn on 20 October.","Entry requires an account (anti-fraud), official rules are linked, the winner is published on the site and in Discord [R16 §2.12].","facebook: We're giving away [prize] for GTA 6. Entry is free with a TechPlay account; no purchase necessary. Closes [20 Oct, time CET]. Official rules and entry: [link]. This promotion is not sponsored, endorsed or administered by Meta. | instagram: Post (1080x1350): prize photo, 'GTA 6 GIVEAWAY / closes 20 Oct'.
Caption: [Prize] for GTA 6, drawn on 20 October. Free entry with a TechPlay account, no purchase necessary. Rules and entry: link in bio. Not sponsored or administered by Instagram or Meta. | x: GTA 6 giveaway: [prize]. Free entry with a TechPlay account, no purchase necessary, closes 20 Oct. Rules + entry: techplay.gg/giveaway/[slug] | threads: We're drawing [prize] on 20 October for GTA 6. Free with a TechPlay account. Rules and entry at techplay.gg/giveaway/[slug] | discord: #announcements: ""The GTA 6 giveaway closes 20 Oct. Prize: [prize]. Enter with your TechPlay account (sign in with Discord takes one click): [link]. Rules are on the page. The winner is announced here on 21 Oct."" | newsletter: Last call: the GTA 6 giveaway ([prize]) closes on 20 October. Free entry with a TechPlay account: [link]","Winner post (21 Oct, site + Discord + X): The GTA 6 giveaway is drawn. Winner: @[username] (with their consent), picked at random from [N] valid entries on 20 Oct. Thanks to everyone who entered. The next giveaway will be posted here and in Discord first. | If no giveaway is live (28 Sep decision): Remove 'Enter exclusive giveaways' from /register, SignInWall and the Discord card 'Giveaway pings before they close' until a giveaway is configured. No public post.","size: 1080x1350 | concept: Prize photo on dark background, 'Closes 20 Oct', 'Free entry with a TechPlay account'. | size: 1080x1080 | concept: X/FB version with rules URL in small type. | size: 1080x1920 | concept: Story with countdown sticker to close. | size: 1280x720 thumbnail | concept: Giveaway page OG. | size: web banner | concept: JoinPrompt giveaway slot (already built) on articles for guests.",Enter the giveaway (free with a TechPlay account),https://techplay.gg/giveaway/{slug} (and https://techplay.gg/giveaways while live),https://techplay.gg/giveaway/gta-6?utm_source=discord&utm_medium=community&utm_campaign=c09-gta6-giveaway&utm_content=announce-a,"SC (running it) / EIC (rules, prize, winner sign-off)","SC 4 h, EIC 2 h, DEV 1 h (D-039)",0,Prize as already configured in admin; no new spend. No paid promotion (R16: not before fraud score and task audit).,giveaway_entered | giveaway_task_done | registration_complete | library_connected | discord_join,,"Report entrants, quality-entrant share and giveaway-only share by 23 Oct; that result decides whether C30/C29 use a prize at all.",Admin verification 28 Sep | D-039 | C01 (register copy) | C03 (giveaway_entered),,Meta Promotions policy bans required shares; account-as-entry may count as consideration in some US states (legal check before any paid push) [R16 §2.15].,On time (D-039a/b + D-041; promotion possible from Tue 29 Sep if the giveaway is confirmed live).,planned
C10,GTA 6 Launch Week,Community,Social / SEO / Product,T1 must,"Be useful to GTA VI players for the seven days around 19 Nov: unlock time, what to do first, the map tracker, a live thread in Discord, and a launch verdict, each ending in a reminder, a shelf add or a Discord join [R17 §9].","Launch-week conversions = registration_complete + library_connected + discord_join (invite C10) + shelf_add (GTA VI) during 16–22 Nov, by utm_campaign.",TARGET: highest weekly WRM of the quarter; Discord joins in launch week UP vs the previous 4-week average.,S4 | S10 | S1 | S2,"site (hub, live blog, guides) | Discord (event + #gta6) | X live thread | Instagram | TikTok/Shorts/Reels | Facebook | Threads | Bluesky | newsletter | web push",2026-11-16,2026-11-22,"2026-11-16 — 'GTA 6 launch week: everything you need' article; Out This Week is GTA week | 2026-11-17 — editions + unlock times recap (if official); pre-load post | 2026-11-18 20:00 CET — Discord 'Launch Eve' voice/Stage event | 2026-11-19 — launch: live blog (F20) from unlock; map tracker live (C11); 'What to do first' guide | 2026-11-20 — Game Club November kicks off (C38) | 2026-11-21 — (to 22 Nov) launch verdict (C52) once an editor has played enough; first guides (money, cars, settings)","GTA 6 is out. Here's the time it unlocked for you, what to do first, and a map that remembers what you've found.","Release-time tool, ledger, 1,058-location map with progress tracker, 121 vehicles with classes (C12), 12 characters [R17].","facebook: GTA 6 is out on PS5 and Xbox Series X|S. Three things on TechPlay for your first night: the unlock-time page, a 'what to do first' guide with no story spoilers, and a map that remembers what you've found when you sign in: techplay.gg/gta6 | facebook_groups: In GTA groups, answer launch-night questions (unlock time, pre-load, 'is it on PC') in plain text; link the release-time page only where it answers the question. | instagram: Launch-day carousel (6 slides): 1 'GTA 6 IS OUT' / 2 'Unlocked at [time] in your zone? Check: link in bio' / 3 'What to do first (no spoilers)' / 4 'Map tracker: mark what you've found' / 5 'Join the launch thread on our Discord' / 6 'Launch verdict: this weekend'.
Caption: Out now on PS5 and Xbox Series X|S. No PC version at launch. Everything we built for the first week is on the hub. | tiktok: Launch day, 20 s: 'GTA 6 is out. Three things before you start:' 1) 'Check your unlock time (it varies by region)' 2) 'The map tracker saves what you've found' 3) 'Our verdict lands this weekend'. End card techplay.gg/gta6. | x: GTA 6 is out on PS5 and Xbox Series X|S.

Live thread below: unlock times as they happen, server status, what to do first. Map tracker (sign in to save progress): techplay.gg/gta6/map | threads: GTA 6 is out. We're running a live thread in our Discord all night: unlock times, server status, first impressions. Come argue about the radio stations. | bluesky: GTA 6 is out on PS5 and Xbox Series X|S. Live notes, unlock times and a spoiler-free 'what to do first' on the hub: techplay.gg/gta6 | reddit: No launch self-posts. Help in r/GTA6 launch megathreads with specific answers (unlock time sources, pre-load, platform questions). Link the map tracker only when someone asks for a way to track collectibles (C47). | discord: Event (created 9 Nov): 'GTA 6 Launch Eve' — Wed 18 Nov, 20:00 CET, #gta6-stage. ""Countdown, the last confirmed facts, and a vote on what everyone does first. Launch-night thread opens at unlock."" Launch post Thu: ""It's out. #gta6-launch is the spoiler-free thread; #gta6-spoilers for everything else. Map tracker saves your progress if you're signed in: https://techplay.gg/gta6/map"" | youtube: Shorts: 'GTA 6 unlock time explained in 20 seconds' (only once official) and 'First thing to do in GTA 6 (no spoilers)'. Long-form pilot on 12 Nov (C50) is the pre-launch piece. | short_script: 'What to do first in GTA 6 (no spoilers)', 25 s: 5 on-screen tips from the guide, each 4 s, official screenshots only, end card techplay.gg/gta6. | newsletter: Special issue, Thu 19 Nov: GTA 6 is out. Unlock times, what to do first, the map tracker, and the Game Club schedule for November. | push: GTA 6 is unlocked where you are. What to do first, spoiler-free: [link]","Launch-week article list (ED): 16 Nov: GTA 6 launch week: dates, editions, unlock times and what we know. 17 Nov: How to pre-load GTA 6 on PS5 and Xbox (only once official). 19 Nov: Live blog. 19 Nov: What to do first in GTA 6 (no story spoilers). 20 Nov: GTA 6 on PC: what Take-Two has said (status tracker). 21–22 Nov: Verdict (C52). 22 Nov: How to make money early in GTA 6 / best early cars (only from play, not rumours).","size: 1080x1350 | concept: Launch carousel on official key art (credited). | size: 1080x1920 | concept: Stories: unlock-time frames per region; 'Launch Eve' event poster. | size: 1080x1080 | concept: Discord event cover and X card. | size: 1280x720 thumbnail | concept: Live blog and verdict OG images ≤300 KB. | size: web banner | concept: Homepage takeover strip 16–22 Nov linking /gta6 (SSR link, fixes R02 §4.1 gap).",Open the map tracker / join the launch thread,https://techplay.gg/gta6 ; https://techplay.gg/gta6/map ; https://techplay.gg/gta6/release-time (new),https://techplay.gg/gta6/map?utm_source=x&utm_medium=organic-social&utm_campaign=c10-gta6-launch-week&utm_content=live-thread-a,"EIC (verdict, live blog lead) / ED (guides) / SC (Discord event, social) / DS (launch set) / DEV (on call for tracker)","EIC 12 h, ED 20 h, SC 14 h, DS 6 h, DEV 6 h (week total)",0,,registration_complete | library_connected | shelf_add | discord_join | reminder_delivered | cta_click | comment_created,,"23 Nov retro: what converted. GTA content then moves to monthly: PC status, Online status, guides that search picks up.",C06 | C07 | C08 | C11 | C12 | C38 | C52 | C59 | D-017 | D-020,,Server-status and performance claims only from official channels or own play; no leaked footage (Rockstar is policing IP) [R17 §10].,No DEV dependency beyond items already scheduled; runs on the spine dates.,planned
C11,GTA 6 Map Progress Tracker,Product,,T3 cut first,"Turn the existing map into a tool players keep open after launch: sign in, mark locations found, see progress; ships on 19 Nov [R17 §7 #6, R21 TOOL-14].",Tracker adoption = accounts with ≥1 location marked ÷ accounts that opened /gta6/map signed in; registrations from=gta6-map.,TARGET: live at unlock on 19 Nov; D-020 provenance resolved before launch; share of trackers with ≥10 marks after 7 days measured and reported 26 Nov.,S4 | S2 | S10,site | C10 launch posts | Discord | push,2026-11-02,2026-12-31,2026-10-16 — D-020 decision: permission/attribution from gtadb.org or rebuild of the location set | 2026-11-02 — build starts | 2026-11-16 — feature-flagged QA | 2026-11-19 — live with launch | 2026-11-26 — first adoption report,A GTA 6 map that remembers what you've found.,"1,058 marked locations already on /gta6/map; accounts and shelves already exist [R17].","instagram: Story: screen recording of marking three locations and the progress bar moving. Link sticker 'Track your map'. | x: The GTA 6 map on TechPlay now saves your progress: mark what you've found, see what's left per category. Sign in to keep it across devices: techplay.gg/gta6/map | discord: #gta6: ""The map tracker is live: mark locations as found and it remembers. Sign in with Discord to save progress: https://techplay.gg/gta6/map"" | newsletter: New for launch: the GTA 6 map remembers what you've found once you sign in. [link] | push: Your GTA 6 map: [N] locations found. [Category] has [M] left.",,"size: 1080x1920 | concept: Screen recording of the tracker for Stories/Shorts. | size: 1080x1080 | concept: Card: map crop with checkmarks, 'Your map remembers'. | size: 1280x720 thumbnail | concept: /gta6/map OG ≤300 KB.",Sign in to save your map progress,https://techplay.gg/gta6/map,https://techplay.gg/gta6/map?utm_source=discord&utm_medium=community&utm_campaign=c11-gta6-map-tracker&utm_content=launch-a,DEV (build) / EIC (D-020 decision) / SC (launch posts),"DEV 24 h, EIC 2 h, SC 1 h",0,,cta_click | registration_complete | shelf_add | d1_return,,Collectibles layer added as guides confirm them; report 26 Nov decides whether trackers get a share card.,D-020 | D-016 / C45 | C10,Signed-in users can mark/unmark any location; progress bar per category and overall; state saved server-side. | Guests see a 'Sign in to save your progress' prompt (C45 modal) and return to the map after registering. | Attribution line on the map reflects the D-020 outcome; 211 unconfirmed locations visibly labelled as such. | Post-launch additions (collectibles) can be added in the admin without a deploy. | cta_click (cta_id=map-mark) and registration_complete (from=gta6-map) fire.,Presenting third-party map data as our own; blocked until D-020 is resolved.,On time (D-056).,planned
C12,"GTA 6 Vehicle Guide (classes + real-world equivalents, sourced)",SEO,Social,T2 should,"Fill the empty vehicle_class and real_equivalent fields for the 121 vehicles with sourced editorial data, then publish the one GTA 6 vehicle view fan sites do not have: 'what real car is this?' [R17 §3 q14, R21 TOOL-15].",Search Console clicks on /gta6/vehicles; carousel saves and shares; share of 121 vehicles with a sourced class and labelled equivalent.,TARGET: 121/121 classes and ≥60 equivalents (only where a trailer/screenshot supports it) by 21 Oct; each equivalent labelled 'our reading'.,S4 | S10,site | Instagram carousel | TikTok/Shorts | X | Threads | Discord #gta6,2026-10-05,2026-10-21,"2026-10-05 — data entry starts (ED, 20 vehicles/day max) | 2026-10-19 — review by EIC | 2026-10-21 — publish + carousel | 2026-11-19 — update from launch play","Every confirmed GTA 6 vehicle, its class, and the real car it looks like, with the frame we took it from.",121 vehicle names already in the hub; classes and equivalents are editorial readings with a source frame per entry [spine §0].,"instagram: Carousel (7 slides). S1: GTA 6 CARS / AND THE REAL CARS THEY LOOK LIKE. S2–S6: one vehicle each: in-game name, class, 'Looks like: [real car]', 'Source: [trailer, timestamp]'. S7: 'All 121 vehicles: link in bio'.
Caption: Our reading of five GTA 6 cars and the real cars behind them. Rockstar doesn't name real models; these are our matches, with the frame we used. Disagree? Tell us which one. | tiktok: 25 s: side-by-side stills (official screenshot left, real car silhouette right, no third-party photos without licence), 5 vehicles × 4 s, text 'Our reading'. End: 'All 121: techplay.gg/gta6/vehicles'. | x: GTA 6 has 121 confirmed vehicles on our list. We matched [N] of them to the real cars they look like, with the trailer frame for each. Our reading, not Rockstar's: techplay.gg/gta6/vehicles | threads: Which real car is this GTA 6 car based on? We went through the trailers and matched [N] of 121. Tell us where we got it wrong. | discord: #gta6: ""Vehicle list updated: classes for all 121 and our real-world matches for [N]. Post the ones you think are wrong with a timestamp, and we'll fix and credit you."" | newsletter: GTA 6 vehicles: all 121 now have a class, and [N] have a real-world match with the frame we took it from. [link]",,"size: 1080x1350 | concept: Carousel: in-game screenshot top, real-car silhouette drawing bottom (DS draws; no licensed photos needed). | size: 1080x1920 | concept: Short-video frames from the same assets. | size: 1080x1080 | concept: X card: grid of 4 matches. | size: 1280x720 thumbnail | concept: /gta6/vehicles OG ≤300 KB.",See all 121 vehicles,https://techplay.gg/gta6/vehicles,https://techplay.gg/gta6/vehicles?utm_source=instagram&utm_medium=organic-social&utm_campaign=c12-gta6-vehicles&utm_content=carousel-a,"ED (data entry, sourcing) / DS (silhouettes) / SC (distribution)","ED 12 h, DS 4 h, SC 1.5 h, EIC 1 h",0,,cta_click | social_share | comment_created,,Launch update from play; community corrections credited in the changelog.,Admin fields vehicle_class / real_equivalent editable | D-017 (OG),,"Trademark: no manufacturer logos; say 'looks like', never 'is'.",On time (D-061).,planned
C13,WoW 12.1.5 Readiness Push,Community,Product / Social,T1 must,"Re-aim the WoW Analyzer at the next patch and get WoW players to run it the week the patch lands (predicted ~6 Oct), from Discord, r/wow answers and a patch-day checklist [R05, R06 #12, R21 TOOL-17].","Analyzer runs = tool_run (tool=wow) during 5–12 Oct, by utm_source; registrations with method=battlenet in the same window.",TARGET: runs in patch week UP vs the previous 7 days (baseline from the collector); copy fixed (D-040) before 5 Oct.,S5 | S10,site | Discord #wow | X | Reddit (comments) | Threads | Bluesky | newsletter | Shorts,2026-10-05,2026-10-12,"2026-10-02 — D-040 copy live (no stale Midnight date, no unbacked figures) | 2026-10-05 — 'Patch 12.1.5 checklist' article; Readiness Check post | ~2026-10-06 — patch (Blizzard has not dated it as of 27 Sep; move with the real date) | 2026-10-06 — first weekly reset post after patch (F15 Tue) | 2026-10-12 — wrap",Patch 12.1.5 is close. Paste your character and see what to fix before it lands.,"The Analyzer reads Blizzard's API and Raider.IO; the only on-site character analyzer among the media sites reviewed [R18, R23 #23].","facebook_groups: WoW guild/community groups: answer readiness questions; share the Analyzer only if the group allows tool links. | x: WoW patch 12.1.5 is expected around 6 Oct (Blizzard hasn't dated it yet). Before it lands: paste your character into the Analyzer and get a gear, enchant and progression check. No account needed: techplay.gg/wow-analyzer | threads: WoW players: 12.1.5 is expected early October. What are you fixing before it lands? The Analyzer gives a quick gear and enchant check if you want a second opinion. | bluesky: WoW 12.1.5 is expected around 6 Oct. A quick readiness check (gear, enchants, progression) takes a character name and realm: techplay.gg/wow-analyzer | reddit: r/wow, r/wownoob: answer 'am I ready for X' and 'what should I upgrade' questions with specific advice first. Mention the Analyzer only when the poster asks for a tool, disclosing it is TechPlay's (C47). | discord: #wow (Buffy, Tue after reset): ""Readiness Check: patch 12.1.5 is close. Run /analyze or paste your character at https://techplay.gg/wow-analyzer and post your score. Lowest-scoring volunteer this week gets a staff gear review in voice on Thursday."" | youtube: Shorts: same recording. Title: 'WoW 12.1.5: check your character in 20 seconds'. | short_script: 20 s screen recording: type character + realm, result appears, zoom on 'Missing enchants: 2'. Text: 'Patch 12.1.5 is close. Check yours: techplay.gg/wow-analyzer'. | newsletter: WoW 12.1.5 is expected early October. Our patch checklist and the Analyzer's readiness check: [link]","Article: Title: WoW patch 12.1.5: the checklist before it lands
Dek: Blizzard hasn't dated 12.1.5 yet; the patch cycle points to early October. Blizzard Watch's preview mentions the Labyrinth and Aqir invasions (check against Blizzard's own notes before publishing). What to prepare, and a 20-second character check.","size: 1080x1920 | concept: Analyzer screen recording (Shorts/Stories). | size: 1080x1080 | concept: Card: sample analysis result (a staff character), 'Ready for 12.1.5?'. | size: 1280x720 thumbnail | concept: New Analyzer OG ≤300 KB (D-040).",Check your character,https://techplay.gg/wow-analyzer,https://techplay.gg/wow-analyzer?utm_source=discord&utm_medium=community&utm_campaign=c13-wow-1215-readiness&utm_content=f15-reset-a,"ED (article, Analyzer copy) / SC (Discord, Reddit, social)","ED 5 h, SC 4 h, DEV 1 h (D-040)",0,,tool_run | registration_complete | discord_join | cta_click,tool_run(tool=wow),Analyzer copy re-aimed per patch from now on; F15 Readiness Check continues every Tuesday.,D-040 | C01,,Patch date is a prediction; copy says 'expected' until Blizzard dates it.,No DEV dependency beyond items already scheduled; runs on the spine dates.,planned
C14,WoW: Forever Explainer + Analyzer,SEO,Community,T2 should,"Answer 'what is WoW: Forever and which WoW should I play' before and after its 4 Nov launch, and route Retail players to the Analyzer [R05 row 4 Nov, R06 #11].",Explainer organic clicks (Search Console) + Discover clicks; tool_run (tool=wow) from the explainer; newsletter_signup from the explainer.,TARGET: explainer live 28 Oct and updated on 4 Nov; indexed before launch day.,S5 | S1,site | X | Threads | Bluesky | Discord #wow | Reddit (comments) | newsletter,2026-10-28,2026-11-08,2026-10-28 — 'WoW: Forever explained: which WoW should you play?' | 2026-11-04 — launch day update + impressions | 2026-11-08 — 'first week of WoW: Forever' follow-up; feeds /mmo (C15),"Retail, Classic and WoW: Forever, in plain words, and which one fits the time you have.","TechPlay covered 'WoW: Forever is not for Retail' (24 Sep); Blizzard's gold-buying warning is on record [R02 §7.2, R06].","x: WoW: Forever launches 4 Nov. Which WoW is which, what carries over and what doesn't, and which one fits the time you have: [link] | threads: WoW has three live versions from 4 November. We wrote the plain explanation we wanted: what WoW: Forever is, who it's for, and what it isn't. | bluesky: WoW: Forever launches 4 Nov. A plain explainer: Retail vs Classic vs Forever, and which one fits your schedule. [link] | reddit: Answer 'should I play Forever or Retail' threads in r/wow with the actual differences from Blizzard's FAQ; link the explainer only if asked for a summary (C47). | discord: #wow: ""WoW: Forever is out 4 Nov. Explainer here: [link]. Launch-night voice channel opens at 19:00 CET for anyone trying it."" | newsletter: WoW: Forever launches 4 November. Which WoW is which, in five minutes: [link]","Article H1 and dek: H1: WoW: Forever explained: which World of Warcraft should you play?
Dek: Blizzard launches WoW: Forever on 4 November. How it differs from Retail (Midnight) and Classic, what it costs, and what carries over, from Blizzard's own FAQ. Checked on [date].
Analyzer note: 'The Analyzer reads Retail characters today. If Blizzard's API covers WoW: Forever characters, we'll add them and say so here.'",size: 1080x1080 | concept: Three-column card: Retail / Classic / Forever with one line each. | size: 1280x720 thumbnail | concept: Explainer OG. | size: 1080x1350 | concept: Carousel version of the comparison.,Read the explainer; check your Retail character,https://techplay.gg/guides/wow-forever-explained (article on /guides); https://techplay.gg/wow-analyzer,https://techplay.gg/guides/wow-forever-explained?utm_source=bluesky&utm_medium=organic-social&utm_campaign=c14-wow-forever&utm_content=explainer-a,ED,"ED 6 h, SC 2 h",0,,cta_click | tool_run | newsletter_signup,tool_run(tool=wow),Explainer moves into /mmo (C15) as a pillar page on 10 Nov.,C13 | C15,,,No DEV dependency beyond items already scheduled; runs on the spine dates.,planned
C15,MMO Hub launch (/mmo),SEO,Product,T3 cut first,"Give pillar P3 a home: one hub for WoW (Analyzer, patch calendar, WoW: Forever), FFXIV (Evercold, Jan 2027) and GW2/GW3, built on the hub template [R18 blueprint 1].",Hub sessions from search and Discover; hub → Analyzer click-through (cta_click cta_id=mmo-analyzer); newsletter_signup (WoW weekly segment).,TARGET: live 10 Nov with ≥6 linked pillar pages; indexed within 14 days; Analyzer click-through measured from week 1.,S5 | S10,site | Discord #wow | X | Bluesky | newsletter,2026-11-02,2026-11-10,2026-11-02 — template ready (D-032) | 2026-11-10 — hub live | 2027-01 — FFXIV Evercold update,"Everything TechPlay has for MMO players in one place, starting with the only character analyzer on a gaming site.","WoW Analyzer; WoW: Forever explainer; patch calendar; FFXIV Evercold January 2027; Guild Wars 3 beta fall 2027 [R05, R18].","x: New on TechPlay: an MMO hub. WoW Analyzer, the patch calendar, WoW: Forever explained, and FFXIV Evercold ahead of January: techplay.gg/mmo | bluesky: We put our MMO coverage in one place: WoW Analyzer, patch calendar, WoW: Forever explainer, FFXIV Evercold and Guild Wars: techplay.gg/mmo | discord: #wow + #announcements: ""New hub for MMO players: https://techplay.gg/mmo — tell us what's missing in #suggestions."" | newsletter: New: the TechPlay MMO hub, with a weekly WoW email for Analyzer users if you want it. [link]",,"size: 1280x720 thumbnail | concept: Hub OG: three game logos-free panels (WoW, FFXIV, GW) with typography only. | size: web banner | concept: Analyzer result page module 'More for MMO players'.",Open the MMO hub,https://techplay.gg/mmo (new),https://techplay.gg/mmo?utm_source=discord&utm_medium=community&utm_campaign=c15-mmo-hub&utm_content=launch-a,ED (content) / DEV (template),"ED 8 h, DEV 8 h (share of D-032)",0,,cta_click | tool_run | newsletter_signup,tool_run(tool=wow),Monthly: patch calendar refresh; Evercold page Jan 2027.,D-032 | C14 | C13,"/mmo server-renders an H1, intro paragraph, links to Analyzer, WoW patch calendar, WoW: Forever explainer, FFXIV Evercold page, GW2/GW3 page, MMO comparison. | Hub linked from the header Tools/Discover menu (SSR) and from every WoW article's end block. | WoW weekly newsletter segment sign-up box on the hub.",,D-032 hub template slips to Jan 2027. Interim: ED publishes the MMO pillar article on /guides on 10 Nov; the hub absorbs it with a 301 in January. Hub copy is held until then.,planned
C16,Gears of War: E-Day launch utility,SEO,Social,T2 should,"Cover Gears of War: E-Day (6 Oct, PC and Xbox) with the pages players search for around launch: series order, release time, PC requirements from official sources, and a Verdict [R05, R18 #23].",Organic + Discover clicks on the three Gears pages in 1–10 Oct; shelf_add for E-Day.,TARGET: 'Gears of War in order' live 3 Oct (C63); launch page live 5 Oct; Verdict by 10 Oct if a copy is available.,S1 | S3 | S2,site | X | Instagram carousel | Threads | Discord | newsletter,2026-10-01,2026-10-10,"2026-10-03 — Gears of War in order (F09/C63) | 2026-10-05 — 'Gears of War: E-Day: release time, platforms and PC specs' | 2026-10-06 — launch | 2026-10-08 to 10 — Verdict (C52) if played","E-Day is out 6 October on PC and Xbox. The order to play the series in, and what your PC needs.",Series relations in the database; release date confirmed by the publisher [R05].,"instagram: Carousel: 'GEARS OF WAR IN ORDER' — one slide per game with year and where to play it now; last slide 'E-Day: 6 Oct'. Caption: Story order vs release order, and where each Gears game is playable today. | x: Gears of War: E-Day is out 6 Oct on PC and Xbox. Every Gears game in order, with where each one is playable today: techplay.gg/[link] | threads: E-Day is out 6 October. Is anyone replaying the whole series first, or going straight in? | discord: #gaming: ""Gears of War: E-Day is out 6 Oct. Series order here: [link]. Launch thread opens on the day."" | newsletter: Gears of War: E-Day is out Tuesday on PC and Xbox. The series in order, and official PC requirements: [link]",,"size: 1080x1350 | concept: Series timeline carousel. | size: 1280x720 thumbnail | concept: Article OG: timeline strip. | size: 1080x1080 | concept: X card: 'E-Day, 6 Oct, PC + Xbox'.",Read the series order / add E-Day to your shelf,https://techplay.gg/guides/gears-of-war-in-order (article on /guides),https://techplay.gg/guides/gears-of-war-in-order?utm_source=x&utm_medium=organic-social&utm_campaign=c16-gears-eday&utm_content=f09-thread-a,ED,"ED 6 h, SC 1.5 h, DS 1 h",0,,cta_click | shelf_add | reminder_set,,Series page stays evergreen; update with E-Day's reception.,C63 | C52,,,No DEV dependency beyond items already scheduled; runs on the spine dates.,planned
C17,Modern Warfare 4 launch hub,SEO,Social,T2 should,"Answer the MW4 launch questions TechPlay can answer precisely: editions and early access (16 Oct), release date (23 Oct), platforms including Switch 2, Game Pass status, PC requirements and Secure Boot/anti-cheat setup [R05, R09 EA-006].",Organic + Discover clicks on MW4 pages 12 Oct–1 Nov; library_connected + shelf_add for MW4 from those pages.,TARGET: hub article live 12 Oct; PC fix tie-in (C60) live 16 Oct; 'which CoD should I get' comparison live 20 Oct.,S1 | S3 | S6 | S7,site | X | Instagram carousel | TikTok/Shorts | Threads | Discord | newsletter,2026-10-12,2026-11-01,"2026-10-12 — 'Call of Duty: Modern Warfare 4: release date, editions, early access, platforms' | 2026-10-16 — campaign early access (digital pre-orders) | 2026-10-20 — 'Which Call of Duty should I get?' comparison | 2026-10-23 — launch on PS5, Xbox, PC, Switch 2 | 2026-11-01 — fold into Call of Duty series page (C63)","MW4: early access on 16 October, full launch on 23 October, and the first Call of Duty on a Nintendo platform since Ghosts.","Release, early access and platforms confirmed by Activision; not day one on Game Pass [R05].","instagram: Carousel: S1 'MW4: THE DATES'. S2 '16 Oct — campaign early access (digital pre-orders)'. S3 '23 Oct — launch: PS5, Xbox, PC, Switch 2'. S4 'Not day one on Game Pass'. S5 'First CoD on a Nintendo platform since Ghosts'. S6 'Editions + PC specs: link in bio'. | tiktok: 15 s text-on-footage (official trailer, credited): '16 Oct: early access. 23 Oct: launch. Four platforms, Switch 2 included. Not on Game Pass at launch.' End card link. | x: Modern Warfare 4: campaign early access 16 Oct for digital pre-orders, full launch 23 Oct on PS5, Xbox, PC and Switch 2. It is not on Game Pass at launch. Editions and PC requirements: [link] | threads: MW4 on Switch 2 is the part I'm most curious about. Anyone planning to play it there instead of PS5 or PC? | discord: #fps: ""MW4 dates: early access 16 Oct, launch 23 Oct. Squad-up thread for launch weekend is open, post your platform."" | short_script: 15 s: three date cards over official footage, final card 'Switch 2 included. Not on Game Pass at launch.' | newsletter: Modern Warfare 4: early access Friday 16 Oct, launch 23 Oct on four platforms. What each edition includes: [link]",,size: 1080x1350 | concept: Dates carousel. | size: 1080x1920 | concept: Short-video frames. | size: 1280x720 thumbnail | concept: Hub article OG. | size: 1080x1080 | concept: X card.,Read the MW4 guide; set a launch reminder,https://techplay.gg/guides/modern-warfare-4-release-date-editions (article on /guides),https://techplay.gg/guides/modern-warfare-4-release-date-editions?utm_source=instagram&utm_medium=organic-social&utm_campaign=c17-mw4-hub&utm_content=carousel-a,ED / SC,"ED 10 h, SC 3 h, DS 2 h",0,,cta_click | reminder_set | shelf_add,,After 1 Nov: merge into CoD series page; keep PC settings page in the PC Fix Hub.,C60 | C63 | C61 (Switch 2 angle),,,No DEV dependency beyond items already scheduled; runs on the spine dates.,planned
C18,Steam Next Fest Demo Tracker (with F23 Next Fest Diary),Community,SEO / Social,T1 must,"Cover Next Fest (19–26 Oct) as a player would: three demos a day tried and rated, a tracker of demos worth your time, and 'remind me at release' on every one [R05, R06 #21, R14 #37-38].",Reminders from Next Fest = reminder_set on demo games' pages with utm_campaign=c18-next-fest; plus Discord messages in #next-fest.,TARGET: 24 demos covered (3/day × 8 days); reminder_set from tracker measured; ≥1 developer AMA from C71 outreach.,S3 | S1 | S9 | S10,site tracker article | Discord #next-fest | TikTok/Shorts/Reels | X | Threads | Bluesky | Reddit (comments) | newsletter,2026-10-12,2026-10-30,2026-10-08 — press preview (developers' materials) | 2026-10-12 — 'Next Fest October 2026: 20 demos to try' pre-list | 2026-10-19 — fest opens; diary day 1 | 2026-10-26 — fest ends; 'best demos' wrap | 2026-10-30 — 'Next Fest demos you can remind yourself about',"Three Next Fest demos a day, played and rated, with a reminder for the ones that stick.",Steam Next Fest 19–26 Oct is on Valve's calendar; every demo links to its TechPlay game page with 'remind me' (C45 from 19 Oct) [R05].,"tiktok: Daily 30 s: '3 Next Fest demos in 30 seconds'. 9 s per demo: official demo footage (captured by us), name, one-line verdict, 'remind me' tag. | x: Next Fest diary, day [N]: we played [Demo A], [Demo B] and [Demo C]. Best of the three: [Demo] — [one line why]. Ratings + remind-me buttons: [link] | threads: Next Fest day [N]. Played three demos; one was great, one wasn't finished, one surprised me. What's the best demo you've tried this fest? | bluesky: Next Fest diary, day [N]: [Demo A], [Demo B], [Demo C], rated. Each has a reminder for its release: [link] | reddit: In r/pcgaming and r/Steam Next Fest threads, write two lines about demos you actually played. Link the tracker only in threads asking for round-ups, disclosed (C47). | discord: #next-fest (Buffy, daily 18:00 CET): ""Today's three: [A], [B], [C]. Scores and notes: [link]. Your picks go in the pinned thread; the most-recommended member pick gets played on stream-free voice night Thursday."" | youtube: Shorts from the daily TikTok; one pinned 'best of Next Fest' Short on 27 Oct. | short_script: 30 s: title card; 3 × 9 s segments (capture + name + verdict + score /10); end card 'Remind me at release: techplay.gg/[tracker]'. | newsletter: Next Fest: the eight demos worth your time from this week's diary, each with a release reminder. [link]",,size: 1080x1920 | concept: Daily short template with score badge. | size: 1080x1350 | concept: Wrap carousel 'Best demos of Next Fest'. | size: 1080x1080 | concept: Daily X card with three covers. | size: 1280x720 thumbnail | concept: Tracker article OG.,Remind me when this game releases,https://techplay.gg/guides/steam-next-fest-october-2026-demo-tracker (article on /guides); from 2 Nov inside /steam,https://techplay.gg/guides/steam-next-fest-october-2026-demo-tracker?utm_source=tiktok&utm_medium=organic-social&utm_campaign=c18-next-fest&utm_content=f23-day3-short,"ED (demos, ratings) / SC (daily social + Discord)","ED 3 h/day for 8 days + 4 h prep, SC 1.5 h/day, DS 3 h template",0,,reminder_set | shelf_add | cta_click | discord_join | comment_created,,Log the participant list (R14 #37 'Next Fest demo → release tracker' needs it); reuse format for Feb 2027 Next Fest (22 Feb).,C45 (guest remind-me live 19 Oct) | C71 (developer outreach) | C49,,Capacity: 8 days at 3 h/day for ED; offset by pausing F10 and F18 that week.,No DEV dependency beyond items already scheduled; runs on the spine dates.,planned
C19,Scream Fest + Halloween horror picks,Seasonal,Social,T2 should,"Use Steam Scream V Fest (26 Oct–2 Nov) and Halloween for a horror list built from the database, with shelf-add as the action [R05, R06 #22].","shelf_add + list_created from the horror list per 1,000 sessions.",TARGET: list live 22 Oct; measured shelf-add rate becomes the baseline for C33/C34 list posts.,S7 | S1 | S2,site list | Instagram carousel | Facebook | X | Threads | TikTok/Shorts | Discord | newsletter,2026-10-22,2026-11-02,2026-10-22 — 'Horror games worth your Scream Fest money' list | 2026-10-26 — Scream Fest opens: deal picks | 2026-10-31 — Halloween: 'short horror you can finish tonight' | 2026-11-02 — fest ends,"Horror games worth playing this Halloween, picked from the database, with the ones you can finish in one night.","Genre and rating data for 333,000+ games; every pick links to its page [R02].","facebook: Steam's Scream Fest runs 26 Oct to 2 Nov. Our horror list: [N] games worth your money, with the short ones marked for a single evening: [link] | instagram: Carousel: 'HORROR FOR ONE NIGHT' — six games you can finish in an evening (length from store/official info only). Caption: For Halloween, short horror first. Full list and Scream Fest deals: link in bio. | tiktok: 20 s: 'Horror games you can finish tonight' — 5 covers, 4 s each, one line each. End card list link. | x: Halloween plan: horror you can finish in one evening. [N] picks, and what's discounted in Steam's Scream Fest (26 Oct–2 Nov): [link] | threads: What's the scariest game you've actually finished? Building our Halloween list and want the ones people stick with. | discord: #gaming: ""Halloween game night, Sat 31 Oct 20:00 CET: vote the game in the poll above. List of candidates: [link]"" | newsletter: Scream Fest runs until 2 Nov. Our horror list, short games first: [link]",,"size: 1080x1350 | concept: Carousel with dark palette, covers. | size: 1080x1920 | concept: Story poll 'Which one tonight?' | size: 1080x1080 | concept: X card. | size: 1280x720 thumbnail | concept: List OG.",Add one to your shelf,https://techplay.gg/lists (staff list 'Horror worth your Scream Fest money'),https://techplay.gg/lists?utm_source=instagram&utm_medium=organic-social&utm_campaign=c19-scream-fest&utm_content=carousel-a,"ED (list) / SC (social, Discord night)","ED 4 h, SC 3 h, DS 2 h",0,,shelf_add | list_created | cta_click | discord_join,,List stays live and is updated for Halloween 2027.,C39 (poll for game night),,,No DEV dependency beyond items already scheduled; runs on the spine dates.,planned
C20,Release Congestion Index 2026 (PR),PR,SEO / Reddit,T1 must,"Publish the only dataset-backed answer to 'is this the most crowded release season?': releases per ISO week 2010–2026 from 333,000+ games, with a methodology block and CSV, pitched to trade press [R14 #1, #5, R21 PR-01].",Referring domains linking to /data/release-congestion-2026 (manual log until a backlink tool exists) + press mentions; CSV downloads (cta_click cta_id=csv).,TARGET: published 7 Oct; ≥10 personal pitches sent; ≥3 citations or links by 31 Dec; one r/dataisbeautiful OC post (C48).,S8 | S1,site data page | email pitches | X | Bluesky | LinkedIn | Reddit OC (C48) | Threads | newsletter,2026-09-30,2026-10-21,2026-09-30 — query written; second person re-runs it | 2026-10-05 — chart and methodology reviewed by EIC | 2026-10-07 — publish + pitches | 2026-10-08 — r/dataisbeautiful OC (C48) | 2026-10-21 — pitch follow-ups end,"Week [N] of 2026 had [N] dated releases, the most since [year]. Here's the data, and the week GTA 6 cleared.",Counts only day-precision release dates; 'notable' = has a critic score or ≥2 store links; both series shown; CSV downloadable [R14 §5].,"x: We counted every dated game release per week since 2010 from TechPlay's database (333,000+ games). Week [N] of 2026 had [N] notable releases, the most since [year]. Method, chart and CSV: techplay.gg/data/release-congestion-2026 | threads: Was autumn 2026 really the most crowded release season in years? We counted. The answer is [yes/no], with one caveat worth reading. | bluesky: Release congestion, measured: dated releases per week since 2010, all platforms. 2026's busiest week: [N] notable releases. Methodology + CSV: techplay.gg/data/release-congestion-2026 | reddit: See C48 (r/dataisbeautiful OC post, chart + source/tool comment). | discord: #news: ""New TechPlay data: release congestion per week since 2010. Chart + CSV: [link]. Tell us which week surprised you."" | newsletter: This week's data story: how crowded 2026's release calendar really was, week by week, with the CSV if you want to check us. [link]","Pitch email (EIC, personal, to trade reporters): Subject: Data: 2026's busiest release week, counted

Hi [Name],

You wrote about [their piece]. We counted every dated game release per ISO week since 2010 from our database (333,000+ games, day-precision dates only) and split 'notable' releases (critic score or at least two store links) from the long tail.

The short version: week [N] of 2026 had [N] notable releases, the most since [year]. The weeks around 19 November are [finding].

Chart, method and the CSV are here: [link]. Happy to run a cut for you (by platform, genre or month) if it helps a story.

[Name], Editor-in-Chief, TechPlay (Sarajevo) | LinkedIn (EIC, 1 post): We published a small dataset: game releases per week since 2010, all platforms, from TechPlay's catalogue. The methodology is on the page and the CSV is free to use with credit. [link] | Cite-this line (page footer): Source: TechPlay Games Database, [N] titles, pulled [date]. Day-precision release dates only. CC BY 4.0.","size: 1080x1350 | concept: Single chart: weekly bars 2010–2026, 2026 highlighted, source line printed on the image. | size: 1080x1080 | concept: Square crop of the 2026 weeks with the peak annotated. | size: 1280x720 thumbnail | concept: Page OG chart ≤300 KB. | size: web banner | concept: Homepage module 'Data: release congestion 2026'.",Read the method and download the CSV,https://techplay.gg/data/release-congestion-2026 (new),https://techplay.gg/data/release-congestion-2026?utm_source=pr-gamesindustrybiz&utm_medium=pr&utm_campaign=c20-release-congestion&utm_content=pitch-a,"EIC (analysis, pitches) / DEV (query, CSV export, chart)","EIC 10 h, DEV 8 h, DS 3 h",0,,cta_click | newsletter_signup | social_share,,"Update in place quarterly (same URL, changelog); feeds C27 State of the Catalogue.",C03 | C48 | C54 (/press page for credibility),,Numbers must be re-run by a second person on publication day [R14 §6].,On time (D-044/D-045).,planned
C21,World Atlas of Game Studios + Balkan Game Dev Census (PR),PR,Partnership / SEO,T2 should,"Publish studios per country (and per million people) from 57,630 studio records, with a Balkan cut for regional press, and make /studios/country/ba the reference page for Bosnian game development [R14 #7, #8, #44].",Referring domains + regional press mentions; sessions on /data/studio-atlas and /studios/country/*; r/dataisbeautiful OC engagement (C48).,"TARGET: published 28 Oct; ≥8 regional pitches (BA, HR, RS, SI, MK, ME); ≥2 regional citations by 31 Dec; null-country share disclosed on the page.",S8 | S9,site data page | regional press email | LinkedIn | X | Bluesky | Reddit OC (C48) | Facebook (regional) | newsletter,2026-10-14,2026-11-15,2026-10-14 — query: count(*) where country is null reported | 2026-10-21 — map + Balkan table reviewed | 2026-10-28 — publish; regional pitches; OC post (C48) | 2026-11 — feeds C55 regional partnerships,"Where the world's game studios are, counted: [N] countries, [N] studios, and the Balkan numbers nobody had put in one place.","57,630 studios with country, founding date and parent company in TechPlay's database; country pages already exist [R14 §2].","facebook: How many game studios does Bosnia and Herzegovina have, and how does the region compare? We counted every studio in our database by country. Balkan census and world map: [link] | x: We mapped [N] game studios by country from TechPlay's database. Most studios per million people: [country]. The Balkans: [N] studios across [N] countries, the oldest founded in [year]. Map + method: techplay.gg/data/studio-atlas | bluesky: A world atlas of game studios: [N] studios by country and per million people, from TechPlay's database, with a Balkan census. Method and data: techplay.gg/data/studio-atlas | reddit: See C48 (r/dataisbeautiful '[OC] Game studios per million people, by country'). | discord: #news: ""New data: studios per country, plus a Balkan census. If your studio is missing or wrong, tell us and we'll fix it: [link]"" | newsletter: Data story: where the world's game studios are, per country and per million people, with a Balkan census. [link]","Regional pitch (EIC; send in English or the outlet's language): Subject: [N] game studios in Bosnia and Herzegovina — regional census

Hi [Name],

TechPlay is a gaming publication based in Sarajevo. We counted every game studio in our database of 57,630 studios by country. For the region: Bosnia and Herzegovina [N], Croatia [N], Serbia [N], Slovenia [N], North Macedonia [N], Montenegro [N]. The oldest studio in the region in our records was founded in [year].

The full table, the method and the gaps (studios with no country on record) are here: [link]. The data is free to use with credit. If you want a cut for your country, I can send it today.

[Name], Editor-in-Chief, TechPlay | LinkedIn (EIC): We published a census of game studios by country from TechPlay's database, with a section on the Balkans. If you run a studio in the region and it's missing, send me the details and we'll add it. [link]","size: 1080x1350 | concept: Choropleth map, studios per million people, source line on image. | size: 1080x1080 | concept: Balkan bar chart. | size: 1280x720 thumbnail | concept: Page OG map ≤300 KB. | size: web banner | concept: /studios landing module 'Studio atlas'.",Explore the atlas; correct your studio,https://techplay.gg/data/studio-atlas (new); https://techplay.gg/studios/country/ba,https://techplay.gg/data/studio-atlas?utm_source=pr-klix&utm_medium=pr&utm_campaign=c21-studio-atlas&utm_content=pitch-ba,"EIC (analysis, pitches) / DEV (query, map)","EIC 10 h, DEV 10 h, DS 3 h",0,,cta_click | newsletter_signup | social_share,,Studio corrections form in the page footer; free CSV (R14 #54) once legal check passes; update yearly.,C48 | C55 | C54 | IGDB licence check (R10) before republishing IGDB-derived fields,,Studio ≠ active studio; state it. Regional outlet list is unverified [R14 gaps].,On time (D-044/D-045).,planned
C22,Studios Closed in 2026 tracker (F17),PR,SEO / content,T2 should,"Maintain the structured page the week's biggest story lacks: every studio closure and major layoff in 2026 with source, date and affected games linked to game pages [R06 #1, §8, R21 TOOL-29].",Organic + Discover clicks; referring domains; weekly updates shipped on time.,TARGET: live 14 Oct; updated every Wednesday; every row has a primary source; ≥2 citations by 31 Dec.,S8 | S9,site tracker | X | Bluesky | LinkedIn | Threads | newsletter | Reddit (comments),2026-10-14,2026-12-31,2026-10-14 — launch with the September 2026 entries | Every Wednesday — update + one-line social post (F17) | 2026-12-30 — year-end summary feeding C27,"Every studio closed or cut in 2026, with the source and the games affected.",Each row links the announcement or a named outlet's report; affected games link to TechPlay game pages [R06].,"x: Studio Watch, week of [date]: [Studio] [closed / cut N roles] ([source]). Affected games: [A], [B]. The 2026 tracker, with sources: techplay.gg/data/studios-closed-2026 | threads: We keep a list of every studio closed in 2026, with sources and the games affected. This week: [change]. | bluesky: Studio Watch: [change this week] ([source]). The 2026 closures and layoffs tracker, every row sourced: techplay.gg/data/studios-closed-2026 | reddit: In r/Games layoff threads, answer 'which games are affected' with facts and the primary source; link the tracker when someone asks for the full list (C47). | newsletter: Studio Watch: [change]. The full 2026 list, sourced: [link]","Page intro: H1: Game studios closed in 2026
Intro: A running list of game studio closures and large layoffs announced in 2026. Each row gives the studio, the parent company, what was announced, the date, the source, and the games the studio worked on (linked to their TechPlay pages). 'Reported' means a named outlet reported it without company confirmation. Updated every Wednesday.
Launch rows include Xbox's September 2026 restructuring (as reported by Eurogamer and others), with each studio listed separately and its status wording taken from the source. | LinkedIn (EIC, launch): We started a structured tracker of 2026 studio closures and layoffs: studio, parent, date, source, affected games. It is updated weekly and corrections are welcome. [link]","size: 1080x1080 | concept: Weekly card: studio name, status, date, source. | size: 1280x720 thumbnail | concept: Tracker OG. | size: web banner | concept: /studios module 'Studio Watch'.",Read the tracker,https://techplay.gg/data/studios-closed-2026 (new),https://techplay.gg/data/studios-closed-2026?utm_source=bluesky&utm_medium=organic-social&utm_campaign=c22-studios-closed&utm_content=f17-w42,ED (weekly updates) / EIC (launch pitch),"ED 1.5 h/week (6 h launch), EIC 2 h",0,,cta_click | newsletter_signup | social_share,,Needs a status field on studios later (D-034-style); year-end numbers feed C27.,C48 (Reddit timing) | C54,,Wording must match sources; labour stories are sensitive; no speculation about unannounced closures.,No DEV dependency beyond items already scheduled; runs on the spine dates.,planned
C23,Sequel Gap Inflation: 'Why GTA 6 took 13 years' (PR),PR,Social,T2 should,"Use series data to measure how long franchises now wait between main entries, by decade, with GTA V (2013) to GTA VI (2026) as the hook in launch month [R14 #24].",Referring domains + press mentions; Discover clicks; social shares of the chart.,TARGET: published 4 Nov with the top 50 series hand-verified; ≥8 pitches (mainstream + trade); ≥2 citations by 31 Dec.,S8 | S4,"site data page | email pitches | X | Bluesky | Threads | Instagram single | Reddit OC (C48, optional) | newsletter",2026-10-19,2026-11-18,2026-10-19 — query on game_series + hand check of top 50 | 2026-11-02 — review | 2026-11-04 — publish + pitches | 2026-11-18 — pitch follow-up before GTA week,"GTA 6 took 13 years. Across the biggest series, the gap between main entries has grown from [N] years in the [decade] to [N] now.",Series relations and first/last years in the database; top 50 series checked by hand against publisher release dates [R14 #24].,"instagram: Single image (1080x1350): chart of median sequel gap by decade; caption: GTA V to GTA VI took 13 years. Across [N] big series, gaps have grown from [N] to [N] years. Source: TechPlay Games Database, series checked by hand. | x: GTA V came out in 2013. GTA VI arrives 19 Nov 2026: 13 years. Is that normal now? Across [N] major series, the median gap between main entries went from [N] years to [N]. Chart + method: [link] | threads: 13 years between GTA V and VI. We checked whether that's an outlier or the new normal for big series. It's [finding]. | bluesky: 13 years between GTA V and GTA VI. We measured the gap between main entries in [N] big series, by decade: [finding]. [link] | reddit: Optional r/dataisbeautiful OC post if the chart passes EIC review; same rules as C48. | discord: #gta6: ""New data piece: sequel gaps by decade, GTA included. Which series waited longest? [link]"" | newsletter: Data story: why GTA 6 took 13 years, and what that says about every big series. [link]","Pitch (EIC): Subject: GTA 6 took 13 years. Is that the new normal? (data)

Hi [Name],

Ahead of GTA VI on 19 November: we measured the gap between main entries across [N] major series using TechPlay's database, checking the top 50 by hand. The median gap went from [N] years in the [decade] to [N] in the 2020s. GTA's 13 years is [rank] on the list.

Chart and method: [link]. Free to use with credit; I can send cuts by publisher or genre.

[Name], TechPlay","size: 1080x1350 | concept: Line/dot chart: median gap by decade, GTA highlighted. | size: 1080x1080 | concept: Square version. | size: 1280x720 thumbnail | concept: Page OG.",See the data,"https://techplay.gg/news/why-gta-6-took-13-years-sequel-gaps (article on /news, data section)",https://techplay.gg/news/why-gta-6-took-13-years-sequel-gaps?utm_source=pr-gamesbeat&utm_medium=pr&utm_campaign=c23-sequel-gap&utm_content=pitch-a,EIC,"EIC 10 h, DEV 4 h, DS 2 h",0,,cta_click | social_share | newsletter_signup,,Feeds C27; add C63 series pages as links from the chart.,"D-033 (release-date change log, helps future slip stats) | C63",,Series membership quality from the IGDB import is unmeasured; publish only the hand-checked set.,No DEV dependency beyond items already scheduled; runs on the spine dates.,planned
C24,The $80 Tracker (PR),PR,SEO,T2 should,"Log the launch base price of every notable 2026 release and publish how many launched at $79.99, a week before GTA VI makes the $80 debate mainstream [R14 #17].",Referring domains + mentions; organic clicks on the tracker; update cadence kept.,TARGET: published 11 Nov with a transparent 'notable' definition; updated at each notable launch to 31 Dec; ≥2 citations.,S7 | S8 | S1,site tracker | X | Bluesky | Threads | Facebook | Instagram single | newsletter | pitches,2026-10-26,2026-12-31,"2026-10-26 — price capture starts (store launch price per notable release; manual log) | 2026-11-11 — publish | 2026-11-19 — GTA VI entry ($79.99 standard, $99.99 Ultimate) | 2026-12-31 — year total feeds C27",How many of 2026's big games cost $80 at launch? We logged every one.,"Launch price read from the platform store on launch day, logged with date; GTA VI $79.99 / $99.99 confirmed [R17].","facebook: $70 or $80? We logged the launch price of every notable game in 2026. Here's how many went to $79.99, and which ones: [link] | instagram: Single image: bar split $59.99 / $69.99 / $79.99 counts. Caption: The $80 tracker: launch prices for notable 2026 games. GTA VI: $79.99. Full table: link in bio. | x: The $80 game is here. Of [N] notable 2026 releases we logged, [N] launched at $79.99 base price, [N] at $69.99. GTA VI joins on 19 Nov at $79.99. The full log: [link] | threads: Is $80 the new standard price? We logged every notable 2026 launch to check. It's [finding]. Would you pay it for GTA 6? | bluesky: We logged the launch price of every notable 2026 game. [N] launched at $79.99. Method and the full table: [link] | newsletter: The $80 tracker: every notable 2026 game's launch price, and how many hit $79.99. [link]","Definition box on page: Notable = released in 2026 on PS5, Xbox Series X|S, Switch 2 or PC by a publisher on our list [link to list], or with a critic score on OpenCritic. Price = US base-edition price on the platform store on launch day. Deluxe and Ultimate editions are listed separately.",size: 1080x1350 | concept: Price bands chart. | size: 1080x1080 | concept: Card: '[N] of [N] launched at $79.99'. | size: 1280x720 thumbnail | concept: Tracker OG.,See every launch price,"https://techplay.gg/news/the-80-dollar-tracker-2026 (article on /news, updated in place)",https://techplay.gg/news/the-80-dollar-tracker-2026?utm_source=x&utm_medium=organic-social&utm_campaign=c24-80-tracker&utm_content=card-a,"ED (log) / EIC (review, pitch)","ED 6 h + 15 min per launch, EIC 3 h, DS 1.5 h",0,,cta_click | social_share,,Feeds C25 cost-per-hour and C27.,C25,,,No DEV dependency beyond items already scheduled; runs on the spine dates.,planned
C25,"Best Value Games of 2026: cost per hour (PR, Black Friday hook)",PR,Seasonal,T3 cut first,"Rank 2026 releases by price per hour of play, published four days before Black Friday, using launch prices (C24) and a licensed time-to-beat source [R14 #42].",Referring domains + mentions; organic + Discover clicks 23 Nov–1 Dec; shelf_add from the list.,TARGET: published 23 Nov only if the time-to-beat licence check passes; otherwise ship the price-only version.,S7 | S8 | S1,site data page | X | Bluesky | Threads | Facebook | Instagram carousel | newsletter | pitches (consumer press),2026-11-09,2026-12-01,2026-11-09 — EIC checks IGDB terms for time-to-beat use (commercial use requires agreement; partner@igdb.com) — go/no-go | 2026-11-20 — draft | 2026-11-23 — publish | 2026-11-27 — Black Friday reshare,"The best-value games of 2026, measured in dollars per hour.",Launch prices from C24; time-to-beat from IGDB only under agreed terms; HowLongToBeat data is not used (reproduction prohibited) [R14 §6].,"facebook: Before Black Friday: which 2026 games give you the most hours per dollar? We divided launch price by typical completion time. Top of the list: [Game]. [link] | instagram: Carousel: 'MOST HOURS PER DOLLAR, 2026' — top 8, each with $/hour. Caption: Launch price divided by median completion time. Sale prices make these even better. | x: Best value games of 2026, by cost per hour: [Game] works out at $[N]/hour, [Game] at $[N]. Method (launch price ÷ median time to beat) and the full list: [link] | threads: Cost per hour is a crude way to value a game, and we did it anyway. The winner surprised us: [Game]. | bluesky: Cost per hour for 2026's releases: launch price ÷ median time to beat. Method, caveats and list: [link] | newsletter: Before Black Friday: 2026's best value games, in dollars per hour. [link]",,size: 1080x1350 | concept: Ranked carousel. | size: 1080x1080 | concept: Card top 3. | size: 1280x720 thumbnail | concept: Page OG.,See the list; add a game to your shelf,https://techplay.gg/news/best-value-games-2026-cost-per-hour (article on /news),https://techplay.gg/news/best-value-games-2026-cost-per-hour?utm_source=facebook&utm_medium=organic-social&utm_campaign=c25-cost-per-hour&utm_content=post-a,EIC,"EIC 8 h, DEV 3 h, DS 2 h",0,,cta_click | shelf_add | social_share,,Link from C31/C32 Black Friday posts.,"C24 | IGDB terms check (R10, R14 §6) | C31",,Licence: IGDB API is free for non-commercial use; TechPlay is ad-supported. No-go = publish without hours.,No DEV dependency beyond items already scheduled; runs on the spine dates.,planned
C26,"Achievement Difficulty by Genre, 500 Steam games (PR)",PR,Reddit,T3 cut first,"Extend a known 19-game analysis 25-fold: share of players who reach the 'finished the story' achievement, 500 Steam games, by genre, using Steam's public global achievement percentages and TechPlay's genre data [R14 #18].",Referring domains + mentions; r/dataisbeautiful and r/patientgamers reception (C48); mapping-file downloads.,TARGET: published 8 Dec with the mapping file; ≥2 citations by 15 Jan 2027.,S8 | S3 | S2,site data page | Reddit OC (C48) | X | Bluesky | Threads | Instagram carousel | newsletter | pitches,2026-11-16,2026-12-22,2026-11-16 — Steam Web API terms read; pull script (DEV) | 2026-11-30 — 'ending achievement' mapping reviewed by hand | 2026-12-08 — publish + OC post | 2026-12-22 — follow-ups,"Most players never see the credits. Across 500 games, the median share who finish is [N]%, and it varies by genre from [N]% to [N]%.","Steam's own public achievement percentages, so anyone can verify; the ending-achievement mapping is published [R14 #18].","instagram: Carousel: S1 'HOW MANY PLAYERS FINISH?' S2 median. S3–S6 genres. S7 'Source: Steam global achievement %, 500 games'. | x: How many players finish the games they start? Across 500 Steam games, the median share who unlock the 'finished the story' achievement is [N]%. By genre: [genre] [N]%, [genre] [N]%. Data + mapping file: [link] | threads: Only [N]% of players finish the average game, by Steam's own achievement numbers. Which genre do you think finishes least? | bluesky: 500 Steam games, one question: what share of players finish? Median [N]%, with a big spread by genre. Method and data: [link] | reddit: C48: r/dataisbeautiful '[OC] Share of Steam players who finish the story, by genre (500 games)'. | newsletter: Data story: how many players finish what they start, across 500 Steam games. [link]",,"size: 1080x1350 | concept: Box plot by genre, source line on image. | size: 1080x1080 | concept: Card: median. | size: 1280x720 thumbnail | concept: Page OG.",See the data and mapping file,https://techplay.gg/news/how-many-players-finish-games-500-steam-games (article on /news),https://techplay.gg/news/how-many-players-finish-games-500-steam-games?utm_source=reddit&utm_medium=community&utm_campaign=c26-achievement-difficulty&utm_content=oc-post&utm_term=dataisbeautiful,EIC (analysis) / DEV (pull),"EIC 10 h, DEV 10 h, DS 2 h",0,,cta_click | social_share,,Feeds C27; backlog angle for January (resolutions).,C48 | Steam Web API terms (R14 gaps),,,D-044 extension scheduled 2027-W09. The campaign moves to the Q1 data calendar; 8 Dec copy is held.,planned
C27,State of the Catalogue 2026 report,PR,,T3 cut first,"One dated, citable document that collects 2026's TechPlay datasets (release congestion, studios, closures, prices, completion) so outlets and Wikipedia editors can cite 'TechPlay's 2026 report' [R14 #43].",Citations and referring domains in Q1 2027; downloads (cta_click cta_id=report-pdf).,TARGET: draft by 18 Dec; peer-checked by a second person; publish Tue 12 Jan 2027.,S8 | S9,site report page + PDF | pitches | LinkedIn | X | Bluesky | newsletter,2026-12-01,2027-01-12,2026-12-01 — outline | 2026-12-18 — draft complete | 2027-01-08 — numbers re-run | 2027-01-12 — publish,"2026 in games, counted: releases, studios, closures, prices and who finishes what.","Every number re-run on publication day from the database and public sources, with methods [R14 §5–6].","x: The TechPlay State of the Catalogue 2026: releases per week, studios by country, closures, launch prices and completion rates, in one report with methods. [link] | bluesky: Our 2026 data in one report: release congestion, studio geography, closures, the $80 question and completion rates. Free with credit: [link] | newsletter: Our first annual report is out: 2026 in games, counted. [link]","LinkedIn (EIC): TechPlay's first annual data report, State of the Catalogue 2026, is out. Methods are in the document; the numbers are free to cite. [link]",size: 1280x720 thumbnail | concept: Report cover. | size: 1080x1350 | concept: Five-chart summary card.,Read the report,"https://techplay.gg/data/state-of-the-catalogue-2026 (new, Jan 2027)",https://techplay.gg/data/state-of-the-catalogue-2026?utm_source=linkedin&utm_medium=organic-social&utm_campaign=c27-state-of-catalogue&utm_content=launch-a,EIC,"EIC 16 h, DEV 6 h, DS 6 h",0,,cta_click | newsletter_signup,,Annual; pitch to GDC-week coverage in March.,C20 | C21 | C22 | C24 | C26,,,No DEV dependency beyond items already scheduled; runs on the spine dates.,planned
C28,Your 2026 in Games — cross-platform year in review,Product,Social / viral,T2 should,"Give members a shareable year-in-review built from all five linked platforms, the artefact competitors limited to one store cannot produce, and use it as December's main registration reason [R11 §3, R21 TOOL-01].",share_card_generated ÷ year-in-review views; registration_complete with from=year-in-review; library_connected in 14–31 Dec.,TARGET: built and QA'd by 10 Dec; live 14 Dec; library_connected in 14–31 Dec UP vs 1–13 Dec daily average.,S2 | S1 | S10,site | Instagram Stories | X | Threads | TikTok | Discord | newsletter | push,2026-11-16,2026-12-31,"2026-11-16 — build starts (D-025, D-024) | 2026-12-10 — QA with staff libraries | 2026-12-14 — live; members emailed | 2026-12-21 — reminder to those who haven't opened it | 2026-12-31 — close of 2026 data","Your 2026 in games, across Steam, PlayStation, Xbox, GOG and Epic, in one card.","Five platforms import for free; hours come from the platforms, not from guesses [spine §2, R11].","facebook: Your 2026 in games, from every platform you play on, in one card. Link Steam, PlayStation, Xbox, GOG or Epic and it builds itself: [link] | instagram: Story template (member share): '[username]'s 2026 in games / [N] games / [N] hours / top genre [X] / most played [Y] / made on TechPlay'. Brand Story: 'Your 2026 in games, across every platform you play on. Link a library and it builds itself.' | tiktok: 15 s: staff member's card animating in stat by stat; text 'Your year across every platform'. End: techplay.gg/year-in-review | x: Your 2026 in games, across Steam, PlayStation, Xbox, GOG and Epic: games played, hours, top genre, most-played. Link a library and the card builds itself: techplay.gg/year-in-review | threads: Made our own year-in-review card from five platforms at once. Mine says I played [N] games and finished [N]. What would yours say? | discord: #announcements: ""Your 2026 in games is live. Post your card in #year-in-review; Buffy picks five for Friday's newsletter (only with your OK)."" | newsletter: Your 2026 in games is ready: every platform you linked, one card. [personal link] | push: Your 2026 in games is ready. [N] games, [N] hours. Open your card.",,size: 1080x1920 | concept: Member share card (vertical). | size: 1200x630 / 1280x720 | concept: Landscape share card for X/Discord. | size: 1080x1350 | concept: Brand carousel explaining the card with a staff example. | size: web banner | concept: Homepage hero swap 14–31 Dec.,See your 2026 in games,https://techplay.gg/year-in-review (new),https://techplay.gg/year-in-review?utm_source=instagram&utm_medium=organic-social&utm_campaign=c28-year-in-review&utm_content=story-share,DEV (build) / DS (card design) / SC (launch),"DEV 40 h, DS 8 h, SC 4 h, ED 2 h",0,,share_card_generated | registration_complete | library_connected | social_share | d1_return,,Keep live into January as 'Your 2026'; Gamer DNA card (D-024) stays year-round.,D-025 | D-024 | C44 | C42 (email) | C59 (push),"/year-in-review renders for signed-in members with ≥1 linked platform or ≥3 shelf items; empty-state explains how to fill it. | Card shows only data we hold (games played, hours where the platform reports them, top genre, most-played game, platforms); every number has a basis note. | Share card 1080x1920 and 1200x630 generated server-side (share_card_generated); no personal data in the URL beyond username with consent. | Guest page explains the feature with a staff example and a Steam/Google sign-in (C44).","Scope (L): if D-025 slips past 10 Dec, ship a reduced card (games + top platform) rather than nothing.","D-025 built by 13 Dec, live 14 Dec as planned.",planned
C29,Game Awards Prediction League,Community,Product,T3 cut first,"Run a free prediction league for The Game Awards (10 Dec), scored live on the night in Discord, so the biggest December event produces accounts and a watch party [R13 ritual 6, R15 #15].",Entries = members with ≥5 category predictions; discord_join (invite C29); registration_complete from=awards.,TARGET: league open within 48 h of the official nominee list (or 18 Nov if already public); entries UP vs C09 entrants; watch party held 10 Dec.,S10 | S1 | S8,site (/awards/2026) | Discord (watch party) | X | Threads | Bluesky | Instagram | newsletter,2026-11-18,2026-12-11,2026-11-18 — league opens (after nominees are public) | 2026-12-06 — reminder | 2026-12-10 — predictions lock 1 h before the show; Discord watch party + F20 live thread | 2026-12-11 — leaderboard final; winners posted,Pick The Game Awards winners before 10 December. We score it live on the night.,"Nominee pages linked to TechPlay game pages; scoring is one point per correct category, published in advance.","instagram: Story: poll sticker 'Game of the Year?' with two nominees + link sticker 'Predict every category'. | x: The Game Awards are on 10 Dec. Our prediction league is open: pick the winners, we score it live on the night, the leaderboard is public. Free with a TechPlay account: techplay.gg/awards/2026 | threads: Game of the Year: who takes it? Our prediction league is open until 10 Dec. I'm going with [staff pick], which is probably wrong. | bluesky: TGA prediction league: pick every category before 10 Dec; scored live on the night. techplay.gg/awards/2026 | discord: Event: 'The Game Awards watch party' — Thu 10 Dec, voice + #tga-live. ""Predictions lock one hour before the show. Buffy posts the leaderboard after every category."" | newsletter: The Game Awards prediction league is open. Pick the winners before 10 Dec; the top three predictors are named in the next issue. [link]",,size: 1080x1920 | concept: Story/event poster. | size: 1080x1080 | concept: Leaderboard card template (live on the night). | size: 1280x720 thumbnail | concept: /awards/2026 OG.,Make your predictions,https://techplay.gg/awards/2026 (new),https://techplay.gg/awards/2026?utm_source=x&utm_medium=organic-social&utm_campaign=c29-tga-predictions&utm_content=open-a,"SC (running it) / DEV (league, D-026)","DEV 16 h, SC 8 h, DS 3 h, EIC 2 h (live night)",0,"No prize by default; if C09 showed good entrant quality, EIC may add a single game key.",registration_complete | discord_join | cta_click | d1_return,,Leaderboard winners get a site badge; same page hosts C30.,D-026 | C30 | C36,,,"D-026 slips to 2027 (used for TGA 2027). Interim for 10 Dec: one forum poll per category plus Discord polls; SC scores in a sheet and Buffy posts the table on the night. Copy stays, with 'techplay.gg/awards/2026' replaced by the forum thread link.",planned
C30,TechPlay Community Awards 2026,Community,,T3 cut first,"A members' vote on the year, run on the site and in Discord, with results on 20 Dec; small, honest, and a reason to come back twice [R13 ritual 7].",Voters = members casting ≥1 vote; comment_created on the results page; discord_join during voting.,TARGET: 6 categories; results published 20 Dec with the number of voters shown (whatever it is).,S10 | S2,site (/awards/2026) | Discord polls | forum | X | Instagram | newsletter,2026-12-01,2026-12-20,"2026-12-01 — nominations open (members suggest, 4 days) | 2026-12-05 — voting opens | 2026-12-17 — voting closes | 2026-12-20 — results","Your game of the year, by people who log what they play.",Votes from verified members; the results page shows how many voted.,"instagram: Carousel: the six categories. Caption: Our members' awards for 2026. Voting until 17 Dec; results on the 20th, with the vote counts. | x: TechPlay Community Awards 2026: members vote on six categories, from game of the year to best Next Fest demo. Voting open until 17 Dec: techplay.gg/awards/2026 | threads: Voting's open in our community awards. The category I'm most curious about: 'best game you played this year, from any year'. | discord: #announcements: ""Community Awards: nominate in the forum thread until 4 Dec, vote from 5 Dec. Categories: Game of the Year (released in 2026), Best game you played this year (any year), Biggest surprise, Best Next Fest demo, Best soundtrack, Buffy's award for the game the server wouldn't stop talking about."" | newsletter: Vote in the TechPlay Community Awards before 17 December. Six categories, results on the 20th. [link]",,size: 1080x1350 | concept: Category carousel. | size: 1080x1080 | concept: Results cards (20 Dec). | size: 1280x720 thumbnail | concept: Results OG.,Vote,https://techplay.gg/awards/2026 (new),https://techplay.gg/awards/2026?utm_source=discord&utm_medium=community&utm_campaign=c30-community-awards&utm_content=vote-a,SC,"SC 8 h, ED 3 h (results article), DS 2 h",0,,registration_complete | comment_created | discord_join | cta_click,,Results feed C70 and C40's last issue of the year.,D-026 | C29 | C18 (Next Fest category),,,No DEV dependency beyond items already scheduled; runs on the spine dates.,planned
C31,Black Friday Wishlist Price Alerts,Product,Seasonal / Email,T2 should,"Make Black Friday week the moment price alerts prove themselves: members who wishlist a game get an email or Discord DM when its Steam or GOG price drops [R11 §3, R21 TOOL-47, CH-03].",Alert CTR = alert_clicked ÷ reminder_delivered (channel=email|discord) for price alerts sent 20 Nov–1 Dec; new wishlists added (shelf_add status=wishlist) in the same window.,TARGET: alerts live by 20 Nov; complaint rate <0.1% and unsubscribe <0.5% per send (guardrails); wishlist adds UP vs the previous 10 days.,S7 | S2 | S1,email | Discord DM | web push | site | X | Instagram | Facebook | newsletter,2026-11-20,2026-12-01,2026-11-13 — D-027 in QA | 2026-11-20 — 'Price alerts are live' announcement | 2026-11-27 — Black Friday | 2026-11-30 — Cyber Monday (C32) | 2026-12-01 — report,Wishlist it once. We'll tell you when it's cheaper.,Nightly Steam and GOG prices are already refreshed for games on members' shelves; alerts go to email or Discord DM [R14 §2].,"facebook: Black Friday week: instead of checking prices every day, wishlist the games you want on TechPlay. When the Steam or GOG price drops, you get an email or a Discord DM. Free: [link] | instagram: Story: 'Wishlist it once. We'll tell you when it's cheaper.' Screen recording: tap Wishlist on a game page, then the alert email. Link sticker. | x: Price alerts are live on TechPlay: wishlist a game and we'll email you (or DM you on Discord) when its Steam or GOG price drops. Just in time for Black Friday: techplay.gg/calendar | threads: We finally built the thing: wishlist a game, get told when it's cheaper. What's the one game you're waiting to drop? | discord: #deals: ""Price alerts are live. Wishlist games on TechPlay and I'll DM you here when the Steam or GOG price drops (link your Discord in Settings). One alert per game per two weeks, no spam."" | newsletter: New before Black Friday: wishlist a game and we'll tell you when it gets cheaper on Steam or GOG. [link] | push: [Game] dropped to [price] on [store] (−[N]%). Checked [time].","Alert email: Subject: [Game] is [N]% off on [Store]
Preheader: Now [price], down from [price]. Checked [date, time CET].
Body: [Game] is on your TechPlay wishlist. On [Store] it's now [price] (was [price]). [Button: See the deal] [Link: Game page]
Footer: You get one alert per game per two weeks. Turn off price alerts: [link]. — Professor Buffy, TechPlay",size: 1080x1920 | concept: Screen recording wishlist → alert. | size: 1080x1080 | concept: Card 'Wishlist it once'. | size: 1280x720 thumbnail | concept: Announcement OG. | size: web banner | concept: Game page inline 'Get a price alert' button label.,Wishlist a game to get price alerts,https://techplay.gg/calendar and any /games/{slug} page (Wishlist button),https://techplay.gg/calendar?utm_source=discord&utm_medium=community&utm_campaign=c31-bf-price-alerts&utm_content=deals-pin,DEV (D-027) / SC (announcement),"DEV 20 h, SC 3 h, DS 1 h",0,,shelf_add | reminder_delivered | alert_clicked | registration_complete | notification_enabled,shelf_add(status=wishlist),Alerts stay on permanently; C34 Winter Sale is the second test.,D-027 | D-013 | C43 | C59,"Price alert fires when a wishlisted game's Steam or GOG price is ≥[threshold]% below the last alert price; max one alert per game per 14 days (Steam's own cadence as a model). | Channels: email (verified addresses only), Discord DM (linked accounts), push after C59. | Every alert states the store, the price, the date checked, and links to the game page and store. | Settings page lets members turn price alerts off per channel in one click.",Deliverability: a price-alert spike from a self-hosted sender; cap sends and monitor complaints [R20 §4].,"D-027 price alerts ship 25 Nov (not 20 Nov). From 20 Nov, Deal Radar (F16) posts run without personalisation; the 'Price alerts are live' copy goes out on 25 Nov.",planned
C32,Cyber Monday Deal Radar (F16),Seasonal,Social,T2 should,"One well-made Cyber Monday roundup for games and hardware people actually asked about, with honest price context after 2026's console price rises [R05 §5, R05 row 30 Nov].",Roundup sessions; cta_click on store links; newsletter_signup from the roundup.,TARGET: live 07:00 CET 30 Nov; updated twice that day.,S7 | S6 | S3,site | Instagram carousel | Facebook | X | Threads | Discord #deals | newsletter special,2026-11-27,2026-11-30,"2026-11-27 — Black Friday roundup (same page, starts BF) | 2026-11-30 — Cyber Monday update | 2026-11-30 — newsletter special","The Cyber Monday deals worth it, and the context: consoles cost more in 2026 than they did a year ago.",Switch 2 $499.99 since 1 Sep 2026; Xbox Series X $649.99 since 1 Aug; PS5 rose 2 Apr [R05 §1 exec 7].,"facebook: Cyber Monday: the deals worth it, checked this morning. Context first: consoles got more expensive this year (Switch 2 is $499.99 since September), so a 'deal' needs a baseline. Our list: [link] | instagram: Carousel: S1 'CYBER MONDAY: WORTH IT?' S2 'Console prices in 2026' (Switch 2 $499.99; Series X $649.99). S3–S7 deals with price and one-line verdict. S8 'Full list, updated today'. | x: Cyber Monday deals worth it, checked at [time]. A reminder: Switch 2 has been $499.99 since 1 Sep and Series X $649.99 since 1 Aug, so check what the 'sale' price compares to. [link] | threads: Cyber Monday check: what did you actually buy this weekend? Asking for the 'regret it / glad I did' follow-up. | discord: #deals: ""Cyber Monday roundup, updated at [time]: [link]. Post finds with the price and store; staff check the best ones for the list."" | newsletter: Cyber Monday special: the deals worth it and the ones to skip. Updated at [time]. [link]",,size: 1080x1350 | concept: Deals carousel. | size: 1080x1080 | concept: Price-context card. | size: 1280x720 thumbnail | concept: Roundup OG.,See the deals worth it,https://techplay.gg/hardware/black-friday-cyber-monday-2026-deals (article on /hardware),https://techplay.gg/hardware/black-friday-cyber-monday-2026-deals?utm_source=facebook&utm_medium=organic-social&utm_campaign=c32-cyber-monday&utm_content=f16-post-a,ED (roundup) / SC (social),"ED 6 h, SC 3 h, DS 2 h",0,Affiliate links only if disclosed above the first deal.,cta_click | newsletter_signup | shelf_add,,Remove expired deals 1 Dec; page becomes 'what to wait for until the Winter Sale'.,C31 | C25,,,No DEV dependency beyond items already scheduled; runs on the spine dates.,planned
C33,Gift Guide from Wishlists,Seasonal,Product,T3 cut first,"Let members share a gift list made from their TechPlay wishlist, and publish an editorial gift guide that links to it; the gift list is a registration reason for the giver and the receiver [R21 TOOL-53].",Gift lists shared (social_share content_type=gift-list); registration_complete from=gift-list; shelf_add from the guide.,TARGET: share-your-wishlist link live 1 Dec; guide live 3 Dec; gift-list registrations reported 21 Dec.,S2 | S1 | S10,site | Instagram | Facebook | X | Threads | Discord | newsletter,2026-12-01,2026-12-20,2026-12-01 — 'Share your wishlist as a gift list' live | 2026-12-03 — editorial gift guide | 2026-12-14 — reminder with Year in Review | 2026-12-20 — last shipping-safe push (digital gifts only after),Send your wishlist instead of a hint.,Wishlists already exist on shelves; the list shows platform so gifts fit the right console [R11].,"facebook: Easier than hinting: make your TechPlay wishlist into a gift list, with the right platform for each game, and send the link. [link] | instagram: Story: 'Send your wishlist instead of a hint.' Screen recording of turning on the gift-list link. | x: Gift season fix: turn your TechPlay wishlist into a shareable gift list, platform included, so nobody buys you the PS5 version of a game you own on PC. [link] | threads: Best gift you ever got that was actually on your list? And the worst 'close but wrong platform' gift? | discord: #general: ""Gift lists are live: Settings → Wishlist → Share as gift list. Post yours in #gift-lists if you want the server to see it."" | newsletter: Two things for December: our gift guide, and a way to send your own wishlist as a gift list. [link]","Guide title: Gaming gift guide 2026: games and gear by budget, and how to send your wishlist instead",size: 1080x1920 | concept: Story recording. | size: 1080x1350 | concept: Gift guide carousel by budget. | size: 1280x720 thumbnail | concept: Guide OG.,Share your wishlist as a gift list,https://techplay.gg/guides/gaming-gift-guide-2026 (article on /guides); gift list at https://techplay.gg/profile/{username},https://techplay.gg/guides/gaming-gift-guide-2026?utm_source=instagram&utm_medium=organic-social&utm_campaign=c33-gift-guide&utm_content=story-a,ED (guide) / SC (social) / DEV (share link),"ED 6 h, SC 3 h, DEV 6 h, DS 2 h",0,,social_share | registration_complete | shelf_add | cta_click,,Gift list stays for birthdays; review usage in January.,C44 | Profile wishlist privacy setting (DEV check),"Members can create a public link to their wishlist (opt-in, off by default) showing game, platform owned and store links. | Visitors to a gift list see 'Make your own' → C44 sign-in. | social_share (content_type=gift-list) fires on share.",,No DEV dependency beyond items already scheduled; runs on the spine dates.,planned
C34,Steam Winter Sale Picks,Seasonal,Social / Email,T2 should,"Run the quarter's biggest sale moment on the /steam hub, with picks, wishlist price alerts and Steam Awards voting, and beat the Autumn Sale's sign-up ratio [R05 row 17 Dec].","Sign-ups per 1,000 sale-page sessions (as C05) and alert_clicked from price alerts during the sale.",TARGET: ratio ≥1.5× C05 baseline; alerts CTR ≥ C31's.,S7 | S3 | S1 | S2,site (/steam) | Instagram | Facebook | X | Threads | Bluesky | Discord | newsletter | push,2026-12-17,2027-01-04,"2026-12-17 — sale opens: picks live | 2026-12-18 — newsletter | 2026-12-22 — 'best of 2026 on sale' | 2026-12-28 — 'Steam Awards voting explained' (if Valve runs voting in the sale, as in past years) | 2027-01-04 — last-day post","Winter Sale picks, and your own wishlist checked for you.",Price alerts from C31; /steam hub from C62.,"facebook: The Steam Winter Sale runs until 4 January. Our picks are up, and if you wishlist games on TechPlay you'll get an alert when they drop: [link] | instagram: Carousel: 'WINTER SALE PICKS' — 8 games, price, one line. Caption: Updated during the sale. Set alerts for the rest of your wishlist: link in bio. | x: Steam Winter Sale (until 4 Jan): our picks, and a tip: wishlist on TechPlay and we'll alert you when the price drops, so you don't have to check daily. [link] | threads: Winter Sale's on. What's the one game you've waited all year to buy on sale? | bluesky: Steam Winter Sale picks, updated during the sale, plus price alerts for your wishlist: [link] | discord: #deals: ""Winter Sale thread. Post the price and store with each find. Alerts: wishlist on TechPlay and I'll DM you when it drops."" | newsletter: Steam Winter Sale: our picks, the best of 2026 on sale, and alerts for your wishlist. [link] | push: Winter Sale: [Game] from your wishlist is [price] (−[N]%).",,size: 1080x1350 | concept: Picks carousel. | size: 1080x1920 | concept: Stories with countdown to 4 Jan. | size: 1280x720 thumbnail | concept: Hub OG. | size: web banner | concept: Homepage strip 17 Dec–4 Jan.,See the picks; wishlist for alerts,https://techplay.gg/steam (new),https://techplay.gg/steam?utm_source=newsletter&utm_medium=email&utm_campaign=c34-winter-sale&utm_content=picks-a,ED / SC,"ED 8 h, SC 5 h, DS 2 h",0,,cta_click | shelf_add | alert_clicked | newsletter_signup | registration_complete,,Spring Sale (18–25 Mar 2027) reuses the format.,C62 | C31 | C05 (baseline),,,No DEV dependency beyond items already scheduled; runs on the spine dates.,planned
C35,"Discord Rebuild — onboarding, channels, roles, Server Guide",Community,,T1 must,"Rebuild the server so a new member knows what to do in 30 seconds: Onboarding questions assign platform and interest roles, a Server Guide with three to-dos, channels that match the weekly rituals [R13 §2, R07 §3.3].",New-member 7-day retention = members who joined in week W and sent ≥1 message within 7 days ÷ joins in week W (manual count until Server Insights at 500).,TARGET: rebuild complete 12 Oct; 7-day message rate for new members UP in the 4 weeks after vs the 4 weeks before (baseline counted by SC on 28 Sep).,S10 | S4 | S5 | S3,Discord,2026-09-28,2026-10-12,2026-09-28 — baseline count; D-004 invites fixed | 2026-10-02 — channel map + roles live | 2026-10-07 — Onboarding + Server Guide live | 2026-10-12 — Buffy voice sheet applied to bot copy; announcement,"Pick your platforms and games, and the server shows you the right channels.","Bot already mirrors XP, posts every article and runs a Sunday recap [R13 §1].","x: We rebuilt the TechPlay Discord: pick your platforms and games when you join and it shows you the right channels. GTA 6, WoW, PC help, deals, release dates. discord.gg/wPQG9gUMXH | discord: #announcements (12 Oct): ""The server has a new layout. When you open it you'll be asked two questions (where you play, what you're here for) and you'll only see the channels that fit. Everything else is in Channels & Roles. Weekly things to know: Monday 'What are you playing?', Wednesday poll, Sunday wrap. — Buffy"" | newsletter: Our Discord has a new layout: two questions when you join, and you see only the channels you care about. [invite]","Buffy voice sheet (pinned for staff): Buffy is a senior guild member, not a cartoon teacher. Plain instructions. One owl joke per message at most. Never guilt people about streaks or absence. Never announce moderation decisions. Never state a number unless it comes from the API.
Welcome line: ""Welcome, [name]. Two quick questions and the server sorts itself out. Say hi in #introductions when you're ready.""
Rank-up: ""[name] reached [rank]. Nice.""
News post footer: ""— Buffy, TechPlay""",size: 1080x1080 | concept: Server banner and icon refresh (DS). | size: web banner | concept: Discord Server Guide banner 1920x1080 (Discord spec).,Join the Discord,https://discord.gg/wPQG9gUMXH,Discord invite code per campaign (e.g. invite 'c35-rebuild' created by SC); site link: https://techplay.gg/?utm_source=x&utm_medium=organic-social&utm_campaign=c35-discord-rebuild&utm_content=announce-a,SC (build) / DEV (bot copy) / DS (banner),"SC 12 h, DEV 4 h, DS 3 h",0,,discord_click | discord_join,,Monthly channel audit; archive channels with no messages for 30 days.,D-004 | D-011 (join attribution) | C37 | C39 | C38,"Channel map: START HERE (#rules, #announcements, #introductions, #suggestions) · TALK (#general, #what-are-you-playing, #polls, #game-club) · GAMES (#gta6, #wow, #fps, #next-fest, #pc-help, #switch-2) · DEALS (#deals) · SITE (#latest-news bot, #leaderboard bot) · VOICE (Lounge, Game Night, Stage). | Onboarding questions: 'Where do you play?' (PC / PlayStation / Xbox / Switch 2 / Steam Deck) and 'What are you here for?' (GTA 6 / WoW & MMOs / PC help / deals / release dates / just to chat) → roles and channel visibility. | Server Guide: welcome line + to-dos 'Say hi in #introductions', 'Tell us what you're playing', 'Link your TechPlay account with /link (optional)'. | Buffy copy rewritten per the voice sheet (no 'young one', no prophecies, max one owl joke per message); avatar hosted at a working URL. | AutoMod presets on; rules include Time Out → Kick → Ban ladder.",,No DEV dependency beyond items already scheduled; runs on the spine dates.,planned
C36,Discord Road to 500,Community,Growth,T2 should,"Grow the server to 500 members (unlocks Server Insights) through per-campaign invites, weekly events and a referral role, never through paid member-buying [R13 exec 3, R16 §2.11].",Net members (Discord API count) weekly; joins by invite code (discord_join); share of joins that post within 7 days.,"TARGET: 500 members by 31 Dec 2026 (baseline 160 on 27 Sep, R13); ≥30% of new joins post within 7 days.",S10 | S4 | S5 | S3 | S1,Discord | site CTAs | newsletter | all social | Disboard/Discadia free listings,2026-10-12,2026-12-31,"2026-10-12 — invite codes per campaign live; free listings (Disboard, Discadia) set up | Weekly — one scheduled event (Game Club night, poll results, squad night, watch party) | 2026-11-18 — GTA Launch Eve event | 2026-12-10 — TGA watch party | 2026-12-31 — count","The TechPlay Discord: weekly game nights, GTA 6 and WoW channels, deal alerts, and editors who answer.","Bot-run rituals, account-linked XP, alerts by DM [R13].","facebook: The TechPlay Discord has a game night every week. This week: [event]. Join: discord.gg/wPQG9gUMXH | x: Our Discord runs one event a week: Game Club, polls, squad nights, and a watch party for every big show. This week: [event, day, time CET]. discord.gg/wPQG9gUMXH | threads: We do a game night in our Discord every week. This week it's [event]. Come by if you want people to play with. | discord: #announcements (12 Oct): ""New role: Recruiter. Invite friends with your personal invite (Server menu → Invite People); when three of them stay a week, you get the role and a line in Sunday's wrap. No bots, no alt accounts."" | newsletter: This week in the Discord: [event, day, time]. Invite: [link]","Disboard/Discadia listing description: TechPlay.gg — the Discord of a gaming publication. Weekly game nights and a monthly game club, GTA 6 and WoW channels, PC help, deal alerts from your wishlist, and editors who answer questions. Tags: gaming, pc, playstation, xbox, gta6, wow.",size: 1080x1080 | concept: Weekly event card template. | size: 1080x1920 | concept: Story event poster.,Join the Discord,https://discord.gg/wPQG9gUMXH,"Invite code per campaign, e.g. discord.gg/<code-c06>, logged in the invite sheet; site CTA: https://techplay.gg/?utm_source=newsletter&utm_medium=email&utm_campaign=c36-road-to-500&utm_content=event-w44",SC,SC 3 h/week,0,No paid listings (R16 §2.11: paid tiers not worth testing before Reddit).,discord_click | discord_join,,"At 500: enable Server Insights and set the next target (1,000 for Discovery) with real retention data.",C35 | D-011 | C03,,,D-011 invite attribution slips to 2027-W07. Interim: SC reads 'uses' per invite code in Server Settings → Invites every Monday and logs them in the invite sheet.,planned
C37,What Are You Playing? weekly (F11),Community,,T1 must,"One weekly check-in shared by Discord, the forum and social, linking answers to shelves so the question feeds the product [R13 ritual 1].",Replies per week across Discord thread + forum thread; shelf_add from the forum thread link.,TARGET: 13 consecutive Mondays; replies UP month over month.,S10 | S2,Discord | forum | X | Threads | Bluesky | Facebook,2026-09-28,2026-12-28,Every Monday 12:00 CET,What are you playing this week?,r/Games has run a weekly 'What have you been playing' thread for years; it is the most common community ritual in the research [R13 §2].,"facebook: What are you playing this week? Tell us in the comments. We're on [game] and [game]. | x: What are you playing this week? We're on [staff game 1] and [staff game 2]. | threads: Monday question: what are you playing this week, and is it good or are you just finishing it out of stubbornness? | bluesky: What are you playing this week? Staff: [game], [game]. | discord: Buffy, Mon 12:00 in #what-are-you-playing (thread): ""What are you playing this week? One line is enough. If you keep a TechPlay shelf, mark it Playing and it shows on your profile.""",Forum thread title: What are you playing? Week of [date],size: 1080x1080 | concept: Optional: plain type card 'What are you playing?' reused weekly.,Reply / mark it Playing on your shelf,https://techplay.gg/forum (weekly thread),https://techplay.gg/forum?utm_source=x&utm_medium=organic-social&utm_campaign=c37-what-are-you-playing&utm_content=f11-w40,SC,SC 1 h/week,0,,comment_created | shelf_add | discord_join,,Best answers quoted in Sunday's wrap (F14).,C35,,,No DEV dependency beyond items already scheduled; runs on the spine dates.,planned
C38,Game Club (Oct: Control Resonant; Nov: GTA VI; Dec: member vote),Community,Editorial,T2 should,"One game a month, played together, with a kickoff, a midpoint voice chat and a wrap, hosted by an editor [R13 ritual 2, R21 TOOL-39].",Participants = members posting in the club thread; voice attendance at the midpoint night.,TARGET: 3 clubs run to the wrap; attendance recorded each time.,S10 | S4,"Discord (#game-club, voice) | forum | X | newsletter",2026-10-05,2026-12-31,2026-10-05 — October kickoff: Control Resonant | 2026-10-15 20:00 CET — midpoint voice chat | 2026-10-29 — wrap thread | 2026-11-20 — November kickoff: GTA VI (day after launch) | 2026-12-03 20:00 CET — GTA VI club night | 2026-12-01 to 04 — December vote (3 candidates) | 2026-12-07 — December kickoff | 2026-12-21 — December wrap,"One game a month, played together, talked about properly.",Control Resonant is the month's momentum release (24 headlines in a week) [R06].,"x: October's TechPlay Game Club: Control Resonant. Play along, midpoint chat on 15 Oct in our Discord, wrap on the 29th. discord.gg/wPQG9gUMXH | threads: Starting a Control Resonant game club this month. Anyone else just starting it? | discord: Buffy, 5 Oct in #game-club: ""October's Game Club: Control Resonant. Play at your own pace; spoiler tags for anything past the first hours. Midpoint voice chat Thu 15 Oct, 20:00 CET, hosted by [editor]. Wrap on 29 Oct."" | newsletter: Game Club: October is Control Resonant. Midpoint voice chat Thursday 15 Oct, 20:00 CET. [invite]",,size: 1080x1080 | concept: Monthly club card with the game cover and three dates.,Join this month's Game Club,https://discord.gg/wPQG9gUMXH (#game-club); https://techplay.gg/forum (thread),https://techplay.gg/forum?utm_source=newsletter&utm_medium=email&utm_campaign=c38-game-club&utm_content=oct-control,SC (logistics) / EIC (host),"SC 2 h/month, EIC 2 h/month",0,,discord_join | comment_created | shelf_add,,Each wrap thread becomes a short 'Game Club verdict' paragraph in the Verdict (C52) for that game.,C35,,,No DEV dependency beyond items already scheduled; runs on the spine dates.,planned
C39,Poll of the Week (F12),Community,Social,T1 must,"One debate question a week, tied to the week's news, voted everywhere and reported back on the site, because polls draw far more participation than ratings [R04 via R23 #16, R13 ritual 3].",Total votes across platforms; results-post sessions.,TARGET: 13 polls; results posted every following Wednesday.,S10 | S8 | S1,Discord native poll | Instagram Story poll | X poll | Facebook poll | forum poll | Threads,2026-09-30,2026-12-30,"2026-09-30 — poll 1: PlayStation discs | 2026-10-07 — poll 2: 'Would you pay $80 for a game?' | 2026-10-14 — poll 3: 'Which WoW will you play from 4 Nov?' | 2026-10-21 — poll 4: 'MW4: which platform?' | 2026-11-11 — 'GTA 6: day one or wait for reviews?' | Weekly after, from the week's news","One question a week, and the result back to you.","Hookshot's polls draw thousands of votes while its game ratings draw 0–1 per new game; polls are where readers participate [R23 #16, R04].","facebook: Poll: if PlayStation stops making discs, what do you do? Buy discs while you can / Go digital now / Buy fewer PS games / Already digital. | instagram: Story poll: 'PlayStation without discs: fine or not?' Fine / Not fine. Next frame: link to The Last Disc letter (C66). | x: If PlayStation stops making discs, what do you do?
• Buy discs while I can
• Go digital now
• Buy fewer PS games
• Already digital | threads: Honest question: how many of your PS5 games are on disc? Mine's about [N]%. | discord: Poll (1 week): ""Sony plans to stop making PlayStation discs. What do you do? — Keep buying discs while I can / Go fully digital now / Stop buying PlayStation games / Don't care, I'm already digital""","Results post (site, forum): Poll of the week: [question]. [N] votes across Discord, X, Instagram, Facebook and the forum. Result: [split]. What you said: [two quotes].",size: 1080x1920 | concept: Story poll template. | size: 1080x1080 | concept: Results card.,Vote,https://techplay.gg/forum (results thread),https://techplay.gg/forum?utm_source=instagram&utm_medium=organic-social&utm_campaign=c39-poll-of-the-week&utm_content=f12-w40-story,SC,SC 1.5 h/week,0,,comment_created | cta_click,,"Poll results feed the newsletter and, where large, a news item.",C35 | C66,,,No DEV dependency beyond items already scheduled; runs on the spine dates.,planned
C40,The Save File newsletter relaunch (F21),Email,,T1 must,"Relaunch the newsletter as a weekly Friday issue with a clear job: this week's releases, one data point, GTA 6 briefing to launch, community picks, and nothing padded [R20 §2].","Verified subscribers (newsletter_verified, cumulative); click rate = unique clickers ÷ delivered; downstream actions within 24 h (reminder_set, shelf_add, registration_complete with utm_source=newsletter).","TARGET: 13 issues on Fridays; verified subscribers UP every week; complaint <0.1%, unsubscribe <0.5% per send.",S1 | S4 | S7 | S8 | S10,email | web archive | all site capture points | Discord | social,2026-10-02,2026-12-31,2026-09-30 — /newsletter landing live (D-012) | 2026-10-02 — issue 1 | 2026-10-12 — welcome sequence live (C42) | 2026-11-19 — GTA launch special | 2026-12-18 — year-end issue | 2026-12-25 — no issue (Christmas Day); next issue 1 Jan 2027 is optional,"The Save File: every Friday, what's out, what's worth it, and one thing only TechPlay can tell you.","Built on the release calendar, the database and the GTA 6 ledger [R20].","facebook: Our newsletter is back: The Save File, every Friday. Next week's releases, one number worth knowing, and the GTA 6 briefing until launch. [link] | instagram: Story: 'The Save File, every Friday' + sample issue screenshot + link sticker. | x: We're restarting our newsletter, The Save File: every Friday, next week's releases, one number worth knowing, and the GTA 6 briefing until launch. First issue tomorrow: techplay.gg/newsletter | threads: Restarting our Friday newsletter. Short, one job: what's out next week and what's worth your time. Link in bio. | discord: #announcements: ""The Save File is back: every Friday, next week's releases, one data point, community picks (yours, with credit). Sign up: https://techplay.gg/newsletter""","Issue 1 (Fri 2 Oct) — subject lines (A/B): A: The Save File #1: Autumn Sale picks and 48 days to GTA 6
B: What's out next week, and what's worth it in the Steam sale
Preheader: Gears of War: E-Day on Tuesday, WoW 12.1.5 expected, and our first poll result. | Issue 1 — body: Hi, this is The Save File from TechPlay. Every Friday: what's out next week, one number worth knowing, and a few things from the community. It takes three minutes.

1. OUT NEXT WEEK
Gears of War: E-Day — Tue 6 Oct, PC and Xbox. [Series order] [Remind me]
Dragon's Dogma 2: Dark Arisen — Fri 9 Oct, with a Switch 2 version (reported). [Remind me]
All releases: [calendar link]

2. STEAM AUTUMN SALE (UNTIL 8 OCT)
Our picks, and what to wait for until the Winter Sale on 17 Dec. [link]

3. GTA 6: 48 DAYS
Confirmed this week: nothing new from Rockstar. Still only reported: 30 fps on consoles at launch (Tom's Hardware). The ledger: [link]

4. THE NUMBER
[One verified stat with source, e.g. Steam's weekly most-played top three]

5. FROM THE COMMUNITY
Poll: [result]. Game Club starts Monday: Control Resonant. [Discord]

That's it. Reply if something's wrong; a person reads every reply.
— The TechPlay editors
[Unsubscribe] [Archive] | Standing sections (every issue): Out next week · The Number · GTA 6 briefing (until 19 Nov) · One thing worth reading (ours) · From the community · Deals (only during sales) | /newsletter landing copy (D-012): H1: The Save File
Every Friday: next week's releases with reminders, one number worth knowing, and what our community is playing. Three minutes, no filler. [email] [Subscribe] — Double opt-in; unsubscribe in one click. Read past issues: [archive].","size: 1080x1920 | concept: Story with sample issue. | size: 1080x1080 | concept: Launch card 'The Save File, every Friday'. | size: web banner | concept: Article-end capture (C46) and homepage module. | size: 1280x720 thumbnail | concept: /newsletter OG.",Subscribe to The Save File,https://techplay.gg/newsletter (new),https://techplay.gg/calendar?utm_source=newsletter&utm_medium=email&utm_campaign=c40-save-file-2026w40&utm_content=out-next-week-a,"SC (assembly) / EIC (edit, sign-off)","SC 3 h/week, EIC 1 h/week, DEV 4 h (D-012)",0,,newsletter_signup | newsletter_verified | cta_click | reminder_set | registration_complete,,After 6 issues: drop the lowest-clicked section. Non-openers of 8 consecutive issues are suppressed (deliverability).,D-012 | C42 | C46 | C03,,"Self-hosted sending without Gmail reputation; start small, pace sends, no DNS/SMTP changes without approval [R20 §4].",No DEV dependency beyond items already scheduled; runs on the spine dates.,planned
C41,"""Your releases this week"" personalised email",Email,Product,T2 should,"Send every member with wishlists or reminders a Monday email of their own releases this week, the email no generic gaming newsletter can send [R20 §2, R21 CH-02].",Click rate = unique clickers ÷ delivered; alert_clicked; shelf status changes within 48 h of send.,TARGET: first send Mon 26 Oct; click rate above The Save File's click rate by the third send; guardrails held.,S1 | S2 | S7,email | Discord DM (opt-in),2026-10-05,2026-12-28,2026-10-05 — build (D-028) on the existing weekly-digest data | 2026-10-23 — QA on staff accounts | 2026-10-26 — first send (MW4 week wrap + Next Fest) | Every Monday 08:00 CET after,"Your releases this week, from your own wishlist and reminders.",The weekly digest already assembles 'next 14 days' releases for each member's bell [R11 §3].,"discord: DM variant: ""Your releases this week: [Game] (Tue, [platform]), [Game] (Fri, [platform]). Details: [link]. Turn off: /alerts off""","Email: Subject: Your releases this week: [Game A] and [N] more
Preheader: From your TechPlay wishlist and reminders.
Body: Hi [username], [N] games you're waiting for release this week.
TUESDAY — [Game A] · [platforms you have] · [price or 'price not listed yet'] · [See game]
FRIDAY — [Game B] · ...
Not on your list but big this week: [one game from Out This Week].
Manage what you get: [settings]. — Buffy, TechPlay | Announcement (site banner + Save File line): New: every Monday, members with a wishlist get their own releases this week by email. Wishlist a game to start getting it.",size: web banner | concept: Settings page and game page line 'Get it in your Monday email'.,Wishlist a game to get your Monday email,https://techplay.gg/calendar (wishlist buttons); email links to /games/{slug},https://techplay.gg/games/grand-theft-auto-vi?utm_source=email&utm_medium=email&utm_campaign=c41-your-releases-2026w44&utm_content=game-card,"DEV (build) / SC (copy, monitoring)","DEV 20 h, SC 2 h + 0.5 h/week",0,,reminder_delivered | alert_clicked | shelf_add,reminder_delivered(channel=email),Add price where known (C31 data) in November.,D-028 | D-013 | C42,"Only members with a verified email and ≥1 wishlist/reminder; skip the send when a member has nothing releasing (no empty emails). | Each game: release date, platforms the member owns, price if known, pre-load note if official, link to game page. | One-click unsubscribe from this product only; list-unsubscribe header. | reminder_delivered (channel=email) and alert_clicked fire.",,D-028 first send 23 Nov (not 26 Oct). Out This Week (C04) covers the general version until then.,planned
C42,Welcome sequence (3 emails),Email,Product,T1 must,"Take a new member or subscriber from sign-up to a linked library in their first week with three short emails [R20 §4, R11 §6].",A2 activation (linked platform OR ≥3 shelf items within 7 days) among welcome recipients ÷ recipients; click rate per email.,TARGET: live 12 Oct; A2 activation among recipients UP vs members who joined 28 Sep–11 Oct (no sequence).,S1 | S2 | S10,email,2026-10-05,2026-10-12,2026-10-05 — copy approved | 2026-10-12 — live,Your library fills itself. Link one platform and see.,"Steam, PlayStation, Xbox, GOG and Epic import for free [spine §2].",,"Email 1 (day 0): Subject: Your TechPlay library, in one step
Body: Welcome to TechPlay. The quickest way to see what it does: link Steam (one click), or PlayStation, Xbox, GOG or Epic. Your games arrive with the hours you've already played. [Link a platform]
If you'd rather add games by hand, search any of 333,000+ games and mark it Playing, Backlog or Wishlist.
— Buffy, TechPlay | Email 2 (day 2, only if no platform linked): Subject: Three games is enough to start
Body: TechPlay gets useful once it knows a few things you play. Add three games (or link one platform) and you'll get: release reminders for what you're waiting on, price alerts for your wishlist, and a profile that reads your taste back to you. [Add games] | Email 3 (day 6): Subject: What TechPlay does in the background
Body: A few things that now run for you: a Monday email with your releases this week (if you have wishlists), price alerts on Steam and GOG, and the Friday newsletter if you want it [toggle]. There's also a Discord where the editors hang out: [invite]. That's the last welcome email. | Newsletter-only variant: Subject: You're subscribed to The Save File
Body: Thanks for confirming. The Save File comes every Friday. If you also want release reminders and price alerts for games you care about, that needs a free account: one click with Google, Discord or Steam. [Make it an account]","size: web banner | concept: Email header: plain TechPlay wordmark, no hero image (deliverability and load); Buffy sign-off mark only.",Link a platform,https://techplay.gg/settings (connected accounts) / https://techplay.gg/register?from=newsletter,https://techplay.gg/settings?utm_source=email&utm_medium=email&utm_campaign=c42-welcome&utm_content=email1-link,DEV (D-013) / SC (copy),"DEV 12 h, SC 3 h",0,,library_connected | shelf_add | newsletter_verified | registration_complete | discord_join,,Review activation by email step after 4 weeks; rewrite the weakest email.,D-013 | C44,"Email 1 on verification (or instantly for social sign-ups), Email 2 at +2 days if no platform linked, Email 3 at +6 days; any email skipped if its goal is already met. | Separate short variant for newsletter-only subscribers (one email: 'make it an account'). | library_connected attributed to utm_campaign=c42-welcome.",,"D-013 about 6 Nov. Interim: SC sends a short manual welcome campaign each Friday to that week's verified subscribers (Email 1 copy, trimmed).",planned
C43,Release-day & price alerts off-site (email + Discord DM),Product,Email,T1 must,"Deliver the reminders and wishlist notices that today only reach the on-site bell, by email and Discord DM, so a member who stops visiting still hears when their game is out [R23 #10, R21 CH-03].","Alert CTR = alert_clicked ÷ reminder_delivered, by channel; d1_return after an alert.","TARGET: live 19 Oct (Next Fest start, MW4 week); CTR tracked per channel; guardrails held.",S1 | S2 | S4 | S7,email | Discord DM | site settings,2026-10-05,2026-10-19,2026-10-05 — build | 2026-10-16 — QA | 2026-10-19 — live; announcement,"When your game is out, you'll hear about it, even if you haven't opened TechPlay in weeks.",Reminder jobs already run at 09:00 daily (T-3 and T-0); only the channel is new [R11 §1.4].,"x: TechPlay reminders now leave the site: set 'remind me' on any game and you'll get an email or a Discord DM on release day. Try it on something you're waiting for: techplay.gg/calendar | discord: #announcements: ""Release reminders now arrive as a DM from me, if you've linked your account and turned DMs on in Settings. Set one on any game page."" | newsletter: Release reminders now come by email or Discord DM. Set one on any game: [calendar]","Reminder email: Subject: [Game] is out today
Preheader: [Platforms you own]. [Pre-load/unlock note if official].
Body: [Game] releases today on [platforms]. [See game page] [Store]. You asked us to remind you on [date]. Manage reminders: [link]. — Buffy | Reminder DM: ""[Game] is out today on [platforms]. [link]""",size: 1080x1080 | concept: Card: 'Remind me' button → phone notification.,Set a reminder,https://techplay.gg/calendar,https://techplay.gg/games/grand-theft-auto-vi?utm_source=email&utm_medium=email&utm_campaign=c43-alerts&utm_content=release-day,DEV,"DEV 16 h, SC 1.5 h",0,,reminder_set | reminder_delivered | alert_clicked | d1_return,,Price alerts added via D-027 for C31; push via C59.,"D-013 | D-027 (price half, by 20 Nov) | C45","Release reminders (T-3 and T-0) and wishlist release notices go by email (verified) and Discord DM (linked, opted-in). | Settings: per-channel toggles; the 'What may reach your inbox' toggle now actually governs these. | reminder_delivered(channel) and alert_clicked fire. | Max one email per member per day; batch multiple games into one.",,"Email channel about 6 Nov (D-013); Discord DM 2027-W06 (D-047). Interim: SC posts 'Out today' in Discord each morning from /calendar. Announcement copy is split: email part on 6 Nov, DM part in 2027.",planned
C44,"Registration rebuild — register page rewrite, social first, Steam sign-in, redirect-back",Product,,T1 must,"Rebuild /register around the library pitch, put one-click sign-in (Steam, Google, Discord) above the form, add Steam OpenID sign-in, and return people to the page they came from [R11 §4 #1-2, #18, §5].","Registration completion = registration_complete ÷ registration_start, by method; A2 activation within 7 days by method.",TARGET: live 26 Oct; completion rate UP vs the 4 weeks before (baseline from C03 events); Steam share of registrations reported.,S2 | S3 | S1 | S4,site | X | Discord | newsletter,2026-10-05,2026-10-26,2026-10-05 — copy approved by EIC (D-014) | 2026-10-14 — register page + redirect live | 2026-10-26 — Steam sign-in live (D-015); announcement,Sign in with Steam and your library is already here.,Steam's OpenID explicitly allows sign-in for third-party sites; TechPlay already holds the API key [R11 §5].,"x: You can now sign in to TechPlay with Steam. One click and your Steam library, with hours, is on your shelf. PlayStation, Xbox, GOG and Epic link after: techplay.gg/register | threads: We added Sign in with Steam. The thing I like: your library shows up immediately, instead of after three forms. | discord: #announcements: ""Sign in with Steam is live. If you've been putting off making an account because of the form: it's one click now."" | newsletter: New: sign in to TechPlay with Steam. One click and your library is there, hours included. [link]","Register page copy (D-014): H1: Start your library
Sub: Link Steam, PlayStation, Xbox, GOG or Epic and your games arrive on their own, with the hours you've played. Free, and no card.
Buttons: Sign in through Steam · Continue with Google · Continue with Discord · Continue with Battle.net · or sign up with email
Left panel: One library, every platform / Hours counted without you / Your taste, in numbers / How close your taste is to anyone else's · [live] games in the catalogue
Under form: We read the first three comments from new members before they appear. After that, you're through.",size: 1080x1920 | concept: Screen recording: Steam sign-in → shelf filled. | size: 1080x1080 | concept: Card: 'Sign in with Steam'.,Sign in with Steam,https://techplay.gg/register?from=<source>,https://techplay.gg/register?from=c44-x&utm_source=x&utm_medium=organic-social&utm_campaign=c44-registration&utm_content=steam-signin,DEV (build) / EIC (copy sign-off),"DEV 24 h, EIC 2 h, SC 1 h",0,,registration_start | registration_complete | email_verified | library_connected,registration_complete(method=steam|google|discord|battlenet|email),Report method mix and completion 2 Nov; this is the landing for C57 paid.,D-014 | D-015 | C01 | C03,"Order: 'Sign in with Steam' (Valve's official button), Google (full width), Discord, Battle.net; then 'or with email'. | Left panel: homepage's four mechanisms with the live game count; no member count. | Redirect-back honoured for social sign-ups (?redirect= and from=); email sign-ups return after verification. | Steam-only accounts: full shelf use; email asked when setting a reminder ('Where should we send it?'). | registration_start / registration_complete (method, from) fire.",,D-014 register rewrite on time (by 26 Oct); D-015 Steam sign-in slips to 2027-W01. Steam stays 'connect after sign-up' and the welcome mail pushes it. Hold the 'Sign in with Steam' announcement copy until it ships.,planned
C45,"""Remind me / Follow"" guest CTA on game & calendar pages",Product,SEO,T1 must,"Turn the largest page set (game pages and the calendar) into sign-ups at the moment of intent: a guest clicks 'Remind me' and signs up in a modal that returns to the same game [R11 §4 #3, #5].",Guest reminder conversion = registration_complete with from=game-remind ÷ guest clicks on 'Remind me' (cta_click cta_id=remind-guest).,TARGET: live 19 Oct; conversion measured weekly; reminders set per day UP vs pre-launch.,S1 | S4 | S6 | S7,site,2026-10-05,2026-10-19,"2026-10-19 — live on /games/{slug} (unreleased), /calendar, /gta6/release-time",Remind me when it's out.,Reminder jobs exist; C43 makes them leave the site [R11].,,"Modal copy: Title: Get a reminder for [Game]
Body: We'll email you (or DM you on Discord) when it's out. Free account, one click.
Buttons: Steam · Google · Discord · Email
Small print: No spam. One email per day at most.","size: web banner | concept: Modal and button states designed once by DS (1 h): 'Remind me' default, hover, set; modal with four sign-in options.",Remind me,https://techplay.gg/games/{slug}; https://techplay.gg/calendar,https://techplay.gg/games/grand-theft-auto-vi?utm_source=x&utm_medium=organic-social&utm_campaign=c06-gta6-countdown&utm_content=f02-day30-card,DEV,DEV 16 h,0,,cta_click | registration_complete | reminder_set | game_followed,,Extend to studio pages ('Follow this studio's releases') in Q1.,D-016 | C44 | C43,Guest 'Remind me' opens a modal: Steam / Google / Discord / email; after sign-up the reminder is set and the user is back on the same page. | Released games show 'Add to shelf' with the same modal. | game_followed / reminder_set fire with from=game.,,D-016 lite version 18 Dec. Interim: 'Remind me' sends guests to /login?redirect= (after D-014).,planned
C46,Article end CTA block + contextual links + related module,Product,SEO,T1 must,"Give every article one consistent end block (newsletter, Discord, connect a platform), 3–5 contextual links and a related module, so news readers have somewhere to go [R02 fix #5-6].",Article → action rate = (newsletter_signup + discord_click + registration_start from=article-end) ÷ article sessions; pages per session from articles.,TARGET: live 16 Oct on all articles; article → action rate measured weekly from then.,S1 | S3 | S8 | S10,site,2026-10-05,2026-10-16,2026-10-05 — block design | 2026-10-12 — contextual link rule in the editor (ED) | 2026-10-16 — live,"Every article ends with somewhere to go: the newsletter, the Discord, or your own library.",Six sampled articles had zero body links and no newsletter prompt [R02 §4.2].,,"End block copy: Newsletter: 'The Save File — every Friday, next week's releases and one number worth knowing. [email] [Subscribe]'
Discord: 'Talk about this in the TechPlay Discord: game nights, GTA 6 and WoW channels, and the editors. [Join]'
Library (guest): 'Link Steam, PlayStation or Xbox and TechPlay keeps your library for you. [Start your library]'
Library (member, article has a game): 'Add [Game] to your shelf. [Add]'","size: web banner | concept: End-block component (DS: one design, three states).",Subscribe / Join Discord / Start your library,"All articles (/news, /reviews, /guides, /hardware)","Internal CTA; tracked by cta_id (e.g. cta_id=article-end-newsletter), no UTM",DEV (build) / ED (link rule),"DEV 16 h, ED 2 h + 5 min per article, DS 2 h",0,,cta_click | newsletter_signup | discord_click | registration_start | shelf_add,,A/B the order of the three elements after 4 weeks.,D-010 | D-012 | C40,"End block above comments: newsletter box, Discord card with live member count from the API (or no count), 'Link Steam and see your hours' (guests) or 'Add [game] to your shelf' (members, if article has game_id). | Related module: 3 by game, then category. | ED style rule: 2–5 contextual links per article (game page, primary source, a hub or tool). | cta_click with cta_id per element.",,"D-010 slips to Feb 2027. Interim from 5 Oct: the D-012 newsletter form under articles, and ED adds 3–5 contextual links by hand to every article.",planned
C47,Reddit Reputation Program (90 days),Community,,T1 must,"Earn standing in the subreddits where TechPlay's tools answer real questions, by helping first, disclosing affiliation, and linking only when the link is the answer [R07 §3.7, R13].",Helpful comments per week; comment karma on the two named accounts; share of comments with a link (keep low); discord_click / cta_click with utm_source=reddit.,TARGET: 12 weeks × ≥10 helpful comments per account; links in ≤1 of 10 comments; zero removals for self-promotion.,S3 | S4 | S5 | S7 | S8,Reddit,2026-09-28,2026-12-27,2026-09-28 — accounts named (SC and EIC personal accounts with flair/bio 'works at TechPlay'); each sub's rules read and logged | Weekly — 10 helpful comments per account | 2026-10-08 onward — data posts only via C48,"Help first. Link only when it answers the question, and say it's ours.","Reddit's sitewide rule: participate authentically; top posts are rarely publisher links [R07 §3.7, R06].","reddit: Comment pattern (example, r/pcgaming 'stutter in new game'): ""Shader compilation stutter usually shows up in the first minutes or when a new area loads. Things that help: let the game finish building shaders on the menu if it offers it, update the GPU driver, and don't cap the shader cache in the driver settings. If it's still bad, the fix list we keep at TechPlay (I work there) is here: [link]. But try the first three first.""
Subs and angles: r/wow and r/wownoob (readiness, gear questions; Analyzer only on request), r/pcgaming and r/techsupport-style threads (fixes, C60), r/patientgamers (recommendations; no links), r/GTA6 (facts with primary sources), r/Steam (sale, refunds, library questions), r/NintendoSwitch2 (edition/upgrade questions, C61).","Rules for the two accounts: 1. Read each subreddit's rules before the first comment; log self-promotion rules in the sheet. 2. Nine of ten comments have no TechPlay link. 3. Every link to TechPlay says 'I work there'. 4. Never post a TechPlay article as a link post. 5. Never ask for upvotes, never coordinate votes. 6. If a mod asks us to stop, stop in that sub.",size: web banner | concept: None. Reddit comments are text; screenshots only when they answer the question.,None (help); links only where they answer,"Varies (C60 fixes, /wow-analyzer, /gta6/everything-we-know)",https://techplay.gg/guides/pc-fixes?utm_source=reddit&utm_medium=community&utm_campaign=c47-reddit-reputation&utm_content=comment&utm_term=pcgaming,SC (primary) / EIC (data subs),"SC 3 h/week, EIC 1 h/week",0,,cta_click | discord_click | tool_run,,Day-90 review (27 Dec): which subs welcomed us; decides C58 targeting and future data-post subs.,C48 | C60 | C13,,,No DEV dependency beyond items already scheduled; runs on the spine dates.,planned
C48,Reddit Data Posts (tied to C20/C21/C22/C26),PR,Community,T2 should,"Post TechPlay's original charts as native OC in subreddits that accept data, with source and tool in the comment, on the PR campaigns' publish dates [R14 §1.7].","Post score and comments; referral sessions (utm_source=reddit, utm_term=<subreddit>); removals.","TARGET: 4 OC posts (7–8 Oct, 14 Oct, 28 Oct, 8 Dec); zero removals.",S8 | S3,Reddit,2026-10-07,2026-12-08,"2026-10-08 — r/dataisbeautiful: release congestion (C20) | 2026-10-14 — r/Games (self-post, if rules allow): studios closed tracker (C22) | 2026-10-28 — r/dataisbeautiful: studios per million people (C21) | 2026-12-08 — r/dataisbeautiful + r/patientgamers (if allowed): completion by genre (C26)","Original charts, posted natively, with the source in the first comment.",r/dataisbeautiful requires [OC] and a source/tool comment [R14 §1.7].,"reddit: Title: ""[OC] Video game releases per week, 2010–2026 (dated releases, all platforms)""
Image: the C20 chart with source line.
First comment (EIC account): ""Source: TechPlay's games database (I work there), [N] titles, pulled [date]. Only releases with an exact day are counted; 'notable' means the game has a critic score or at least two store links. Tool: [Python/matplotlib or chart tool]. Full method and CSV: [link]. Happy to answer questions about the data.""",,size: 1080x1350 | concept: Chart exported at Reddit-friendly size with source line on image.,Source comment link,The C20/C21/C22/C26 data pages,https://techplay.gg/data/release-congestion-2026?utm_source=reddit&utm_medium=community&utm_campaign=c48-reddit-data&utm_content=oc-congestion&utm_term=dataisbeautiful,EIC,EIC 1.5 h per post + 1 h of replies,0,,cta_click | social_share,,Reply to every good-faith question for 24 h after posting.,C20 | C21 | C22 | C26 | C47,,,No DEV dependency beyond items already scheduled; runs on the spine dates.,planned
C49,Vertical Video System (Out This Week + GTA countdown + Fix It Friday),Video,Social,T2 should,"Run one templated vertical-video production that publishes to TikTok, YouTube Shorts, Instagram Reels and Facebook Reels, with three repeatable formats and no presenter, then keep the platform that sends people to the site [R19 §3].","Site sessions per 1,000 views, by platform (utm_source=tiktok|youtube|instagram|facebook); follows per week.",TARGET: 6-week test 5 Oct–15 Nov (≥3 videos/week); by 16 Nov pick the primary platform; ESTIMATE 2–3 h/week SC + 1 h DS after templates.,S1 | S4 | S3,TikTok | YouTube Shorts | Instagram Reels | Facebook Reels,2026-10-05,2026-12-31,2026-10-01 — TikTok account created (@techplay.gg or @techplaygg if free); bios aligned | 2026-10-05 — first Out This Week video | 2026-10-09 — first Fix It Friday video | 2026-11-16 — platform decision | 2026-11-19 — launch-week shorts (C10),"Useful in 30 seconds: what's out, one GTA 6 fact, one PC fix.",Formats built from existing data; no presenter needed [R19 §2].,"facebook: Facebook Reels from the same files. | instagram: Reels from the same files; bio link to /calendar. | tiktok: Weekly slots: Mon — Out This Week (C04 script). Wed — GTA 6 countdown (C06 script). Fri — Fix It Friday: 'Stutter in new PC games? 3 fixes in 40 seconds' (screen capture of Windows/driver settings, captions, end card techplay.gg/guides/pc-fixes). | youtube: Same files as Shorts; channel banner and bio updated; playlist per format. Bio: 'Games out this week, GTA 6 facts, PC fixes. From TechPlay.gg.' | short_script: Fix It Friday template, 40 s: 0–3 s problem statement on screen ('Game stutters when you enter a new area?'); 3–33 s three fixes, 10 s each, screen capture with arrows; 33–40 s 'Full guide: techplay.gg/guides/pc-fixes'. No music under instructions.","Profile bio (all four platforms): Games out this week, GTA 6 facts, PC fixes. TechPlay.gg — gaming, on the record.","size: 1080x1920 | concept: Three templates (DS): Out This Week, Countdown, Fix It Friday; safe zones for each platform's UI. | size: 1280x720 thumbnail | concept: Shorts covers per format.",Link in bio / description,https://techplay.gg/calendar ; https://techplay.gg/gta6 ; https://techplay.gg/guides/pc-fixes (new),https://techplay.gg/guides/pc-fixes?utm_source=tiktok&utm_medium=organic-social&utm_campaign=c49-vertical-video&utm_content=f07-fix-stutter,"SC (edit, post) / DS (templates)","SC 3 h/week, DS 6 h once + 1 h/week",0,,cta_click | reminder_set | social_share,,16 Nov: keep the best platform; the others get reposts only. Spark Ads (paid) only if a video has already performed organically (R16 T8) and only in 2027.,C04 | C06 | C60 | Publisher video-content policies read (R19 §6),,"Footage rights: official media only, credited; AI voice not used until platform disclosure rules are checked.",No DEV dependency beyond items already scheduled; runs on the spine dates.,planned
C50,YouTube long-form pilot: 'Every GTA game in order before VI' + 'Release Radar' monthly,Video,,T3 cut first,"Test two long-form formats built from data, not personality: a GTA series explainer before launch and a monthly release radar, before deciding whether long-form earns a place [R19 §1 #4, #9].",Average view duration; subscribers gained per video; site sessions from video descriptions.,"TARGET: 3 videos published (12 Nov, 2 Nov Radar, 7 Dec Radar); decision on long-form in January based on view duration.",S4 | S1,YouTube | Shorts cut-downs | site embeds,2026-10-19,2026-12-07,2026-10-19 — script 'Every GTA game in order' (EIC) | 2026-11-02 — Release Radar: November | 2026-11-12 — GTA pilot published | 2026-12-07 — Release Radar: December,"Every GTA game in order, in [N] minutes, before VI.",Series relations and release data from the database; official media only [R19].,"x: We made a video: every GTA game in order, from the first to GTA VI, and where you can play each one today. [link] | discord: #gta6: ""Our first long video: every GTA game in order before VI. Tell us what we missed: [link]"" | youtube: Title: Every GTA game in order before GTA 6
Description: Every Grand Theft Auto game, from the first to GTA VI on 19 November 2026, in release order, with where you can still play each one. Chapters in the timeline. Series page: techplay.gg/[link]. Countdown and reminders: techplay.gg/gta6
Release Radar title: 'Release Radar: every notable game out in November 2026' | short_script: Cut-downs: '3 GTA games most people skipped' (45 s) and 'GTA map sizes, in order' (only with sourced figures). | newsletter: New video: every GTA game in order, before VI. [link]","Script outline (GTA pilot, ~10–12 min, voice-over by an editor): Cold open (20 s): 'GTA VI is out on 19 November. Here's every GTA game before it, in order, and where you can still play them.' Sections follow the release order on the C63 series page (dates read from the database and checked against Rockstar's own listings): the early games, the 3D era, the handheld entries, GTA IV, GTA V and its re-releases, then GTA VI: what's confirmed (date, price, platforms, single-player at launch, no PC at launch). Close: 'Series page and a GTA 6 reminder are on TechPlay.' Visuals: official art, box art, timeline graphics; no leaked footage.",size: 1280x720 thumbnail | concept: GTA timeline strip with 'Every GTA in order' (no Rockstar logo misuse). | size: 1080x1920 | concept: Shorts cut-downs.,Series page / GTA 6 reminder,https://techplay.gg/gta6 ; series article from C63 (31 Oct),https://techplay.gg/gta6?utm_source=youtube&utm_medium=organic-social&utm_campaign=c50-youtube-pilot&utm_content=gta-in-order-desc,"EIC (script, VO) / SC (edit, publish)","EIC 10 h, SC 12 h, DS 4 h (GTA pilot); Radar 5 h each",0,,cta_click | reminder_set,,January decision: continue Radar monthly or stop long-form.,"C63 (GTA in order, 31 Oct) | C49",,,No DEV dependency beyond items already scheduled; runs on the spine dates.,planned
C51,Creator Data Partnerships,Creator,PR,T2 should,"Offer creators free, credited charts and tool embeds from TechPlay's data for their videos and streams, in exchange for a link and a mention; the currency is data, not money [R15 exec 7, §3 #1, #9].",Creator mentions with a link (manual log); sessions with utm_source=creator-<handle>; discord_join by creator invite codes.,TARGET: 15 personal outreach emails by 30 Nov; 3 completed collaborations by 31 Dec.,S4 | S5 | S8 | S3,email/DM outreach | creator videos | Discord co-hosted events,2026-10-20,2026-12-31,"2026-10-20 — shortlist of 30 micro creators (GTA, WoW, PC, release-news) via Keymailer/Lurkit search and YouTube | 2026-10-26 — first 5 emails (offer: a custom chart from C20/C21 or a WoW Analyzer segment) | 2026-11-09 — GTA-focused wave (map tracker, ledger) | 2026-12-01 — TGA prediction league co-host offer",We have data your audience would like; use it with credit.,"Datasets (release congestion, studios, GTA 6 ledger), tools (WoW Analyzer, map tracker), and an honest press page [R15].","discord: Co-hosted event template: ""[Creator] joins us Thursday [time CET] in Stage: [topic, e.g. 'rate my character' with the WoW Analyzer]. Bring your character name.""","Outreach email (EIC): Subject: A chart for your next [GTA / WoW / release] video, free

Hi [Name],

I'm [Name], editor at TechPlay, a small gaming publication in Sarajevo. I watched your [video]. We keep a database of 333,000+ games and some tools (a WoW character analyzer, a GTA 6 map and a confirmed-vs-rumour ledger).

If it's useful, I can make you a chart for an upcoming video, for example [specific idea tied to their channel], with our data and your branding. All we'd ask is a credit and a link in the description. No fee either way, and no obligation to use it.

Our press page, with who we are and what our numbers are, is here: techplay.gg/press

[Name] | Follow-up (7 days, once): Hi [Name], one follow-up on the chart offer; if the timing's wrong, no problem, and I won't email again about it.","size: 1920x1080 / 1280x720 | concept: Chart packs in 16:9 for video, with a small 'Data: TechPlay.gg' line. | size: 1080x1920 | concept: Vertical chart for Shorts creators.",Credit + link to the data page,https://techplay.gg/press (new) and the relevant data page,https://techplay.gg/data/release-congestion-2026?utm_source=creator-handle&utm_medium=creator&utm_campaign=c51-creator-data&utm_content=chart-credit,EIC,EIC 2 h/week,0,,cta_click | discord_join | tool_run,,"Log every outreach and answer; no mass emails, no follow-up beyond one.",C54 (/press) | C20 | C21 | C07 | C13,,,No DEV dependency beyond items already scheduled; runs on the spine dates.,planned
C52,Verdict: review restart (F24),SEO,Editorial / PR,T1 must,"Restart reviews with a weekly launch Verdict (short, scored when enough is played) that can grow into a full review, to rebuild credibility and qualify for OpenCritic [R02 §7, R15 exec 1].","Reviews published (count, dated); days from release to Verdict; organic clicks on Verdict pages.",TARGET: ≥8 Verdicts by 14 Dec (C53 gate); median days from release ≤7 (DOWN from 16–21 days) [R23 #14].,S1 | S2 | S3 | S8,site | X | Facebook | Instagram | Threads | Bluesky | newsletter | Steam Curator (C69),2026-10-06,2026-12-31,"2026-10-06 — Verdict #1 (candidate: Control Resonant, released 24 Sep) | Weekly Mon or Thu after | Candidates by date: Ace Combat 8 (2 Oct), Gears of War: E-Day (6 Oct), Dragon's Dogma 2: Dark Arisen (9 Oct), Planet Zoo 2 (13 Oct), MW4 campaign (16 Oct early access), Phantom Blade Zero (29 Oct), GTA VI (19 Nov, weekend verdict), Dawn of War IV (3 Dec), Path of Exile 2 1.0 (11 Dec, reported) | 2026-12-14 — C53 submission","Verdict: what it is, who it's for, and whether it's worth the money, within a week of release.",Reviews use the published /rating-system scale; the reviewer's hours and platform are stated on every Verdict.,"facebook: Our Verdict on [Game]: [score]/10. [Two sentences on who it's for]. Played for [N] hours on [platform]. [link] | instagram: Single image 1080x1350: cover, score, one-line verdict, 'Played [N] h on [platform]'. Caption: the two-sentence verdict + 'Full Verdict: link in bio'. | x: Verdict: [Game] — [score]/10. [One sentence]. Played [N] hours on [platform]. [link] | threads: Finished [N] hours of [Game]. Short version: [verdict line]. Longer version on the site. | bluesky: Verdict: [Game], [score]/10. [One sentence]. [link] | newsletter: This week's Verdict: [Game], [score]/10. [One line.] [link]","Verdict format: 600–900 words. Header box: score, platform played, hours played, price at time of writing, 'Who it's for / Who should wait'. Sections: What it is · What works · What doesn't · Verdict. If a later full review follows, the Verdict URL is updated in place with 'Updated after [N] hours' and the score change (if any) explained.",size: 1080x1350 | concept: Verdict card template. | size: 1280x720 thumbnail | concept: Verdict OG. | size: 1080x1080 | concept: X card.,Read the Verdict,https://techplay.gg/reviews,https://techplay.gg/reviews?utm_source=x&utm_medium=organic-social&utm_campaign=c52-verdict&utm_content=f24-control-resonant,EIC (reviews) / ED (second reviewer),"EIC 8 h/week (play + write), SC 0.5 h/week",0,"Games via review codes (C69 Curator Connect, Keymailer) or bought within the existing editorial budget (UNKNOWN amount; EIC decides).",cta_click | rating_created | shelf_add | comment_created,,Game Club wraps (C38) feed a 'community verdict' paragraph.,C69 (review codes) | C53,,Capacity: EIC 8 h/week is the largest single commitment; drop F10 'Worth It' in weeks with a big Verdict.,No DEV dependency beyond items already scheduled; runs on the spine dates.,planned
C53,OpenCritic application,PR,,T2 should,"Apply to OpenCritic once TechPlay shows a steady review cadence (≥8 new Verdicts since 6 Oct), so reviews reach store pages that embed OpenCritic [R15 exec 1, R14 §1.2].",Application submitted; outcome.,"TARGET: submitted 14 Dec with ≥8 reviews since 6 Oct, the review policy page and /about/ownership linked.",S8 | S1,OpenCritic submission form,2026-12-07,2026-12-14,2026-12-07 — checklist review | 2026-12-14 — submit,"A steady weekly review cadence on a published scale, from named reviewers.","OpenCritic weighs 'demonstrated commitment to critically reviewing games' and structured, professional reviews [R15].",,"Application note (EIC): TechPlay is an independent gaming publication based in Sarajevo (ownership and funding: techplay.gg/about/ownership). We restarted our review programme on 6 October with a weekly Verdict format and have published [N] reviews since, typically within a week of release, on a published scale (techplay.gg/rating-system). Reviewer, platform and hours played are stated on every review. Recent reviews: [links].","size: web banner | concept: None. The application links existing pages: /reviews, /rating-system, /about/ownership.",Submit the application (internal action),https://techplay.gg/reviews,Not applicable (no public link),EIC,EIC 2 h,0,,cta_click,,"If declined, ask what is missing and re-apply after the gap is closed.",C52 | C54,,,No DEV dependency beyond items already scheduled; runs on the spine dates.,planned
C54,"Ownership, Funding & AI Policy page + /press",PR,Trust,T1 must,"Publish who owns TechPlay, how it is funded, how it uses AI, and a press page with honest numbers, before any outreach asks a partner to trust us [R15 §1, R21 PART-03].",Pages live; outreach emails that link /press (share of C20/C21/C51/C55 pitches).,TARGET: both pages live 9 Oct; every pitch from 9 Oct links /press.,S8 | S9,site | LinkedIn | X,2026-10-01,2026-10-09,2026-10-01 — drafts | 2026-10-07 — EIC sign-off | 2026-10-09 — live (D-038),"Who we are, who pays for this, how we use AI, and the numbers we can stand behind.","Impressum lists Luminor Solutions, Sarajevo; AdSense is the revenue model [R02 §6.2, R20].","x: We published two pages we should have had earlier: who owns and funds TechPlay and how we use AI (techplay.gg/about/ownership), and a press page with numbers we can stand behind (techplay.gg/press).","AI policy (page text): News, reviews, guides and data stories on TechPlay are written and edited by the people named on them. We use AI in two places, and label both: the tips in the WoW Analyzer are generated by a language model from your character's data and marked as such; and we use automated tools to check spelling and to help find source documents. AI is never used to write a review or to invent a quote, a number or a source. | LinkedIn (EIC): We published TechPlay's ownership, funding and AI-use policy, and a press page. If you work with gaming media in the region, that's where to start: techplay.gg/press",size: 1280x720 thumbnail | concept: Plain OG for both pages.,Read /press,https://techplay.gg/about/ownership (new); https://techplay.gg/press (new),https://techplay.gg/press?utm_source=linkedin&utm_medium=organic-social&utm_campaign=c54-ownership-press&utm_content=launch-a,EIC (text) / DEV (pages),"EIC 5 h, DEV 4 h",0,,cta_click,,Update /press numbers automatically (API); review text every quarter.,D-038 | C01,"/about/ownership: owner and publisher (Luminor Solutions, Sarajevo), funding sources (advertising via Google AdSense; any affiliate links disclosed), editorial independence statement, AI policy (where AI is used: e.g. WoW Analyzer tips labelled as AI-generated; where it is not: reviews and news are written by named people), corrections policy and log link. | /press: what TechPlay is (one paragraph), team with author pages, live numbers only (games and studios in the catalogue from the API; articles published; Discord members from the Discord API), logos, contact, how we source data. | Both linked from the footer and About page.",,"D-038 pages ship 18 Dec. Interim on 9 Oct: EIC's ownership, funding and AI-use text is published as an article linked from /about; pitches link that article until /press exists.",planned
C55,"Balkan regional partnerships (studios, A1 Adria League, regional press)",Partnership,,T3 cut first,"Use TechPlay's Sarajevo base and studio data to become the regional games reference: studio spotlights, a media partnership with A1 Adria League, and regional press pickups of C21 [R15 §4, R21 PART-04].",Partnerships agreed; regional referral sessions (utm_source=partner-<name>); studio pages corrected by studios.,"TARGET: 10 studio contacts, 1 esports/media partner conversation, 2 regional press pickups in November.",S9 | S8,email | LinkedIn | regional Facebook | Discord (AMA),2026-11-01,2026-11-30,2026-11-02 — studio list from /studios/country/ba and neighbours | 2026-11-09 — A1 Adria League contact | 2026-11-16 — first studio spotlight article | 2026-11-30 — review,"The region's game studios, counted and covered, from a publication based here.",Studio census (C21); /studios/country/ba exists; About says 'Independent · Sarajevo' [R15 exec 6].,"facebook: We're covering game studios from Bosnia and Herzegovina and the region: who they are, what they're making, and where to play it. If you run a studio here, write to us. [link] | discord: #announcements: ""Studio spotlight: [Studio], [city]. They answer questions in #ama on [date, time CET].""","Studio email (EIC): Subject: TechPlay studio spotlight — [Studio]

Hi [Name],

TechPlay is a gaming publication based in Sarajevo. Your studio is in our database ([link to studio page]); if anything there is wrong, tell me and we'll fix it.

We're running short spotlights on studios from the region: what you're making, where to play it, and a Q&A in our Discord if you want one. No cost. Interested?

[Name] | A1 Adria League (EIC): Subject: Media partnership — TechPlay × A1 Adria League

Hi [Name],

TechPlay (Sarajevo) covers games for an English-first audience with a regional base, and keeps a database of 333,000+ games and 57,630 studios. We'd like to talk about coverage of the league's season: results write-ups, player and team pages linked to our game pages, and cross-promotion in our Discord and newsletter. Our press page: techplay.gg/press. Could we set up a call?

[Name]",size: 1080x1080 | concept: Studio spotlight card. | size: 1280x720 thumbnail | concept: Spotlight article OG.,Studios: get in touch / readers: read the spotlight,https://techplay.gg/studios/country/ba,https://techplay.gg/studios/country/ba?utm_source=partner-a1adria&utm_medium=partner&utm_campaign=c55-balkan-partnerships&utm_content=league-link,EIC,"EIC 3 h/week in November, ED 3 h per spotlight",0,,cta_click | discord_join,,Keep spotlights monthly in 2027 if pickups happen.,C21 | C54,,Reboot Develop status unverified; do not plan around it [R15 §4].,No DEV dependency beyond items already scheduled; runs on the spine dates.,planned
C56,Paid: Google branded + tool exact match,Paid,,T2 should,"Protect the brand query and learn the real CPC and volume of tool queries with a tiny exact-match budget, only after measurement is live [R16 §2.3, T1, T7].",Impression share (branded); CPC; tool_run and registration_complete per $ (tool queries).,TARGET: branded impression share and a real CPC by 2 Nov; stop tool keywords with <20 impressions/week after 14 days; pause branded if CPC > $1.00 (R16 T1 stop-loss).,S5 | S2 | S1,Google Search,2026-10-19,2026-12-31,2026-10-16 — C03 gate passed (EIC) | 2026-10-19 — campaigns live | 2026-11-02 — 14-day read; cut dead tool keywords | 2026-12-31 — end-of-quarter read,"TechPlay: gaming news, a 333,000-game database and free tools, on the query that names us.","Branded exact match is cheap and defensive; tool-query volumes are unknown, and this test is how they get measured [R16 §2.3].","ad: RSA headlines (≤30 chars): 'TechPlay.gg Official Site' · 'Gaming, on the Record' · 'Free WoW Character Analyzer' · 'Check Your WoW Character' · 'One Library for All Platforms' · 'Steam, PlayStation, Xbox, GOG' · 'Release Calendar + Reminders' · 'Backlog Advisor, Free' · 'No Card, Free to Use'
Descriptions (≤90 chars): 'Gaming news, a 333,000-game database and a free library that fills itself from Steam.' · 'Paste your character and realm. Gear, enchants and progression checked in seconds.' · 'Link Steam, PlayStation, Xbox, GOG or Epic. Reminders and price alerts for your wishlist.' · 'What to play next, read from your own library. Free, no card.'
Sitelinks: WoW Analyzer (/wow-analyzer) · Release Calendar (/calendar) · GTA 6 Hub (/gta6) · The Save File (/newsletter)
Keywords (exact): [techplay] [techplay gg] [techplay.gg] [techplay wow analyzer] [techplay backlog advisor]; tool test: [wow raid readiness] [wow character analyzer] [backlog tool] [what should i play next]",,size: web banner | concept: Search ads are text only; sitelink descriptions written with the RSA.,Visit / check your character,https://techplay.gg/ ; https://techplay.gg/wow-analyzer ; https://techplay.gg/backlog-advisor,https://techplay.gg/wow-analyzer?utm_source=google&utm_medium=cpc&utm_campaign=c56-google-branded-tools&utm_content=rsa-wow&utm_term=wow-character-analyzer,EIC,EIC 3 h setup + 0.5 h/week,292,"LEAN, aligned with 26-PAID-MEDIA §5.1: C56a branded $39 (Oct) + $90 (Nov) + $93 (Dec); C56b tool-exact flight $65 (Oct) + $5 (Nov). GROWTH adds $155 of tool terms in Dec if T7 passed [spine §13, R16 §3].",cta_click | tool_run | registration_complete,,Keep branded if any competitor appears in auction insights; otherwise reduce to $1/day in 2027.,C03 (gate) | D-007 | D-009,,,Needs D-007 and D-008; earliest start 2 Nov per 32 (26-PAID-MEDIA plans 19 Oct). No spend before measurement.,planned
C57,Paid: Meta registration test (US 18+),Paid,,T2 should,"Test whether a library-import demo can buy verified, activated accounts in the US at a sane cost, with measurement that respects consent [R16 T2, T3, §2.1].",Cost per verified account = spend ÷ email_verified (or social registration) attributed to c57; cost per A2 activated account.,TARGET: read a CPC and a click→verified rate; stop-loss $150 with <5 verified accounts (R16 T2). No CPA promise.,S2 | S4 | S1,"Meta (Facebook + Instagram, Advantage+ placements)",2026-11-02,2026-12-14,2026-10-30 — D-031 Pixel + CAPI behind consent verified | 2026-11-02 — wave 1: library demo vs GTA 6 reminder creative | 2026-11-22 — wave 1 ends; read | 2026-12-01 — wave 2: C57a continues only if the T2 stop-loss was not hit; otherwise C57c newsletter (26 §5.1) | 2026-12-14 — end,"Your Steam, PlayStation and Xbox games in one library, free.",Free five-platform import; Steam sign-in (C44).,"ad: Ad A (C57a library registration, all tiers; 1080x1350 + 1080x1920 video 12 s)
Primary text: Your Steam, PlayStation and Xbox games in one library, with the hours you've already played. Free, no card.
Headline: Start your library
Description: Sign in with Steam in one click
CTA button: Sign up

Ad B (C57b GTA 6 hub, GROWTH tier only)
Primary text: GTA 6 is out 19 November on PS5 and Xbox Series X|S. Set a reminder and get the unlock time for your time zone when it's official.
Headline: Remind me about GTA 6
CTA button: Sign up

Ad C (C57c newsletter; GROWTH in Nov, LEAN only as the Dec fallback if Ad A hit its stop-loss)
Primary text: The Save File: every Friday, next week's releases with reminders and one number worth knowing. Free, one click to leave.
Headline: Get The Save File
CTA button: Subscribe

Targeting: US, 18+, Advantage+ audience (no interest stacks), placements automatic. Objective: Leads/Conversions optimised on registration_complete via CAPI (consent-gated).",,"size: 1080x1350 | concept: Ad A static: shelf screenshot with Steam/PS/Xbox badges. | size: 1080x1920 | concept: Ad A video: 12 s screen recording Steam sign-in → shelf fills. | size: 1080x1080 | concept: Ad B: GTA 6 key art (licensed/official use only) + 'Remind me'. | size: 1080x1350 | concept: Ad C: sample Save File issue on a phone, subject line visible.",Sign up,https://techplay.gg/register?from=c57 ; https://techplay.gg/gta6/release-time (new) ; https://techplay.gg/newsletter (new),https://techplay.gg/register?from=c57&utm_source=facebook&utm_medium=paid-social&utm_campaign=c57-meta-registration&utm_content=ad-a-video&utm_term=us-18plus-adv,"EIC (budget, sign-off) / SC (setup, creative)","EIC 3 h, SC 6 h, DS 4 h, DEV (D-031) 12 h",385,"LEAN, aligned with 26-PAID-MEDIA §5.1: C57a $189 (2–22 Nov, $9/day) + $196 (1–14 Dec, $14/day, only if T2 stop-loss not hit; else C57c). GROWTH adds C57b GTA hub, C57c newsletter, C57d retargeting and C57e giveaway lines (26 §5.2) [spine §13, R16 §3].",registration_complete | email_verified | library_connected | reminder_set,,"If cost per verified account beats C58, extend into Q1 2027; if stop-loss triggers, stop and report CPC + conversion ceiling.",C03 | D-031 | C44 | C08 | C40 | 26-PAID-MEDIA gates G7/G8,,EEA consent default denied: test is US-only by design; teen audiences excluded [R16 §2.14b].,D-031 decision due 5 Oct. 32's default (Option A) drops C57 and November retargeting for 2026 and decides on 1 Jan 2027; 26-PAID-MEDIA budgets C57 from 2 Nov. Copy and creative here are ready for whichever date is chosen.,planned
C58,"Paid: Reddit tool/hub test (GTA 6 hub, WoW Analyzer)",Paid,,T3 cut first,"Test Reddit community targeting with post-style ads for the two TechPlay assets that fit named subreddits: the GTA 6 map/hub and the WoW Analyzer [R16 T4, T5, §2.8].",Cost per discord_click and per tool_run (tool=wow); registrations; CTR (below 0.2% = targeting problem).,TARGET (GROWTH tier only): stop-loss $100 with <20 Discord clicks (GTA) or <30 analyses (WoW); CTR below 0.2% on Ad 3 ends it (R16 T4–T6); read CPC per sub.,S4 | S5,Reddit Ads (feed + conversation placement),2026-11-09,2026-11-25,"2026-11-06 — landing pages checked (hub SSR, Analyzer copy) | 2026-11-09 — live | 2026-11-18 — mid read | 2026-11-25 — end","Tools, not articles: the GTA 6 map and the WoW Analyzer, shown to the communities they are built for.",Community targeting of named subreddits is the closest thing to buying a gaming audience after Meta's interest consolidation; post-style ads fit Reddit's register [R16 §2.8].,"reddit: Comments on promoted posts are answered by SC within 12 hours; no deleting critical comments. | ad: Ad 1 (C58a GTA 6 → Discord; subs r/GTA6, r/GTA, r/PS5)
Headline: The GTA 6 map, with the unconfirmed spots marked
Body: 1,058 marked locations, 211 of them flagged as unconfirmed. From 19 November it remembers what you've found if you sign in. Free.
CTA: Learn more → /gta6/map

Ad 2 (C58b WoW Analyzer; subs r/wow, r/wownoob, r/CompetitiveWoW)
Headline: Paste your WoW character, get a readiness check
Body: Gear, enchants and progression checked against Blizzard and Raider.IO data. No account needed. The tips are AI-generated and labelled.
CTA: Try it → /wow-analyzer

Ad 3 (C58c Backlog Advisor; subs r/patientgamers, r/Steam, r/ShouldIbuythisgame)
Headline: Too many games, not enough evenings?
Body: The Backlog Advisor reads the games you already own and suggests what to play next. Link Steam and it fills itself. Free.
CTA: Learn more → /backlog-advisor",,size: 1080x1080 | concept: Map screenshot with unconfirmed markers visible. | size: 1080x1350 | concept: Analyzer result screenshot (staff character).,Learn more / Try it,https://techplay.gg/gta6/map ; https://techplay.gg/wow-analyzer ; https://techplay.gg/backlog-advisor,https://techplay.gg/wow-analyzer?utm_source=reddit&utm_medium=paid-social&utm_campaign=c58-reddit-tools&utm_content=ad2-analyzer&utm_term=wow,"EIC (budget) / SC (setup, replies)","EIC 2 h, SC 4 h, DS 1 h",0,"LEAN: $0 (26-PAID-MEDIA §5.1: at $300/month Meta gets the money). GROWTH: C58a $136 ($8/day) + C58b $85 + C58c $85 in 9–25 Nov; AGGRESSIVE per 26 §5.3 [spine §13, R16 §3].",discord_click | tool_run | registration_complete | cta_click,tool_run(tool=wow),Compare with C57 on cost per verified account; winner gets the Q1 budget.,"C03 | D-020 (map attribution before Ad 1) | D-040 | C54 (AI-tip label, per the AI policy) | C47 (organic reputation first)",,Ad 1 runs only if D-020 is resolved; otherwise run Ad 2 alone.,On time (needs D-008); landing-page counter plus UTMs are the source of truth.,planned
C59,Web push for reminders (opt-in at 'remind me'),Product,,T3 cut first,"Add web push as a reminder channel, asked only at the moment someone taps 'Remind me', never as a site-wide prompt [R07 §3.9, R16 T14].",Opt-in rate = notification_enabled ÷ reminder_set on web; push CTR = alert_clicked(channel=push) ÷ reminder_delivered(channel=push).,TARGET: live 9 Nov (before GTA launch); opt-in rate measured; stop if <1% after 2 weeks (R16 T14).,S4 | S1 | S7,web push,2026-10-26,2026-11-09,"2026-10-26 — build (service worker, OneSignal free tier or native) | 2026-11-06 — QA | 2026-11-09 — live",Get it as a notification.,Chrome demotes sites with low acceptance; iOS supports web push only for Home Screen apps; hence opt-in only at reminder time [R07 §3.9].,push: Examples: 'GTA 6 unlock times are out. Yours: [time].' · '[Game] is out today on [platform].' · '[Game] from your wishlist is [price] on [store].',Soft prompt: Also get this as a notification on this device? We only send reminders you set. [Yes] [No thanks],"size: web banner | concept: Soft-prompt component under the 'Remind me' confirmation (DS, 1 h). Push icon uses the site favicon at 192x192.","Yes, notify me","Any page with 'Remind me' (/games/{slug}, /calendar, /gta6/release-time)",https://techplay.gg/gta6/release-time?utm_source=push&utm_medium=push&utm_campaign=c59-web-push&utm_content=gta-unlock,DEV,DEV 16 h,0,"OneSignal free tier up to 10,000 web-push subscribers per send [R16 §2.13].",notification_enabled | reminder_delivered | alert_clicked,reminder_delivered(channel=push),"If opt-in <1% after 2 weeks, keep push only for GTA and price alerts.",D-019 | C43 | C45,"Soft prompt shown only after a reminder is set: 'Also get it as a notification?' → native prompt only on Yes. | No prompt on first visit or on articles. | Pushes: release day, GTA unlock times (C08), price drops (C31), year in review (C28); max 1 per day. | notification_enabled fires.",,D-019 slips to a 1 Jan decision. Reminders go by email and bell only in 2026.,planned
C60,PC Fix Hub (/guides/pc-fixes) + Fix It Friday (F07),SEO,Video,T1 must,"Build pillar P2: a PC troubleshooting hub with one new fix guide a week, where page one has few gaming outlets, feeding Fix It Friday shorts and Reddit help [R09 EA-001..009, R06 §8].",Organic clicks to /guides/pc-fixes and its guides (Search Console); newsletter_signup from guides.,TARGET: hub + first guide 12 Oct; 10 guides by 18 Dec; organic clicks UP month over month.,S3,site | TikTok/Shorts/Reels (C49) | Reddit (C47) | Discord #pc-help | X | newsletter,2026-10-12,2026-12-31,2026-10-12 — hub + 'Shader compilation stutter: what it is and every fix that works' (EA-001) | 2026-10-16 — 'Secure Boot and TPM 2.0 for anti-cheat games: how to enable safely' (EA-006) | 2026-10-23 — 'DXGI_ERROR_DEVICE_REMOVED and DEVICE_HUNG crashes explained' (EA-002) | 2026-10-30 — 'Windows 11 gaming settings checklist' (EA-004) | 2026-11-06 — 'Steam content file locked and other update errors' (EA-003) | 2026-11-13 — 'GPU driver clean install and rollback' (EA-007) | 2026-11-20 — 'Game crashes to desktop with no error: triage' (EA-009) | 2026-11-27 — 'Low GPU usage and CPU bottlenecks' (EA-008) | 2026-12-04 — 'Game launcher errors hub' (EA-005) | 2026-12-11 — 'Can I run it? Reading system requirements before a sale',"PC problems, fixed in order of what's most likely to work.",Each guide lists steps from the vendor or platform documentation and says which fixes are safe [R09].,"x: Fix It Friday: [problem]. The three fixes most likely to work, in order, and what not to try: [link] | reddit: Answer PC problem threads with the steps in the comment itself; the guide link goes last, disclosed (C47). | discord: #pc-help pin: ""The PC Fix Hub: https://techplay.gg/guides/pc-fixes — one new guide every Friday. If your problem isn't there, post it here with your GPU, CPU and the game; if it comes up twice, it becomes a guide."" | short_script: See C49 Fix It Friday template. | newsletter: Fix It Friday: [problem] and the fixes that work. [link]","Hub intro: H1: PC gaming fixes
Intro: The PC problems we see most, with fixes in the order most likely to work. Each guide says what the fix does, what to check first, and what not to change. New guide every Friday.",size: 1080x1920 | concept: Fix It Friday short template (C49). | size: 1280x720 thumbnail | concept: Guide OG template: problem in large type. | size: web banner | concept: Hardware section header link to the hub.,Read the fix,https://techplay.gg/guides/pc-fixes (new),https://techplay.gg/guides/pc-fixes?utm_source=reddit&utm_medium=community&utm_campaign=c60-pc-fix-hub&utm_content=comment&utm_term=pcgaming,ED,"ED 4 h/guide, SC 0.5 h/week, DEV 2 h (hub page)",0,,cta_click | newsletter_signup | comment_created,,Guides updated when a patch or driver changes a step; 'Last checked' on every guide.,C49 | C47,,,D-032 route slips to Jan 2027. Guides publish one by one on /guides as scheduled; a 'PC fixes' pillar guide lists them and is later redirected into /guides/pc-fixes.,planned
C61,Switch 2 Hub (/switch-2),SEO,Product,T2 should,"Launch the Switch 2 platform hub: Switch 2 Editions and upgrades, upcoming releases, price context and 'is it on Switch 2' answers from the database [R18 blueprint 4, R21 HUB-003].",Hub organic + Discover clicks; shelf_add / reminder_set from the hub; newsletter_signup.,TARGET: live 26 Oct (the day before Minecraft Bedrock on Switch 2); edition tracker covers every dated Switch 2 Edition to Jan 2027.,S6 | S1 | S7,site | X | Instagram carousel | Facebook | Threads | Reddit (C47) | Discord #switch-2 | newsletter,2026-10-19,2026-12-31,2026-10-23 — MW4 on Switch 2 (first CoD on a Nintendo platform since Ghosts) | 2026-10-26 — hub live | 2026-10-27 — Minecraft Bedrock on Switch 2 | 2026-11-12 — Pikmin 4 Switch 2 Edition; Metaphor: ReFantazio on Switch 2 | 2026-12-03 — Xenoblade Chronicles 3 Switch 2 Edition | 2026-12-04 — Monster Hunter Wilds on Switch 2 | 2027-01-28 — Metroid Ravenous,"Everything coming to Switch 2, which editions are upgrades, and what they cost.",Dates from Nintendo/publishers; Switch 2 price $499.99 since 1 Sep 2026 [R05].,"facebook: Switch 2 owners: we built one page with every upcoming release, which Switch 2 Editions are upgrades from Switch 1, and the price context. [link] | instagram: Carousel: 'COMING TO SWITCH 2' — MW4 (23 Oct), Minecraft Bedrock (27 Oct), Pikmin 4 S2 Edition + Metaphor (12 Nov), Xenoblade 3 S2 Edition (3 Dec), Monster Hunter Wilds (4 Dec), Metroid Ravenous (28 Jan). Caption: The full list, with upgrade details, is on the hub. | x: New: a Switch 2 hub. Every upcoming Switch 2 release, which Switch 2 Editions are upgrades, and what they cost: techplay.gg/switch-2 | threads: Which Switch 2 Edition upgrade is actually worth paying for? Building a tracker and want to know which ones people care about. | reddit: r/NintendoSwitch2: answer edition and upgrade questions with the official info; link the tracker only when it answers the question (C47). | discord: #switch-2: ""The Switch 2 hub is live: https://techplay.gg/switch-2 — missing a game? Post it here."" | newsletter: New: the Switch 2 hub, with every upcoming release and edition upgrade. [link]",,size: 1080x1350 | concept: Release carousel. | size: 1280x720 thumbnail | concept: Hub OG. | size: 1080x1080 | concept: X card.,Open the Switch 2 hub,https://techplay.gg/switch-2 (new),https://techplay.gg/switch-2?utm_source=instagram&utm_medium=organic-social&utm_campaign=c61-switch-2-hub&utm_content=carousel-a,ED (content) / DEV (template),"ED 10 h + 1 h/week, DEV 8 h (share of D-032), DS 2 h",0,,cta_click | shelf_add | reminder_set | newsletter_signup,,Edition tracker updated with each Nintendo Direct; file-size field for Switch 2 games when data allows (R09 EA-101).,D-032 | D-023,"/switch-2 server-renders: upcoming Switch 2 releases (from the calendar), Switch 2 Edition tracker table (game, date, upgrade path/price where officially stated), price history line for the console, 'Is it on Switch 2?' search box. | Linked from every Switch 2 game page and the header platform menu.",,D-032 hub template slips to Jan 2027. Interim: ED publishes a Switch 2 pillar article on 26 Oct with the edition tracker as a table; the hub absorbs it with a 301 in January.,planned
C62,Steam Hub (/steam),SEO,Product,T2 should,"Launch the Steam/PC platform hub: the Steam event calendar, Next Fest tracker archive, weekly most-played movers (F13), sale picks and a connect-Steam CTA; the page SteamDB cannot give you because it doesn't know your shelf [R18 blueprint 3, R21 HUB-004].",Hub organic clicks; library_connected (platform=steam) from the hub; weekly movers post sessions.,TARGET: live 2 Nov; movers updated every Tuesday; Winter Sale (C34) runs on it.,S3 | S7 | S1 | S2,site | X | Reddit (data comments) | Discord | newsletter,2026-10-26,2026-12-31,2026-11-02 — live (Scream Fest ends) | Every Tuesday — Steam Movers (F13) from the Steam charts API | 2026-11-16 to 23 — Auto-Battler RPG Fest note | 2026-12-17 — Winter Sale (C34),"Steam's calendar, this week's biggest movers, and your own Steam library, in one place.","Steam's weekly most-played chart is public (e.g. week to 26 Sep: CS2 peak 1,354,009; Total War: WARHAMMER III up from 67th to 28th) [R05 §6].","x: Steam Movers, week to [date]: biggest climber [Game] ([rank] → [rank]). Top three by peak players: [A], [B], [C]. Source: Steam's weekly most-played chart. More: techplay.gg/steam | bluesky: Steam Movers, week to [date]: [Game] up [N] places. Table and source: techplay.gg/steam | reddit: In r/Steam and r/pcgaming threads about a game's player count, reply with the rank movement and Steam's chart as the source; link /steam only if asked (C47). | discord: #pc-gaming (Buffy, Tue): ""Steam Movers this week: [Game] up [N] places. Full table: https://techplay.gg/steam"" | newsletter: The Number: [Game] climbed from [rank] to [rank] on Steam's most-played chart this week. [link]",,"size: 1080x1080 | concept: Movers card: arrow, game, rank change, source line. | size: 1280x720 thumbnail | concept: Hub OG.",Open the Steam hub / Sign in with Steam,https://techplay.gg/steam (new),https://techplay.gg/steam?utm_source=x&utm_medium=organic-social&utm_campaign=c62-steam-hub&utm_content=f13-movers-w45,"ED (content) / DEV (template, movers job)","ED 8 h + 1 h/week, DEV 10 h",0,,library_connected | cta_click | registration_complete,library_connected(platform=steam),Library-worth card and public Steam calculator (R10) are Q1 candidates for this hub.,D-032 | C44 (Steam sign-in) | C18 | C34,"/steam server-renders: event calendar (Autumn Sale, Next Fest, Scream Fest, Auto-Battler Fest, Winter Sale, 2027 Next Fest 22 Feb, Spring Sale 18–25 Mar), movers table with week and source, current sale picks, 'Sign in with Steam' CTA. | Movers generated from the charts API with the week-ending date.",,D-032 hub template slips to Jan 2027. Interim: a Steam pillar article on 2 Nov (event calendar + weekly movers table); C34 Winter Sale picks run as a /news article linked from it.,planned
C63,In Order series pages batch (F09),SEO,,T2 should,"Publish one 'X games in order' page every Saturday from the series data, timed to each series' next release, with 'add the whole series to your shelf' [R09 EB-001, EB-022, R18 exec 4].",Organic clicks per page (Search Console); shelf_add from series pages.,TARGET: 13 pages by 26 Dec + Metroid on 2 Jan; each indexed within 14 days.,S1 | S2 | S4,site | Instagram carousel | X | Reddit (answers) | newsletter,2026-10-03,2027-01-02,"2026-10-03 — Gears of War (E-Day 6 Oct) | 2026-10-10 — Call of Duty (MW4 23 Oct) | 2026-10-17 — Resident Evil | 2026-10-24 — Final Fantasy VII (Revelation 8 Apr 2027) | 2026-10-31 — Grand Theft Auto (VI 19 Nov) | 2026-11-07 — Persona (4 Revival 18 Feb 2027) | 2026-11-14 — Kingdom Hearts (IV late 2027) | 2026-11-21 — Yakuza / Like a Dragon (Stranger Than Heaven 15 Jan 2027) | 2026-11-28 — Metro (2039 on 4 Feb 2027) | 2026-12-05 — Monster Hunter (Wilds on Switch 2, 4 Dec) | 2026-12-12 — Tomb Raider (Legacy of Atlantis 12 Feb 2027) | 2026-12-19 — Fable (23 Feb 2027) | 2026-12-26 — God of War (Laufey 16 Feb 2027) | 2027-01-02 — Metroid (Ravenous 28 Jan 2027)","Every [series] game in order, where to play each one today, and whether you need to.","Series relations for 333,000+ games; release dates checked against publisher listings [R09].","instagram: Carousel template: S1 '[SERIES] IN ORDER'. One slide per game: year, platform(s) available today. Last slide: 'Next: [new game], [date]. Full order + where to play: link in bio.' | x: [Series] in order, before [new game] on [date]: [N] games, release order and story order, and where each one is playable today. [link] | reddit: Answer 'what order should I play [series]' threads in text with the order; link the page only when the thread asks where to buy/play each (C47). | newsletter: In Order: every [series] game before [new game]. [link]",,size: 1080x1350 | concept: Series timeline carousel template. | size: 1280x720 thumbnail | concept: Series OG template.,Add the whole series to your shelf,"https://techplay.gg/guides/[series]-games-in-order (articles on /guides, linked to /games/series pages)",https://techplay.gg/guides/grand-theft-auto-games-in-order?utm_source=instagram&utm_medium=organic-social&utm_campaign=c63-in-order&utm_content=f09-gta,ED,"ED 3 h/page, DS 0.5 h/page, SC 0.5 h/page",0,,shelf_add | cta_click | reminder_set,,Each page updated when the new game launches (e.g. GTA page on 19 Nov).,D-023 | C16 | C17 | C50,,,No DEV dependency beyond items already scheduled; runs on the spine dates.,planned
C64,Hidden Gem Thursday (F05),Social,SEO,T2 should,"Every Thursday, one highly rated, little-played game from the database's hidden-gems module, written up in 150 words; the only recommendation post only TechPlay can source [R02 fix #20, R21 TOOL-34].",shelf_add per post; saves on Instagram; organic clicks to the hidden-gems list page.,TARGET: 13 Thursdays; shelf adds per post UP month over month.,S1 | S2 | S10,site list | Instagram | Facebook | X | Threads | Bluesky | Discord | Reddit (r/patientgamers context only),2026-10-01,2026-12-31,Every Thursday 17:00 CET,Brilliantly rated. Almost nobody has played it.,"Picked from the hidden-gems module (high rating, few players), then played or checked by an editor before posting.","facebook: Hidden Gem Thursday: [Game] ([year]). [Two sentences.] Where to play it today: [link] | instagram: Single image: cover + 'HIDDEN GEM THURSDAY'. Caption: [Game] ([year], [platforms]). [Two sentences: what it is, why it's worth it.] Rated [aggregate score, labelled as aggregate], barely played. On your shelf yet? | x: Hidden Gem Thursday: [Game] ([year], [platforms]). [One sentence.] [link] | threads: This week's hidden gem: [Game]. Has anyone here actually played it? | bluesky: Hidden Gem Thursday: [Game] ([year]). [One sentence.] [link] | reddit: No link posts. Recommend the game in r/patientgamers threads that ask for that kind of game, in text only. | discord: #what-are-you-playing: ""Hidden gem this week: [Game]. Anyone played it? If you have, tell us if we're right.""",,"size: 1080x1350 | concept: Gem template: cover, small gem icon, rating labelled 'aggregate'. | size: 1080x1080 | concept: Square version.",Add it to your shelf,"https://techplay.gg/lists (Hidden Gems list, updated weekly)",https://techplay.gg/lists?utm_source=instagram&utm_medium=organic-social&utm_campaign=c64-hidden-gem&utm_content=f05-w40,"ED (pick, write) / SC (post)","ED 1 h/week, SC 0.5 h/week",0,,shelf_add | social_share | cta_click,,Quarterly 'Hidden gems of the quarter' list page for search.,D-029 (module not empty for guests),,,No DEV dependency beyond items already scheduled; runs on the spine dates.,planned
C65,On This Day (F06),Social,Community,T2 should,"A daily anniversary card from the on-this-day endpoint, posted by Buffy in Discord and cross-posted to X, Threads and Facebook; nostalgia is a durable register [R06 §4, R21 TOOL-35].",Replies per post (Discord + X); on-this-day page sessions.,"TARGET: daily from 28 Sep, manual until Buffy automation (then 0 SC minutes).",S10 | S2,Discord #general | X | Threads | Facebook,2026-09-28,2026-12-31,2026-09-28 — manual posting starts | 2026-11-02 — Buffy posts automatically (bot job),On this day in [year]: [Game] came out.,Release dates from the database; only day-precision dates used.,"facebook: On this day in [year], [Game] came out. Did you play it back then? | x: On this day in [year]: [Game] released on [platforms]. Did you play it at launch? | threads: [N] years ago today: [Game]. What do you remember about it? | discord: Buffy, daily 09:00 CET: ""On this day in [year]: [Game] came out on [platforms]. First time you played it?""",,"size: 1080x1080 | concept: On-this-day card: cover, year, 'On this day'.",Reply,https://techplay.gg/games/{slug} (the game's page),https://techplay.gg/games/grand-theft-auto-vi?utm_source=x&utm_medium=organic-social&utm_campaign=c65-on-this-day&utm_content=f06-card,SC (manual) → DEV (automation),"SC 10 min/day until automated, DEV 4 h",0,,comment_created | cta_click,,Pick only games with a TechPlay page that's worth landing on.,D-029 (on-this-day module populated),,,D-049 automation scheduled 2027-W09. SC posts by hand through December.,planned
C66,The Last Disc revival (Sony disc survey),PR,Community,T2 should,"Revive TechPlay's own campaign page while Sony's disc plans are the week's biggest player controversy: a plain 'will my discs still work?' explainer, the open letter, and a poll [R06 §6, #2, R02 §4.4].",Letter signatures (from the existing form); explainer organic + Discover clicks; newsletter_signup from /last-disc.,TARGET: counters render real values (or hide) by 29 Sep; explainer live 30 Sep; signatures reported 15 Oct.,S2 | S8 | S10,site (/last-disc + explainer) | X | Threads | Bluesky | Facebook | Instagram | Reddit (comments) | Discord | newsletter,2026-09-29,2026-10-15,2026-09-29 — /last-disc counters fixed (D-029); page copy updated | 2026-09-30 — 'Will my PS5 discs still work? What Sony has said' explainer; poll (C39) | 2026-10-02 — newsletter | 2026-10-15 — update with any Sony statement; campaign review,"Sony is asking players about ending PlayStation discs. Here's what's known, and a letter you can sign.","Sony's disc plans and survey reported by Push Square, Eurogamer, Kotaku, GamesRadar and GamesIndustry.biz; Wikipedia's 2026 summary gives January 2028 [R05, R06].","facebook: Sony is asking players about ending disc production for PlayStation. We explained what's known and what it means for the discs you own, and you can sign our open letter asking Sony to keep physical games alive: [link] | instagram: Carousel: S1 'THE LAST DISC?' S2 'What Sony has said (sources)'. S3 'What happens to discs you own: what we know / what we don't'. S4 'Sign the letter: link in bio'. | x: Sony is surveying players about ending PlayStation discs (Wikipedia's 2026 summary gives January 2028). What we know, what happens to the discs you own, and the open letter asking Sony to keep physical games: techplay.gg/last-disc | threads: If PlayStation stops making discs, what happens to the ones you already own? We wrote down what's actually known, and there's a letter to sign if you want physical games kept. | bluesky: Sony is asking players about the end of PlayStation discs. What's known so far, and an open letter for keeping physical games: techplay.gg/last-disc | reddit: In r/PS5 and r/gaming disc threads, answer 'will my discs still work' with what Sony has actually said and a source; mention the letter only where people ask how to push back (C47). | discord: #playstation: ""Sony's disc survey: here's the explainer and our letter: https://techplay.gg/last-disc — vote in this week's poll too."" | newsletter: PlayStation discs: what Sony has said, what it means for your collection, and a letter to sign. [link]",,size: 1080x1350 | concept: Explainer carousel with sources. | size: 1080x1080 | concept: Letter card. | size: 1280x720 thumbnail | concept: /last-disc hero is already webp; keep ≤300 KB.,Sign the open letter,https://techplay.gg/last-disc,https://techplay.gg/last-disc?utm_source=x&utm_medium=organic-social&utm_campaign=c66-last-disc&utm_content=explainer-a,EIC (explainer) / SC (distribution),"EIC 4 h, SC 3 h, DEV 2 h (D-029 part), DS 2 h",0,,cta_click | newsletter_signup | social_share,,Explainer updated on each Sony statement; 'physical vs digital status' per-game field is a Q1 idea [R06 #3].,D-029 | C39,,"Keep it factual; the letter is an opinion, the explainer is not.",No DEV dependency beyond items already scheduled; runs on the spine dates.,planned
C67,"Season 2 ""Overdrive"" launch (site seasons)",Community,Product,T2 should,"Start the site's next season on 1 Nov (dates to be verified in admin) so XP, quests and leaderboards have a fresh start going into GTA month [R13 §1, R11 §3].",Members with ≥1 quest completed in the first 14 days of the season; weekly leaderboard participants.,TARGET: dates verified and season configured by 26 Oct; launch post 1 Nov; leaderboard never shows an empty state to guests.,S10,site | Discord | newsletter | X,2026-10-26,2026-12-31,"2026-10-26 — SC verifies Season 2 dates, multiplier and quests in admin (the seeded 'Summer of Gaming' season ended 21 Sep) | 2026-11-01 — launch | Season end — per admin","Season 2 starts today: new quests, a fresh leaderboard.","Seasons, quests, ranks and leaderboards exist; Buffy mirrors XP to Discord roles [R13].","x: Season 2 on TechPlay starts today: new quests, fresh leaderboard, until [end date]. XP comes from comments, reviews and the games you finish. | discord: #announcements: ""Season 2 'Overdrive' starts today and runs until [end date]. New quests are on your profile; the season leaderboard starts at zero. [Multiplier line only if configured.] Your Discord role follows your rank."" | newsletter: Season 2 has started on TechPlay: new quests and a fresh leaderboard until [end date].",,size: 1080x1080 | concept: Season 2 card (DS). | size: web banner | concept: Leaderboard header 'Season 2: Overdrive'.,See this season's quests,https://techplay.gg/leaderboard,https://techplay.gg/leaderboard?utm_source=discord&utm_medium=community&utm_campaign=c67-season-2&utm_content=launch-a,"SC (config, posts) / DEV (checks)","SC 3 h, DEV 2 h, DS 1 h",0,,cta_click | d1_return | comment_created,,Season recap in F14 Sunday wraps.,D-029 | D-035 | Admin verification,,"If the season is not configured, do not announce it.",No DEV dependency beyond items already scheduled; runs on the spine dates.,planned
C68,Founding 100 (Founder badge extended from 50 to 100),Product,Community,T2 should,"Give early members a concrete reason to set up a real profile now: the first 100 members with a full library get the permanent Founder badge (existing campaign:founders, limit raised to 100) [R11 §3].",Founder badges awarded (cumulative); library_connected in October.,TARGET: limit raised to 100 on 1 Oct; badges awarded daily by the existing 10:00 job; count reported weekly (internal only).,S2 | S10 | S1,site | Discord | newsletter | X,2026-10-01,2026-10-31,2026-10-01 — run with --limit=100; announcement | Daily 10:00 — awards | 2026-10-31 — campaign closes or continues until 100 are awarded,Be one of the first 100 members with a full library and keep the Founder badge for good.,The command awards the Founder badge to the first N users with at least 5 games in their collection; a linked library passes that line on import.,"x: The first 100 TechPlay members with at least five games in their library get the Founder badge, permanently. Link Steam and you're there in one click: techplay.gg/register | discord: #announcements: ""Founder badge: the first 100 members with 5+ games on their shelf get it for good. Link a platform and it's automatic; I'll announce each new Founder here."" | newsletter: Founder badge: the first 100 members with five or more games on their shelf keep it permanently. [link]",,size: 1080x1080 | concept: Founder badge card.,Start your library,https://techplay.gg/register?from=c68,https://techplay.gg/register?from=c68&utm_source=discord&utm_medium=community&utm_campaign=c68-founding-100&utm_content=announce-a,DEV (config) / SC (posts),"DEV 1 h, SC 2 h",0,,registration_complete | library_connected | shelf_add,,"When 100 are awarded, announce it and close; never re-open.",C44 | Spine A2 activation rule (≥3 items or a linked platform) differs from the badge rule (≥5 games); copy uses the badge rule,Scheduler runs campaign:founders --limit=100. | Copy states the real rule (5 games in the collection) and does not state how many badges remain unless read live. | Badge visible on profile and next to comments.,,On time (D-050).,planned
C69,Steam Curator page launch,Partnership,Social,T2 should,"Put TechPlay's Verdicts and Hidden Gems on Steam store pages through a curator page, and use Curator Connect to receive review copies [R07 §3.8, R15 exec 2].",Curator followers (from Steam); review copies received via Curator Connect; clicks from curator links (utm_source=steam).,TARGET: live 20 Oct with ≥15 recommendations; Curator Connect enabled; ≥3 keys received by 31 Dec.,S3 | S1 | S7,Steam Curator | X | Discord | newsletter,2026-10-12,2026-12-31,"2026-10-12 — curator page created, description written | 2026-10-20 — launch with 15 recommendations (Verdicts + Hidden Gems) | Weekly — add each new Verdict and gem",TechPlay on Steam: recommendations from our Verdicts and hidden gems.,Steam Curator Connect sends review copies to curators; Steam users follow curators to see recommendations on store pages [R15].,"x: TechPlay now has a Steam Curator page: our Verdicts and hidden gems, shown on the store pages of the games themselves. Follow if you want our take while you browse Steam. | discord: #announcements: ""We're on Steam as a curator now. Follow the TechPlay curator and our recommendations show up on store pages."" | newsletter: We're a Steam Curator now: follow us and our Verdicts appear on Steam store pages. [link]","Curator description: TechPlay.gg — gaming, on the record. Verdicts from our editors within a week of release, and hidden gems from a database of 333,000+ games. Every recommendation links to the full text.",size: 1280x720 thumbnail | concept: Curator header (Steam spec to be checked).,Follow on Steam,Steam Curator page (URL on creation); recommendations link to https://techplay.gg/reviews,https://techplay.gg/reviews?utm_source=steam&utm_medium=referral&utm_campaign=c69-steam-curator&utm_content=recommendation,ED,ED 4 h setup + 0.5 h/week,0,,cta_click,,Answer Curator Connect offers within 48 h; decline ones we can't review in two weeks.,C52 | C64,,,No DEV dependency beyond items already scheduled; runs on the spine dates.,planned
C70,2027 Most Anticipated + Q1 bridge,SEO,Social / Email,T2 should,"Close the year with a 2027 most-anticipated list and a Q1 calendar that sets up reminders for Fable, FF7 Revelation and the rest, so January starts with members' reminders already set [R05 §2-3].",reminder_set on 2027 games from the list; organic clicks in January.,TARGET: list live 21 Dec; reminders on listed games UP in 21 Dec–10 Jan vs 1–20 Dec.,S1 | S2 | S4 | S6,site | Instagram carousel | Facebook | X | Threads | Bluesky | TikTok/Shorts | Discord | newsletter,2026-12-21,2026-12-31,"2026-12-21 — '2027's most anticipated games, by date' | 2026-12-28 — Out This Week becomes 'Out in January 2027' | 2026-12-31 — newsletter year-end + 2027 calendar","2027, by date: what's coming, on which platforms, and a reminder for each.","Jan: FFXIV Evercold, Stranger Than Heaven (15 Jan), Metroid Ravenous and Until Dawn 2 (28 Jan). Feb: Metro 2039 (4 Feb), Tomb Raider: Legacy of Atlantis (12 Feb), God of War Laufey (16 Feb), Persona 4 Revival (18 Feb), Next Fest (22 Feb), Fable (23 Feb). Mar: Wo Long 2 (4 Mar), Spring Sale (18–25 Mar). Apr: FF7 Revelation (8 Apr). Later: Pokémon Winds & Waves, Kingdom Hearts IV, WoW: The Last Titan [R05].","facebook: The first four months of 2027 are busy: Metroid Ravenous, Metro 2039, God of War Laufey, Persona 4 Revival, Fable on 23 Feb and Final Fantasy VII Revelation on 8 April. All dated, all with reminders: [link] | instagram: Carousel: '2027, BY DATE' — Jan: Stranger Than Heaven (15), Metroid Ravenous + Until Dawn 2 (28). Feb: Metro 2039 (4), Tomb Raider (12), God of War Laufey (16), Persona 4 Revival (18), Fable (23). Apr: FF7 Revelation (8). Caption: Reminders for all of them on the calendar. | tiktok: 25 s: '2027 in 25 seconds': month cards with covers; end card calendar link. | x: 2027 by date: Metroid Ravenous (28 Jan), Metro 2039 (4 Feb), God of War Laufey (16 Feb), Persona 4 Revival (18 Feb), Fable (23 Feb), FF7 Revelation (8 Apr). Reminders for each: [link] | threads: Which 2027 game are you most sure you'll buy on day one? Fable and FF7 Revelation are the obvious ones, but February alone has five. | bluesky: 2027's dated games so far, with reminders: [link] | discord: #announcements: ""2027 calendar is up. Set reminders now and I'll DM you on each release day: [link]"" | short_script: 25 s: Jan / Feb / Mar / Apr cards, 5 s each, covers + dates; end card 'Reminders: techplay.gg/calendar'. | newsletter: Last issue of 2026: the year in our data, your community awards, and 2027 by date with reminders. [link]",,size: 1080x1350 | concept: 2027 carousel. | size: 1080x1920 | concept: Short-video frames. | size: 1280x720 thumbnail | concept: List OG.,Set reminders for 2027,https://techplay.gg/news/most-anticipated-games-2027 (article on /news) + https://techplay.gg/calendar,https://techplay.gg/calendar?utm_source=instagram&utm_medium=organic-social&utm_campaign=c70-2027-anticipated&utm_content=carousel-a,ED (list) / SC (social),"ED 6 h, SC 3 h, DS 3 h",0,,reminder_set | shelf_add | cta_click,,Q1 plan: F09 pages for Fable/FF7 already live (C63); hubs for Fable and FF7 Revelation decided in January [R18].,C63 | C43,,,No DEV dependency beyond items already scheduled; runs on the spine dates.,planned
C71,Studio/indie Next Fest outreach (partnership),Partnership,Creator,T2 should,"Contact developers with demos in October Next Fest before the fest (press preview 8 Oct), offering a Next Fest Diary slot, a Discord AMA, and a game-page check; in return, keys, access and links [R15 §3 #18, R14 #38].",Developers replied; AMAs held; demos covered from outreach; links from developer pages/press kits.,TARGET: 30 emails by 16 Oct; ≥5 replies; ≥1 Discord AMA during the fest; regional studios prioritised.,S9 | S3 | S10,email | X DMs | Discord Stage,2026-10-05,2026-10-20,2026-10-05 — list from Steam's Next Fest pages and press-preview materials; Balkan studios first | 2026-10-08 — press preview | 2026-10-09 to 16 — emails | 2026-10-19 to 26 — fest (C18),We'll play your demo during Next Fest and tell our readers what we think.,"Next Fest 19–26 Oct; TechPlay's diary covers three demos a day with release reminders [R05, C18].","x: DM template: ""Hi — I edit TechPlay. We're playing three Next Fest demos a day (19–26 Oct) and would like to include [Game]. Any chance of a quick Discord Q&A during the fest? Details: [email]"" | discord: #ama event: ""[Developer] from [Studio] answers questions about [Game] on [day] at [time CET]. Demo is on Steam during Next Fest.""","Email (EIC or ED): Subject: [Game] in TechPlay's Next Fest diary

Hi [Name],

I'm [Name] at TechPlay, a gaming publication based in Sarajevo. During Next Fest (19–26 Oct) we're playing three demos a day and writing a short, honest take on each, with a reminder button for readers who want to know when the game releases.

We'd like to include [Game]. Two optional extras: a 30-minute Q&A in our Discord during the fest, and a check of your game's page on TechPlay ([link]) so the details are right.

No cost, no conditions on what we write. Our press page: techplay.gg/press

[Name]",size: 1080x1080 | concept: AMA poster template.,Reply to set up coverage / AMA,https://techplay.gg/guides/steam-next-fest-october-2026-demo-tracker,https://techplay.gg/guides/steam-next-fest-october-2026-demo-tracker?utm_source=partner-studio&utm_medium=partner&utm_campaign=c71-next-fest-outreach&utm_content=dev-link,EIC (regional) / ED (international),"EIC 4 h, ED 4 h, SC 2 h (AMA)",0,,cta_click | discord_join | reminder_set,,Keep the contact list for February Next Fest (22 Feb 2027) and C55.,C18 | C54 | C55,,,No DEV dependency beyond items already scheduled; runs on the spine dates.,planned
