id,topic,primary_query,secondary_queries,search_intent,audience,game_or_platform,competition_estimate,freshness_requirement,evergreen_lifespan,traffic_potential,authority_fit,conversion_potential,recommended_format,evidence_note,source_url
EA-001,Shader compilation stutter: what it is and every fix that works,shader compilation stutter fix,why do games stutter on first launch; shader cache size nvidia; steam shader pre-caching; UE5 stutter fix,fix,PC players on DX12/UE5 titles,"PC (Windows, NVIDIA/AMD)",LOW-MED,annual,3+ yrs (DX12/UE5 structural),4,Hardware section explainer + per-game fix pages linked from game DB pages (engine field exists: games.engines),Newsletter (PC performance digest); shelf add via linked game pages,explainer + per-game fix FAQ,"OBSERVED Google SERP 27 Sep 2026: TechSpot explainer, Unreal/Godot engine blogs, then micro-sites (smoothfps.com, bottleneckcalculator.us.com x2, technoidgamingpc), a GitHub tool and a Steam thread. No PC Gamer/IGN/GameRant. Traffic basis: every UE5 launch re-ignites the query (Reddit r/pcgaming recurring).",https://www.techspot.com/article/2629-shader-compilation-explained/
EA-002,DXGI_ERROR_DEVICE_REMOVED and DEVICE_HUNG crashes explained,DXGI_ERROR_DEVICE_REMOVED fix,dxgi error device hung; directx function error; TDR delay registry; GPU crashed or d3d device removed,fix,PC players hit by GPU driver crash in any DX12 game,"PC (Windows, NVIDIA/AMD)",LOW-MED,annual,3+ yrs,3,Hardware section; per-game variants (BF6 variant already ranked by techjunkie) tie to game DB pages,Newsletter; low shelf conversion,fix guide + per-game variants,"OBSERVED SERP: EA forums, HP forum, techjunkie (BF6-specific), makeuseof, drivereasy, easeus, partitionwizard, izoate, Steam thread. Utility-software blogs dominate; no gaming outlet. Basis: error is generic across all DX12 games.",https://www.makeuseof.com/dxgi-error-device-removed-error-windows/
EA-003,Steam 'content file locked' and other Steam update/download errors,steam content file locked,steam disk write error; steam missing file privileges; steam download stuck at 0 bytes; steam corrupt update files,fix,Steam users,PC (Steam),MED,static,5+ yrs,3,Weak tie to assets; Steam library import is a TechPlay feature so a Steam help hub is plausible,Account (Steam import CTA at end of fix),FAQ hub (one page per error),"OBSERVED SERP: slashgear, newsoftwares, Steam Community guide, makeuseof, thewindowsclub, drivereasy, windowsreport, tradeit.gg, dev.to — Windows-fix content farms, one official guide. Basis: perennial Steam errors, stable volume.",https://www.slashgear.com/1819041/steam-content-file-locked-error-causes-fixes/
EA-004,"Windows 11 gaming settings checklist (Game Mode, VBS/Memory Integrity, HAGS, Xbox Mode)",best Windows 11 settings for gaming,windows 11 optimize for gaming; disable memory integrity fps; windows 11 xbox mode pc; hardware accelerated gpu scheduling on or off,how-to,All Windows PC gamers (Win11 = 70.97% of Steam survey Aug 2026),PC (Windows 11),LOW,annual (per Windows feature update),2–3 yrs per revision,4,Hardware section; natural sidebar for every game page's System requirements panel,Newsletter (monthly PC settings update),guide (checklist) + changelog,"OBSERVED SERP: medium.com, iobit, sagetweaks, fpscalculator.net, gear-rank, frozentweaks, greypc, gamingpcguru, switchbladegaming — zero major outlets on page 1. FACT: Xbox Mode generally available April 2026 (Wikipedia Windows 11). FACT: Win11 70.97% of Steam survey Aug 2026.",https://store.steampowered.com/hwsurvey
EA-005,"Game launcher errors hub (EA app, Ubisoft Connect, Rockstar Launcher, Battle.net, Epic)",EA app not launching game fix,ubisoft connect not opening; rockstar games launcher error; battle.net stuck initializing; epic games launcher not working,fix,"PC players, spikes at big launches (GTA 6 has no PC date; MW4 Oct 23 2026 on Battle.net/Steam)",PC (launchers),MED (ESTIMATE),per-patch,3+ yrs per launcher,3,Game DB store links already list stores; launcher hub links to games sold via each store,Newsletter; account (link your accounts),FAQ hub,"ESTIMATE from PC-issues anchors (Steam-error SERP = fix farms + official forums). Not searched individually. Basis: launcher errors recur at every AAA launch (BF6 Oct 2025 Secure Boot wave, FACT: BF6 Javelin anti-cheat requires Secure Boot per Wikipedia).",https://en.wikipedia.org/wiki/Battlefield_6
EA-006,"Secure Boot and TPM 2.0 for anti-cheat games (BF6, CoD, Valorant): how to enable safely",how to enable secure boot for battlefield 6,secure boot windows 11 gaming; tpm 2.0 enable bios; valorant vanguard secure boot; call of duty secure boot requirement,how-to,PC players blocked at launch by anti-cheat,PC (BIOS/UEFI),MED (ESTIMATE),per-release (each new anti-cheat title),3+ yrs,4,Hardware section (motherboard vendor sub-guides); link from game pages of affected titles,Newsletter; reminder for upcoming anti-cheat titles (MW4 Oct 23 2026),guide with per-motherboard-vendor sections,FACT (Wikipedia BF6): Javelin anti-cheat requires Secure Boot enabled in firmware. ESTIMATE competition: EA Help + PC outlets covered BF6 in Oct 2025; a vendor-by-vendor evergreen version is thinner. Basis: BF6 sold 7M in 3 days; MW4 Oct 2026 will repeat the wave.,https://en.wikipedia.org/wiki/Battlefield_6
EA-007,"GPU driver questions: DDU clean install, Game Ready vs Studio, roll back a bad driver",how to clean install nvidia drivers DDU,nvidia game ready vs studio driver; roll back gpu driver windows 11; amd adrenalin driver crash fix; should I update gpu drivers,how-to,PC gamers troubleshooting,PC (NVIDIA/AMD/Intel),MED (ESTIMATE),annual,3+ yrs,3,Hardware section,Newsletter,guide,"ESTIMATE; driver how-tos are shared between vendor docs, Tom's Hardware, and fix farms. Not searched. Basis: consistent Reddit r/nvidia/r/AMDHelp volume.",https://www.nvidia.com/en-us/geforce/technologies/dlss/
EA-008,Low GPU usage / CPU bottleneck diagnosis in games,low gpu usage high cpu usage games fix,cpu bottleneck fix; gpu usage 50 percent gaming; how to tell if cpu is bottlenecking,fix,Mid-range PC owners,PC,LOW-MED (ESTIMATE),static,5+ yrs,3,Hardware section; pairs with 'GPU tiers' explainer,Newsletter,explainer + diagnostic checklist,"ESTIMATE based on the 'bottleneck calculator' micro-sites that ranked for shader stutter (bottleneckcalculator.us.com) — the niche is held by tool-affiliate sites, not media.",https://bottleneckcalculator.us.com/knowledge-base/gaming-performance/shader-compilation/
EA-009,Game crashes to desktop with no error: universal triage,game crashes to desktop no error windows 11,game keeps crashing pc fix; event viewer game crash; xmp crash games; memory integrity crash,fix,PC players,PC,MED (ESTIMATE),annual,3+ yrs,3,Hardware section; each game page could link to it,Newsletter,fix guide,"ESTIMATE; utility-software blogs (drivereasy, makeuseof, windowsreport) hold the generic query as seen in two observed fix SERPs.",https://www.drivereasy.com/knowledge/solved-dxgi_error_device_removed/
EA-010,"HDR on PC: Auto HDR, Windows HDR Calibration, RTX HDR, why HDR looks washed out",windows 11 hdr washed out fix,auto hdr windows 11; windows hdr calibration app; rtx hdr vs auto hdr; hdr gaming pc setup,how-to,PC players with HDR monitors/TVs,PC (Windows 11),MED (ESTIMATE),annual,3+ yrs,3,Hardware section (monitor guides); console HDR sibling page,Newsletter,guide,FACT (Microsoft Support HDR page): Auto HDR and Windows HDR Calibration app exist; Win10 needs version 2004. ESTIMATE: Microsoft + RTINGS + fix farms own it.,https://support.microsoft.com/en-us/windows/hdr-settings-in-windows-2d767185-38ec-7fdc-6f97-bbc6c5ef24e6
EA-011,Steam Cloud save conflict / lost save recovery,steam cloud save conflict which one to choose,steam cloud sync error; recover deleted save steam; where are steam saves stored,fix,Steam users,PC (Steam),MED (ESTIMATE),static,5+ yrs,2,Shelf: user's Steam library is imported; a 'your saves' angle ties to library,Account (Steam import),FAQ,"ESTIMATE; PCGamingWiki holds save locations per game (site returned 403 to fetch; known FACT of its scope from prior knowledge). Basis: steady, low.",https://www.pcgamingwiki.com/wiki/Home
EA-012,"Frame pacing and micro-stutter: V-Sync, frame caps, Reflex, Anti-Lag explained",how to fix micro stutter in games,frame cap vs vsync; nvidia reflex on or off; rtss frame limiter; gsync stutter fix,fix,Enthusiast PC players,PC,LOW-MED (ESTIMATE),annual,3+ yrs,3,"Hardware section; glossary cross-links (VRR, input lag)",Newsletter,explainer,ESTIMATE from input-lag SERP anchor (VPN/booster affiliates ranked). Basis: recurring Reddit r/pcgaming questions.,https://displaylag.com/reduce-input-lag-in-pc-games-the-definitive-guide/
EA-013,"PS5 / PS5 Pro best display settings (120Hz, VRR, HDR, PSSR modes)",ps5 pro best settings,ps5 120hz not working; ps5 vrr on or off; ps5 hdr calibration; pssr fidelity vs performance,how-to,"PS5/PS5 Pro owners (Pro has 2TB SSD, 60/120Hz support per Sony)",PS5 / PS5 Pro,MED (ESTIMATE),annual,3+ yrs (console generation),4,Game DB: per-game 'Pro enhanced / 120Hz' facts could live on game pages; console settings hub in Hardware,"Shelf add (owned platform), newsletter",guide + per-game performance-mode table,"FACT (playstation.com PS5 Pro page): PSSR, 'support for 60Hz and 120Hz displays', 2TB SSD. ESTIMATE competition: Sony support, Digital Foundry, RTINGS, Push Square. Not searched.",https://www.playstation.com/en-us/ps5/ps5-pro/
EA-014,"PS5 error codes explained (CE-108255, CE-107928, WS-116331, NP-102946)",ps5 error code ce-108255,ps5 ce-107928-7; ps5 ws-116331-5; ps5 np-102946-2; ps5 error code list,fix,PS5 owners,PS5,MED,static,5+ yrs,3,Console help hub; each code page links to the games that most often throw it,Newsletter,FAQ hub (one page per code),"FACT: Sony's error-code page lists codes with one-line descriptions (CE-107928-7 download error, WS-116331-5 suspension, NP-102946-2 update, CE-108862-5 server, WV-109166-3 internet). OBSERVED (Bing, degraded bot results): query returned only retail pages — Bing evidence unusable; Google not observed. ESTIMATE MED: Sony + fix farms.",https://www.playstation.com/en-us/support/error-codes/
EA-015,Xbox Series X|S error codes and 'something went wrong' fixes,xbox error code 0x87e10bc6,xbox 0x80070102; xbox error 0x8b050033; xbox game wont launch series x,fix,Xbox owners,Xbox Series X|S,MED (ESTIMATE),static,5+ yrs,2,Console help hub,Newsletter,FAQ hub,Xbox support error page fetched but returned no body content (OBSERVATION: JS-rendered). ESTIMATE: Microsoft support + fix farms hold codes; Xbox install base smaller than PS5.,https://support.xbox.com/en-US/help/errors/error-codes
EA-016,"Switch 2 setup: 120Hz, VRR (handheld only vs docked), HDR, microSD Express",switch 2 vrr docked,switch 2 120hz games; switch 2 hdr setup; switch 2 microsd express which one; switch 2 storage full,how-to,Switch 2 owners (23M+ sold by June 2026),Nintendo Switch 2,MED (ESTIMATE),annual,4+ yrs,4,Game DB tracks Nintendo store (NintendoSync) so per-game 120fps/HDR flags could be added; Hardware section,Shelf add; reminder for Switch 2 releases,guide + per-game 120Hz table,"FACT (nintendo.com tech specs): 4K60 docked, 120fps at 1080p/1440p, 'VRR up to 120 Hz' handheld and TV output, 256GB UFS, microSD Express only up to 2TB. FACT (Wikipedia): 23M units by June 2026. Not searched; ESTIMATE competition: Nintendo Life, Digital Foundry, Nintendo support.",https://www.nintendo.com/us/gaming-systems/switch-2/tech-specs/
EA-017,"Switch 2 game-key cards explained: what you actually own, storage impact",what is a game key card switch 2,switch 2 game key card vs game card; game key card download size; can you sell game key card,informational,"Switch 2 buyers, parents",Nintendo Switch 2,MED (ESTIMATE),annual,4+ yrs,3,Game DB: flag key-card releases on game pages (data from NintendoSync would need a new field — UNKNOWN feasibility),Reminder; shelf add,explainer,"FACT (Wikipedia Switch 2): key cards contain 'only a digital license and no game data'; card must be inserted to launch. ESTIMATE competition: Nintendo Life, The Verge, Nintendo support.",https://en.wikipedia.org/wiki/Nintendo_Switch_2
EA-018,"PS5 SSD upgrade: requirements, heatsink, install, and which drives",best ssd for ps5,ps5 m.2 requirements; how to install ssd ps5; ps5 ssd heatsink needed; ps5 pro ssd upgrade,commercial,PS5 owners out of storage,PS5 / PS5 Pro,HIGH (ESTIMATE),annual,3+ yrs,4,Hardware section buying guide (affiliate),Affiliate; newsletter,buying guide + install how-to,ESTIMATE HIGH: IGN/Tom's Hardware/RTINGS/PushSquare own 'best SSD for PS5'. Not searched (budget exhausted). Basis: PS5 storage complaints are perennial; big-game file sizes keep it alive.,https://www.playstation.com/en-us/ps5/ps5-pro/
EA-019,Xbox Series X|S storage: expansion card vs USB drive vs internal,xbox series x storage expansion card vs usb,can you play series x games from external hdd; xbox storage expansion card 1tb worth it; xbox series s storage full,commercial,Xbox owners,Xbox Series X|S,MED (ESTIMATE),annual,3+ yrs,3,Hardware section (affiliate),Affiliate,buying guide,ESTIMATE; Xbox support + Windows Central + IGN. Not searched.,https://support.xbox.com/en-US/help/errors/error-codes
EA-020,"PS4 to PS5 save and game transfer (data transfer, cloud, per-game upgrade saves)",how to transfer ps4 saves to ps5,ps4 to ps5 data transfer; ps5 cloud saves without ps plus; ps4 disc on ps5,how-to,"Upgraders (PS5 Pro buyers, late adopters)",PS4 → PS5,MED (ESTIMATE),static,3+ yrs,3,Per-game save-upgrade notes could sit on game pages (platforms field),Shelf: import PlayStation library (PlayStationService exists),how-to + per-game table,ESTIMATE; Sony support + Push Square + IGN. Not searched. Basis: stable as long as PS4 library remains relevant.,https://www.playstation.com/en-us/support/error-codes/
EA-021,"VRR on consoles: which games support it, how to enable, 'VRR unsupported' fixes",ps5 vrr games list,xbox series x vrr setup; ps5 vrr unsupported; does vrr help 30fps ps5; switch 2 vrr games,informational,Console owners with VRR TVs,PS5 / Xbox Series / Switch 2,MED (ESTIMATE),per-patch (list changes),3+ yrs,3,Game DB: a per-game VRR/120Hz/Pro-enhanced attribute set would be the differentiator; 'attributes' jsonb exists but has no such data (OBSERVATION),Shelf add; newsletter,database page + explainer,"ESTIMATE; Push Square/PureXbox maintain lists. Glossary anchor SERP for VRR (Google, observed) was vendor blogs + Wikipedia + TechRadar = MED.",https://www.techradar.com/news/what-is-vrr-variable-refresh-rate-explained
EA-022,120Hz console games list and how to enable 120Hz on PS5/Xbox/Switch 2,ps5 120fps games list,xbox series x 120fps games; switch 2 120fps games; how to enable 120hz ps5; hdmi 2.1 required for 120hz,informational,Console owners with 120Hz displays,PS5 / Xbox Series / Switch 2,MED-HIGH (ESTIMATE),per-patch,3+ yrs,4,Game DB programmatic page: /games/feature/120fps once the attribute exists (does not today — OBSERVATION),Shelf add; newsletter,database page,ESTIMATE; Push Square / PureXbox / Nintendo Life run living lists. Basis: HDMI 2.1 TV adoption; Switch 2 adds a third platform to the query.,https://www.nintendo.com/us/gaming-systems/switch-2/tech-specs/
EA-023,"Console HDR calibration: PS5 HDR settings, Xbox HDR Game Calibration, Switch 2 HDR",ps5 hdr settings too dark,xbox hdr calibration app; switch 2 hdr washed out; hgig ps5,how-to,Console owners with HDR TVs,PS5 / Xbox / Switch 2,MED (ESTIMATE),static,3+ yrs,3,Console settings hub; monitor/TV buying guides (affiliate),Affiliate; newsletter,guide,ESTIMATE; RTINGS + HDTVTest + Sony/Xbox support. Not searched.,https://www.nintendo.com/us/gaming-systems/switch-2/tech-specs/
EA-024,"Controller drift and repair: DualSense, Xbox, Switch 2 Joy-Con 2 — fixes and warranty",ps5 controller drift fix,joy-con 2 drift; xbox controller drift fix; dualsense edge replaceable sticks; hall effect controllers,fix,Console + PC controller users,All consoles,MED (ESTIMATE),annual,3+ yrs,3,Hardware section: controller buying guide (affiliate) is the natural sibling,Affiliate,fix guide + buying guide link,ESTIMATE; iFixit + fix farms + Reddit. Not searched. Basis: drift is a perennial complaint across generations.,https://www.xbox.com/en-US/community/for-everyone/accessibility
EA-025,"Glossary: What is DLSS (Super Resolution, Frame Gen, Ray Reconstruction, DLSS 4.5/5)",what is dlss,dlss 4.5 vs dlss 4; dlss 5 explained; dlss quality vs performance; which gpus support dlss frame generation,informational,"New PC/console buyers, readers who hit the term in a review",cross-platform,HIGH,per-release,5+ yrs,4,Glossary hub cross-linked from every review/spec table; game DB 'System requirements' panel can tooltip terms,Newsletter; low direct conversion; builds topical authority for hardware section,"explainer (glossary entry, 600–900 words, diagram)","OBSERVED Google SERP: pcgamesn, Currys, nvidia.com, Tom's Hardware, CyberPowerPC blog, NVIDIA dev, Tom's Guide. FACT (nvidia.com): DLSS 5 '3D-Guided Neural Rendering' RTX 50 only; DLSS 4.5 'Dynamic Multi Frame Generation' RTX 50; Frame Gen RTX 40+; Ray Reconstruction/Super Res/DLAA RTX 20+. Basis: every GPU launch and DLSS version bump renews demand.",https://www.nvidia.com/en-us/geforce/technologies/dlss/
EA-026,Glossary: What is frame generation (and multi-frame generation),what is frame generation,frame generation input lag; is frame generation worth it; fsr frame generation vs dlss frame generation; lossless scaling,informational,"New PC/console buyers, readers who hit the term in a review",cross-platform,MED,annual,5+ yrs,4,Glossary hub cross-linked from every review/spec table; game DB 'System requirements' panel can tooltip terms,Newsletter; low direct conversion; builds topical authority for hardware section,"explainer (glossary entry, 600–900 words, diagram)","OBSERVED SERP: TechRadar, Tom's Hardware forum thread, XDA x2, CyberPowerPC blog, USPTO patents, a Facebook group — weak page 1 (patents and a forum ranking = thin coverage). Basis: FG is the most argued GPU feature of 2025–26.",https://www.techradar.com/computing/gpu/what-is-frame-generation
EA-027,Glossary: Upscaling explained: DLSS vs FSR vs XeSS vs PSSR (and which to pick per GPU),dlss vs fsr vs xess,fsr 4 vs dlss 4; pssr vs dlss; xess 2; best upscaler for amd; fsr 4 rx 7000,informational,"New PC/console buyers, readers who hit the term in a review",cross-platform,MED,per-release,5+ yrs,4,Glossary hub cross-linked from every review/spec table; game DB 'System requirements' panel can tooltip terms,Newsletter; low direct conversion; builds topical authority for hardware section,"explainer (glossary entry, 600–900 words, diagram)","OBSERVED SERP: box.co.uk, TechSpot, How-To Geek, Wccftech, versus.com, builttofrag, TechTimes, small sites. FACT (Wikipedia RX 9000): FSR 4 released for RX 7000 on 22 Jun 2026. Basis: cross-vendor comparison renews with each version.",https://www.techspot.com/review/2860-amd-fsr-31-versus-dlss/
EA-028,Glossary: Ray tracing vs path tracing,ray tracing vs path tracing,what is path tracing; is ray tracing worth it; ray reconstruction explained; rtgi,informational,"New PC/console buyers, readers who hit the term in a review",cross-platform,MED,annual,5+ yrs,3,Glossary hub cross-linked from every review/spec table; game DB 'System requirements' panel can tooltip terms,Newsletter; low direct conversion; builds topical authority for hardware section,"explainer (glossary entry, 600–900 words, diagram)","OBSERVED SERP: box.co.uk, Overclockers UK, TechSpot, Digital Trends, Wikipedia, patents. FACT (Wikipedia RE Requiem): path tracing in Requiem is NVIDIA-only because it forces DLSS Ray Reconstruction — a concrete per-game hook.",https://www.techspot.com/article/2485-path-tracing-vs-ray-tracing/
EA-029,Glossary: VRR / G-Sync / FreeSync / HDMI 2.1 VRR,what is vrr,freesync vs gsync; vrr range; vrr flicker oled; does vrr add input lag,informational,"New PC/console buyers, readers who hit the term in a review",cross-platform,MED,annual,5+ yrs,3,Glossary hub cross-linked from every review/spec table; game DB 'System requirements' panel can tooltip terms,Newsletter; low direct conversion; builds topical authority for hardware section,"explainer (glossary entry, 600–900 words, diagram)","OBSERVED SERP: Wikipedia, hdmi.org, Trusted Reviews, TESmart, ViewSonic, VCOM, IQON, Switchblade, TechRadar — vendor-blog heavy. FACT: Switch 2 VRR up to 120Hz (nintendo.com) puts a third console in the query.",https://www.hdmi.org/spec2sub/variablerefreshrate
EA-030,"Glossary: Input lag / latency: what it is, how it is measured, how to reduce it",what is input lag,how to reduce input lag; input lag vs ping; end to end latency; reflex low latency mode,informational,"New PC/console buyers, readers who hit the term in a review",cross-platform,LOW-MED,annual,5+ yrs,3,Glossary hub cross-linked from every review/spec table; game DB 'System requirements' panel can tooltip terms,Newsletter; low direct conversion; builds topical authority for hardware section,"explainer (glossary entry, 600–900 words, diagram)","OBSERVED SERP: Fierce PC, esports.gg, NoPing, DisplayLag, ReHisk, LagoFast, TechTimes, PureVPN, Samsung — VPN/booster affiliates dominate; no major gaming outlet. Basis: competitive-shooter audience (CS2 1.09M concurrent on Steam 27 Sep 2026).",https://displaylag.com/reduce-input-lag-in-pc-games-the-definitive-guide/
EA-031,Glossary: Tick rate and server update rate,what is tick rate,64 tick vs 128 tick; tick rate list games; sub tick cs2; battlefield 6 tick rate,informational,"New PC/console buyers, readers who hit the term in a review",cross-platform,LOW,annual,5+ yrs,2,Glossary hub cross-linked from every review/spec table; game DB 'System requirements' panel can tooltip terms,Newsletter; low direct conversion; builds topical authority for hardware section,"explainer (glossary entry, 600–900 words, diagram)","OBSERVED SERP: Unity docs x2, Gameye glossary, esagames.ro, nbn (ISP blog), Edgegap, win.gg, G2A news, Steam thread — B2B glossaries and an ISP. Thin. Basis: niche but perennial in shooter communities.",https://gameye.com/glossary/tick-rate/
EA-032,"Glossary: Netcode: rollback vs delay-based, client/server, peer-to-peer",rollback netcode explained,what is netcode; delay based vs rollback; ggpo; peer to peer vs dedicated servers,informational,"New PC/console buyers, readers who hit the term in a review",cross-platform,MED,annual,5+ yrs,2,Glossary hub cross-linked from every review/spec table; game DB 'System requirements' panel can tooltip terms,Newsletter; low direct conversion; builds topical authority for hardware section,"explainer (glossary entry, 600–900 words, diagram)","OBSERVED SERP: LinkedIn, Medium, GameRant, CBR, Cultured Vultures, Screen Rant, easel.games, GitHub. Valnet (GameRant/CBR/ScreenRant) holds it. Basis: fighting-game community; 2XKO (Jan 2026) keeps it warm.",https://gamerant.com/rollback-netcode-explained/
EA-033,Glossary: Frame rate vs refresh rate vs frame time (and why 1% lows matter),frame time vs fps,1 percent lows explained; what is frame time; 60hz vs 144hz difference; fps vs hz,informational,"New PC/console buyers, readers who hit the term in a review",cross-platform,MED (ESTIMATE),annual,5+ yrs,3,Glossary hub cross-linked from every review/spec table; game DB 'System requirements' panel can tooltip terms,Newsletter; low direct conversion; builds topical authority for hardware section,"explainer (glossary entry, 600–900 words, diagram)","Not searched individually; adjacent glossary SERPs (VRR, input lag) show vendor blogs and glossaries, so MED is an inference. Basis: staple beginner question.",https://www.hdmi.org/spec2sub/variablerefreshrate
EA-034,"Glossary: Anti-aliasing modes: TAA, DLAA, MSAA, FXAA, SMAA — what to pick",taa vs dlaa,what is taa; taa blurry fix; dlaa vs dlss quality; msaa vs fxaa,informational,"New PC/console buyers, readers who hit the term in a review",cross-platform,LOW-MED (ESTIMATE),annual,5+ yrs,2,Glossary hub cross-linked from every review/spec table; game DB 'System requirements' panel can tooltip terms,Newsletter; low direct conversion; builds topical authority for hardware section,"explainer (glossary entry, 600–900 words, diagram)",Not searched. ESTIMATE from DLSS/FSR SERPs (mid-tier tech sites). Basis: 'TAA blur' is a recurring r/pcgaming complaint.,https://www.nvidia.com/en-us/geforce/technologies/dlss/
EA-035,"Glossary: Resolution scale, dynamic resolution, and render resolution",what is dynamic resolution scaling,render resolution vs output resolution; resolution scale 100 or 200; drs console,informational,"New PC/console buyers, readers who hit the term in a review",cross-platform,LOW (ESTIMATE),annual,5+ yrs,2,Glossary hub cross-linked from every review/spec table; game DB 'System requirements' panel can tooltip terms,Newsletter; low direct conversion; builds topical authority for hardware section,"explainer (glossary entry, 600–900 words, diagram)",Not searched. Basis: term appears in most console performance modes and PC options menus.,https://www.techspot.com/review/2860-amd-fsr-31-versus-dlss/
EA-036,"Glossary: Shader cache, shader pre-compilation, Steam pre-caching, Advanced Shader Delivery",what is shader cache,steam shader pre caching; advanced shader delivery amd; clear shader cache windows 11,informational,"New PC/console buyers, readers who hit the term in a review",cross-platform,LOW-MED,annual,5+ yrs,3,Glossary hub cross-linked from every review/spec table; game DB 'System requirements' panel can tooltip terms,Newsletter; low direct conversion; builds topical authority for hardware section,"explainer (glossary entry, 600–900 words, diagram)",Shares the observed shader-stutter SERP (micro-sites + engine blogs). FACT (Wikipedia FH6): Forza Horizon 6 supports AMD Advanced Shader Delivery — a 2026 term with little explanatory coverage (OBSERVATION from fetch).,https://www.unrealengine.com/tech-blog/game-engines-and-shader-stuttering-unreal-engines-solution-to-the-problem
EA-037,Glossary: VRAM: how much you need at 1080p/1440p/4K in 2026,how much vram do I need,8gb vram enough 2026; 12gb vs 16gb vram; vram usage high; textures vram,informational,"New PC/console buyers, readers who hit the term in a review",cross-platform,MED-HIGH (ESTIMATE),annual,5+ yrs,4,Glossary hub cross-linked from every review/spec table; game DB 'System requirements' panel can tooltip terms,Newsletter; low direct conversion; builds topical authority for hardware section,"explainer (glossary entry, 600–900 words, diagram)","Not searched. FACT (Steam survey Aug 2026): most common VRAM bucket 16GB (26.92%), but the five most common cards include RTX 3050/5060/GTX 1650 (8GB or less). Basis: 8GB-card debate is a top hardware topic in 2025–26.",https://store.steampowered.com/hwsurvey
EA-038,"Glossary: HDR terms: HDR10, HDR10+, Dolby Vision gaming, HGiG, peak brightness",hgig vs dolby vision gaming,hdr10 vs dolby vision xbox; what is hgig; hdr peak brightness nits gaming,informational,"New PC/console buyers, readers who hit the term in a review",cross-platform,LOW-MED (ESTIMATE),annual,5+ yrs,2,Glossary hub cross-linked from every review/spec table; game DB 'System requirements' panel can tooltip terms,Newsletter; low direct conversion; builds topical authority for hardware section,"explainer (glossary entry, 600–900 words, diagram)",Not searched. Basis: sub-topic of HDR setup guides; RTINGS holds monitor/TV side.,https://support.microsoft.com/en-us/windows/hdr-settings-in-windows-2d767185-38ec-7fdc-6f97-bbc6c5ef24e6
EA-039,"GPU tiers 2026: what each card class actually delivers (RTX 5050→5090, RX 9050→9070 XT, Arc)",gpu tier list 2026,rtx 5060 vs rx 9060 xt; what gpu do I need for 1440p; gpu hierarchy; is rtx 3060 still good 2026,commercial-informational,PC upgraders,PC (GPU),HIGH (ESTIMATE),annual (per GPU generation),1–2 yrs per revision,4,Hardware section anchor page; game DB System requirements panel can map a game's minimum GPU to a tier,Affiliate; newsletter,comparison (tier table) + explainer,"FACT (Wikipedia RTX 50 / RX 9000): RTX 5050 $249 8GB (Jul 2025) → 5090 $1,999 32GB; RX 9050 $279 (28 Jul 2026), RX 9070 GRE 12GB (1 Jun 2026). FACT (Steam survey Aug 2026): RTX 3060 3.76% is still the #1 card. ESTIMATE HIGH: Tom's Hardware GPU hierarchy, TechSpot, PC Gamer own it.",https://en.wikipedia.org/wiki/GeForce_RTX_50_series
EA-040,"CPU bottleneck: does your CPU limit your GPU? (X3D, core counts, 1080p vs 4K)",cpu bottleneck,is my cpu bottlenecking my gpu; best cpu for gaming 2026; x3d worth it; 6 core vs 8 core gaming,informational,PC builders/upgraders,PC (CPU),MED (ESTIMATE),annual,2–3 yrs,3,Hardware section; pairs with GPU tiers,Affiliate,explainer + comparison,ESTIMATE from bottleneck-calculator micro-sites seen in observed SERP; CPU buying guides are HIGH (Tom's/TechSpot) but the diagnostic angle is MED.,https://bottleneckcalculator.us.com/knowledge-base/gaming-performance/shader-compilation/
EA-041,"RAM for gaming: 16 vs 32 GB, DDR5 speed, EXPO/XMP, dual-channel",is 16gb ram enough for gaming 2026,32gb ram gaming worth it; ddr5 6000 vs 6400 gaming; xmp on or off; dual channel ram gaming,commercial-informational,PC builders,PC (RAM),MED-HIGH (ESTIMATE),annual,2–3 yrs,3,Hardware section; game DB requirement panels list RAM minimums,Affiliate,explainer + buying guide,"FACT (Steam survey Aug 2026): 16GB is the most common system RAM at 41.20%. ESTIMATE competition: Tom's Hardware, PC Gamer, Reddit.",https://store.steampowered.com/hwsurvey
EA-042,"SSD for gaming: does Gen4 vs Gen5 matter, DirectStorage, capacity planning",does ssd speed matter for gaming,gen 4 vs gen 5 ssd gaming; directstorage games list; best ssd for gaming 2026; 1tb vs 2tb ssd gaming,commercial-informational,PC builders and console upgraders,PC / PS5,HIGH (ESTIMATE),annual,2–3 yrs,3,Hardware section; ties to file-size cluster (capacity planning per shelf),Affiliate; shelf (sum of installed sizes idea — HYPOTHESIS),buying guide + explainer,ESTIMATE HIGH; Tom's Hardware/TechRadar/RTINGS. Not searched.,https://www.playstation.com/en-us/ps5/ps5-pro/
EA-043,Monitor refresh rate and resolution: 1440p 144Hz vs 4K 120Hz vs 1080p 240Hz for your GPU,1440p vs 4k gaming monitor,144hz vs 240hz worth it; 1080p 240hz vs 1440p 144hz; oled monitor burn in gaming; best monitor for ps5,commercial-informational,Monitor buyers,PC / console,HIGH (ESTIMATE),annual,2–3 yrs,3,Hardware section; pairs with GPU tiers (what your GPU can drive),Affiliate,comparison + buying guide,ESTIMATE HIGH; RTINGS/Tom's/PC Gamer. Not searched.,https://www.hdmi.org/spec2sub/variablerefreshrate
EA-044,"Controller compatibility matrix: which controllers work on PC, Steam, PS5, Xbox, Switch 2, Steam Deck",can you use ps5 controller on pc,xbox controller on ps5; switch 2 pro controller on pc; dualsense steam setup; 8bitdo controller compatibility,informational,"Cross-platform players (site tagline: one library for PC, PS, Xbox)",cross-platform,MED (ESTIMATE),annual,3+ yrs,3,Directly on-brand for a multi-platform library site; Hardware section,Affiliate (controllers); account,database-style matrix + FAQ,"ESTIMATE; Tom's Guide/How-To Geek + Reddit. Not searched. Basis: recurring cross-platform question, three current consoles + Deck + Steam Machine (released 29 Jun 2026, FACT Wikipedia).",https://en.wikipedia.org/wiki/Steam_Machine
EA-045,"Power supply sizing for RTX 50 / RX 9000 builds (12V-2x6, transient spikes)",what psu do I need for rtx 5080,psu calculator gaming; 12vhpwr melting; 850w enough for 5090; atx 3.1 psu,commercial-informational,PC builders,PC (PSU),MED (ESTIMATE),annual,2–3 yrs,2,Hardware section,Affiliate,guide + calculator (tool),ESTIMATE; vendor calculators + Tom's. Not searched.,https://en.wikipedia.org/wiki/GeForce_RTX_50_series
EA-046,Is Windows 10 still OK for gaming after end of support? (and Win11 requirements),windows 10 end of support gaming,upgrade to windows 11 for gaming; windows 10 games still work 2026; tpm 2.0 windows 11 gaming pc,informational,Win10 holdouts (22.90% of Steam survey Aug 2026),PC (Windows),MED (ESTIMATE),annual,1–2 yrs (shrinking),3,Hardware section,Newsletter,explainer,FACT (Steam survey Aug 2026): Windows 10 64-bit 22.90%. ESTIMATE: Microsoft + Windows Central + PC Gamer covered Oct 2025 EOL; a 2026 'is it still fine' angle is thinner.,https://store.steampowered.com/hwsurvey
EA-047,Laptop GPU vs desktop GPU: why 'RTX 4060 Laptop' is not an RTX 4060,rtx 4060 laptop vs desktop,laptop gpu tdp explained; rtx 5070 laptop vs desktop; max-q vs max-p; gaming laptop gpu wattage,informational,Gaming laptop buyers,PC (laptop),MED (ESTIMATE),annual,2–3 yrs,3,Hardware section; laptop buying guide sibling,Affiliate,explainer,"FACT (Steam survey Aug 2026): 'RTX 4060 Laptop GPU' is the #2 card at 3.63% — a huge audience owns exactly this. ESTIMATE competition: Notebookcheck, Jarrod's Tech (YouTube), Tom's.",https://store.steampowered.com/hwsurvey
EA-048,Best settings: Counter-Strike 2,cs2 best settings,cs2 launch options 2026; cs2 fps boost; cs2 nvidia reflex; cs2 stutter fix,how-to,Competitive PC players,Counter-Strike 2,HIGH (ESTIMATE),per-patch,5+ yrs,5,Game DB page for the title (System requirements panel + engine field) is the natural parent; settings guide as child page,Shelf add ('playing'); newsletter,guide (settings table by GPU tier + video),"FACT (Steam charts 27 Sep 2026): CS2 #1 most played, 1,087,668 current / 1,346,533 peak. ESTIMATE HIGH: prosettings.net, Dexerto, esports outlets. Not searched.",https://store.steampowered.com/charts/mostplayed
EA-049,Best settings: Battlefield 6,battlefield 6 best settings,battlefield 6 stuttering fix; bf6 secure boot; bf6 fps boost; bf6 dlss or fsr,how-to,PC shooter players,Battlefield 6,HIGH (ESTIMATE),per-patch,2–3 yrs,4,Game DB page for the title (System requirements panel + engine field) is the natural parent; settings guide as child page,Shelf add ('playing'); newsletter,guide (settings table by GPU tier + video),"FACT (Wikipedia): 7M sold in 3 days, best-selling US game of 2025, outsold Black Ops 7. OBSERVED: techjunkie already ranks a BF6-specific DXGI fix page. ESTIMATE HIGH: PC Gamer/Dexerto/GameRant.",https://en.wikipedia.org/wiki/Battlefield_6
EA-050,Best settings: Call of Duty: Modern Warfare 4 (Oct 23 2026),modern warfare 4 best settings,mw4 pc settings; mw4 fps boost; mw4 stuttering; mw4 switch 2 performance,how-to,Shooter players on PC/PS5/XS/NS2,Call of Duty: Modern Warfare 4 (Oct 23 2026),HIGH (ESTIMATE),per-patch,1–2 yrs (annual franchise),5,Game DB page for the title (System requirements panel + engine field) is the natural parent; settings guide as child page,Shelf add ('playing'); newsletter,guide (settings table by GPU tier + video),"FACT (Wikipedia Call of Duty): MW4 scheduled 23 Oct 2026 for Windows, PS5, XS, NS2 — first mainline CoD on Switch 2 → new 'switch 2 performance' sub-query. ESTIMATE HIGH.",https://en.wikipedia.org/wiki/Call_of_Duty
EA-051,Best settings: Marvel Rivals,marvel rivals best settings,marvel rivals fps boost; marvel rivals stuttering; marvel rivals low end pc,how-to,Hero-shooter players,Marvel Rivals,HIGH (ESTIMATE),per-patch,2–3 yrs,4,Game DB page for the title (System requirements panel + engine field) is the natural parent; settings guide as child page,Shelf add ('playing'); newsletter,guide (settings table by GPU tier + video),"FACT (Steam charts 27 Sep 2026): #12 most played (90,051). ESTIMATE HIGH.",https://store.steampowered.com/charts/mostplayed
EA-052,Best settings: Helldivers 2 (PS5/PC/Xbox),helldivers 2 best settings,helldivers 2 pc optimization; helldivers 2 xbox performance; helldivers 2 fps drop fix,how-to,Co-op shooter players,Helldivers 2 (PS5/PC/Xbox),MED (ESTIMATE),per-patch,2–3 yrs,3,Game DB page for the title (System requirements panel + engine field) is the natural parent; settings guide as child page,Shelf add ('playing'); newsletter,guide (settings table by GPU tier + video),"FACT (Steam charts): #24 most played (62,716); Xbox release 26 Aug 2025 (Wikipedia). ESTIMATE MED.",https://en.wikipedia.org/wiki/Helldivers_2
EA-053,"Best settings: Valheim (now on consoles, Sept 2026 1.0)",valheim best settings,valheim ps5 performance; valheim switch 2 settings; valheim fps fix pc; valheim graphics settings,how-to,"Survival players, new console audience","Valheim (now on consoles, Sept 2026 1.0)",LOW-MED (ESTIMATE),per-patch,2–3 yrs,3,Game DB page for the title (System requirements panel + engine field) is the natural parent; settings guide as child page,Shelf add ('playing'); newsletter,guide (settings table by GPU tier + video),"FACT (Wikipedia 2026 list + Steam charts): Valheim released 9 Sep 2026 on NS2/PS5/XBO/XS and is #4 most played on Steam (255,185) — a settings vacuum on brand-new console versions. ESTIMATE LOW-MED.",https://en.wikipedia.org/wiki/2026_in_video_games
EA-054,"Best settings: Resident Evil Requiem (path tracing, DLSS RR NVIDIA-only)",resident evil requiem best settings,re requiem path tracing settings; requiem pc performance; requiem switch 2 performance; requiem ps5 pro mode,how-to,Horror fans on all platforms,"Resident Evil Requiem (path tracing, DLSS RR NVIDIA-only)",MED-HIGH (ESTIMATE),annual,2–3 yrs,3,Game DB page for the title (System requirements panel + engine field) is the natural parent; settings guide as child page,Shelf add ('playing'); newsletter,guide (settings table by GPU tier + video),"FACT (Wikipedia): 8M sold by Jul 2026; path tracing NVIDIA-only via forced DLSS Ray Reconstruction — a concrete, under-explained settings fact. ESTIMATE MED-HIGH.",https://en.wikipedia.org/wiki/Resident_Evil_Requiem
EA-055,"Best settings: Forza Horizon 6 (PC/Xbox, PS5 later 2026)",forza horizon 6 best settings,forza horizon 6 stuttering pc; fh6 steam deck settings; fh6 ray tracing on or off; fh6 ps5 pro,how-to,Racing fans,"Forza Horizon 6 (PC/Xbox, PS5 later 2026)",MED (ESTIMATE),per-patch,2–3 yrs,3,Game DB page for the title (System requirements panel + engine field) is the natural parent; settings guide as child page,Shelf add ('playing'); newsletter,guide (settings table by GPU tier + video),"FACT (Wikipedia): released 19 May 2026 Win/XS, PS5 later in 2026 (date TBC) — the PS5 launch renews the query. Reported (comicbook.com via WebSearch): Day-one Steam Deck Verified. ESTIMATE MED.",https://en.wikipedia.org/wiki/Forza_Horizon_6
EA-056,Best settings: Crimson Desert,crimson desert best settings,crimson desert pc performance; crimson desert stuttering; crimson desert ps5 pro,how-to,Open-world RPG players,Crimson Desert,MED (ESTIMATE),per-patch,2–3 yrs,3,Game DB page for the title (System requirements panel + engine field) is the natural parent; settings guide as child page,Shelf add ('playing'); newsletter,guide (settings table by GPU tier + video),FACT (Wikipedia 2026 list): released 19 Mar 2026 Win/OSX/PS5/XS. TechPlay already has a Crimson Desert review (OBSERVED on live site capture) — internal link exists.,https://en.wikipedia.org/wiki/List_of_2026_video_games
EA-057,Best settings: Baldur's Gate 3 (evergreen),baldur's gate 3 best settings,bg3 act 3 fps fix; bg3 dlss; bg3 steam deck settings,how-to,RPG players,Baldur's Gate 3 (evergreen),HIGH (ESTIMATE),annual,5+ yrs,3,Game DB page for the title (System requirements panel + engine field) is the natural parent; settings guide as child page,Shelf add ('playing'); newsletter,guide (settings table by GPU tier + video),"FACT (Steam charts 27 Sep 2026): still #18 most played (72,120) three years after launch. ESTIMATE HIGH; but Act 3 performance remains a live query.",https://store.steampowered.com/charts/mostplayed
EA-058,Steam Deck Verified explained + how to read Playable/Unsupported and ProtonDB,steam deck verified meaning,steam deck playable vs verified; protondb ratings explained; steam deck unsupported games that work,informational,Deck owners and buyers,Steam Deck / SteamOS,MED,static,3+ yrs,3,Game DB: a per-game Deck rating field does not exist today (OBSERVATION: no 'deck' column) — adding Valve's rating would enable /games/steam-deck-verified programmatic pages,Shelf add; newsletter,explainer + database page,"FACT (steamdeck.com/verified): four categories with Valve's exact criteria (input, display 1280x800/720, seamlessness, Proton support). OBSERVED SERP for 'steam deck verified games list 2026': GamingOnLinux, gg.deals x2, ComicBook, steamdeckhq, steamdeck.com, imho.run, Notebookcheck — niche specialists, no big outlet.",https://www.steamdeck.com/en/verified
EA-059,"Best Steam Deck Verified games (living list, by genre, by price)",best steam deck verified games,steam deck verified games list; steam deck games under 10; new steam deck verified games this month,commercial-informational,Deck owners,Steam Deck,MED,per-patch (monthly),3+ yrs,4,Programmatic list from game DB once Deck rating is stored; monthly newsletter segment,Shelf add; newsletter,database page + monthly roundup,"OBSERVED SERP (above): gg.deals runs a real-time list, GamingOnLinux runs monthly roundups — the format that ranks is a living list, exactly what the games DB can generate.",https://www.gamingonlinux.com/2026/09/the-most-highly-rated-steam-deck-verified-games-for-august-2026/
EA-060,"Steam Deck per-game settings + TDP (OLED 90Hz, 3–15W)",steam deck settings [game],steam deck tdp limit; steam deck 40hz vs 60hz; steam deck battery life settings; steam deck fsr,how-to,Deck owners,Steam Deck,MED (ESTIMATE),per-patch,2–3 yrs per game,3,Child page of each game DB page (same pattern as best-settings),Shelf add,guide (template per game),FACT (Wikipedia Steam Deck): OLED 7.4in 90Hz HDR; APU 3–15W. ESTIMATE competition: steamdeckhq.com owns per-game settings; ShareDeck. Not searched per game.,https://en.wikipedia.org/wiki/Steam_Deck
EA-061,"ROG Xbox Ally / Ally X settings: Xbox Mode, TDP, Armoury Crate, Windows tweaks",rog xbox ally best settings,rog ally x tdp guide; xbox ally x performance mode; rog ally x windows 11 tweaks; rog ally vs ally x,how-to,Windows handheld owners,ROG Xbox Ally / Ally X,LOW-MED (ESTIMATE),annual,2–3 yrs,3,Hardware section (handheld sub-hub),Affiliate; newsletter,guide,"FACT (Wikipedia): launched 16 Oct 2025, $599.99 (Z2 A, 16GB) / $999.99 (Z2 Extreme, 24GB); first devices with Xbox Mode (saves up to 2GB RAM). ESTIMATE competition: Windows Central, XDA, Reddit r/ROGAlly.",https://en.wikipedia.org/wiki/ROG_Xbox_Ally
EA-062,Lenovo Legion Go 2 / Legion Go S settings and TDP,legion go 2 best settings,legion go 2 tdp; legion go s steamos vs windows; legion go 2 battery life settings,how-to,Windows/SteamOS handheld owners,Legion Go 2 / Go S,LOW (ESTIMATE),annual,2–3 yrs,2,Hardware section (handheld hub),Affiliate,guide,"FACT (Wikipedia): Legion Go 2 (Z2 Extreme, Zen 5/RDNA 3.5) released Oct 2025; Wikipedia page fetched did not mention Legion Go S/SteamOS (UNVERIFIED here). ESTIMATE LOW: coverage is Reddit + a few YouTubers.",https://en.wikipedia.org/wiki/Lenovo_Legion_Go
EA-063,Handheld TDP explained: watts vs FPS vs battery (Deck vs Ally vs Legion Go vs Switch 2),handheld tdp explained,what tdp for steam deck; 15w vs 25w handheld; rog ally 17w vs 25w; switch 2 vs steam deck performance,informational,Handheld buyers,Handhelds,LOW (ESTIMATE),annual,3+ yrs,3,Hardware section anchor for handheld hub,Affiliate,explainer + comparison,"ESTIMATE from Deck SERP (niche sites). Basis: four current handheld platforms in 2026 (Deck OLED, Xbox Ally, Legion Go 2, Switch 2).",https://en.wikipedia.org/wiki/Steam_Deck
EA-064,"Steam Machine (Jun 2026) FAQ: specs, what runs, Windows games via Proton, vs console",steam machine specs,steam machine vs ps5; steam machine price; steam machine anti-cheat games; gabecube,informational,Console-curious PC players,Steam Machine / SteamOS,MED (ESTIMATE),annual,3+ yrs,3,Games DB: Proton/Deck rating doubles as Steam Machine compatibility,Shelf add; newsletter,FAQ + comparison,"FACT (Wikipedia): announced 12 Nov 2025, released 29 Jun 2026, $1,049 (512GB, no controller)/$1,128 with controller; Zen 4 6c/12t, RDNA 3 28 CU, 16GB DDR5. ESTIMATE MED: launch coverage was heavy; a maintained FAQ is thinner.",https://en.wikipedia.org/wiki/Steam_Machine
EA-065,"SteamOS on other handhelds and desktops: install, dual boot, what breaks",install steamos on rog ally,steamos vs windows handheld; bazzite vs steamos; steamos anti cheat games list,how-to,Enthusiast handheld owners,SteamOS,LOW-MED (ESTIMATE),per-patch,2–3 yrs,2,Hardware section,Newsletter,guide,"FACT (Wikipedia Steam Deck): May 2025 update added a subset of the Deck compatibility system for other devices. ESTIMATE competition: GamingOnLinux, Reddit.",https://en.wikipedia.org/wiki/Steam_Deck
EA-066,Crossplay: Elden Ring Nightreign,elden ring nightreign crossplay,nightreign cross platform; nightreign pc ps5 coop,informational,Friends on mixed platforms,Elden Ring Nightreign,HIGH,per-patch,2–3 yrs,3,Game DB 'multiplayer' jsonb already stores onlinecoop/onlinemax etc. (FACT: Game model) — adding a crossplay flag makes /games/[slug] answer this directly,Shelf add (friends feature exists); account,"FAQ (per game, 300–500 words) generated from DB + editorial note","OBSERVED Bing SERP (RSS endpoint) 27 Sep 2026: ofzenandcomputing, IGN wiki, NME, Windows Central, Game8, GamesRadar, Deltia's, nightreignwiki — every outlet has a page; crossplay is NOT supported (per titles). Confirms the format: one FAQ page per game, kept dated.",https://www.ign.com/wikis/elden-ring-nightreign/Nightreign_Crossplay_Explained
EA-067,Crossplay: Battlefield 6,battlefield 6 crossplay,bf6 turn off crossplay; battlefield 6 cross progression; bf6 pc console crossplay,informational,Friends on mixed platforms,Battlefield 6,HIGH (ESTIMATE),per-patch,2–3 yrs,4,Game DB 'multiplayer' jsonb already stores onlinecoop/onlinemax etc. (FACT: Game model) — adding a crossplay flag makes /games/[slug] answer this directly,Shelf add (friends feature exists); account,"FAQ (per game, 300–500 words) generated from DB + editorial note",Wikipedia page does not state crossplay (UNVERIFIED here; EA Help returned 503). ESTIMATE HIGH: launch coverage by all outlets. Basis: BF6 scale (7M in 3 days).,https://en.wikipedia.org/wiki/Battlefield_6
EA-068,Crossplay: Helldivers 2 (PS5/PC/Xbox),helldivers 2 crossplay xbox,helldivers 2 cross progression; helldivers 2 add friends cross platform; friend code,informational,Friends on mixed platforms,Helldivers 2 (PS5/PC/Xbox),HIGH (ESTIMATE),static,2–3 yrs,3,Game DB 'multiplayer' jsonb already stores onlinecoop/onlinemax etc. (FACT: Game model) — adding a crossplay flag makes /games/[slug] answer this directly,Shelf add (friends feature exists); account,"FAQ (per game, 300–500 words) generated from DB + editorial note","FACT (Wikipedia): 'full cross-platform play, enabling users across Xbox, PlayStation, and Windows to play together' since Xbox launch 26 Aug 2025. Cross-progression not stated (UNKNOWN).",https://en.wikipedia.org/wiki/Helldivers_2
EA-069,"Crossplay: Valheim (console 1.0, Sept 2026)",valheim crossplay ps5 pc,valheim switch 2 crossplay; valheim xbox pc crossplay; valheim dedicated server console,informational,Friends on mixed platforms,"Valheim (console 1.0, Sept 2026)",LOW-MED (ESTIMATE),per-patch,2–3 yrs,3,Game DB 'multiplayer' jsonb already stores onlinecoop/onlinemax etc. (FACT: Game model) — adding a crossplay flag makes /games/[slug] answer this directly,Shelf add (friends feature exists); account,"FAQ (per game, 300–500 words) generated from DB + editorial note",FACT (Wikipedia 2026 list): console release 9 Sep 2026 on NS2/PS5/XBO/XS. Crossplay status UNVERIFIED — a fresh gap where few evergreen pages exist yet (ESTIMATE).,https://en.wikipedia.org/wiki/2026_in_video_games
EA-070,Crossplay: Call of Duty: Modern Warfare 4 (incl. Switch 2),modern warfare 4 crossplay switch 2,mw4 crossplay off; mw4 cross progression; mw4 switch 2 pc crossplay,informational,Friends on mixed platforms,Call of Duty: Modern Warfare 4 (incl. Switch 2),HIGH (ESTIMATE),per-patch,1–2 yrs,4,Game DB 'multiplayer' jsonb already stores onlinecoop/onlinemax etc. (FACT: Game model) — adding a crossplay flag makes /games/[slug] answer this directly,Shelf add (friends feature exists); account,"FAQ (per game, 300–500 words) generated from DB + editorial note","FACT (Wikipedia): MW4 23 Oct 2026 on Windows/PS5/XS/NS2. Switch 2 inclusion makes the crossplay question new. ESTIMATE HIGH at launch, thins by 2027.",https://en.wikipedia.org/wiki/Call_of_Duty
EA-071,Crossplay: Marvel Rivals,marvel rivals crossplay,marvel rivals cross progression; marvel rivals pc console crossplay; marvel rivals crossplay off,informational,Friends on mixed platforms,Marvel Rivals,HIGH (ESTIMATE),per-patch,2–3 yrs,3,Game DB 'multiplayer' jsonb already stores onlinecoop/onlinemax etc. (FACT: Game model) — adding a crossplay flag makes /games/[slug] answer this directly,Shelf add (friends feature exists); account,"FAQ (per game, 300–500 words) generated from DB + editorial note",FACT (Steam charts): 90k concurrent on 27 Sep 2026. ESTIMATE HIGH.,https://store.steampowered.com/charts/mostplayed
EA-072,Crossplay: Programmatic: 'Does [game] have crossplay?' for every multiplayer title in the DB,does [game] have crossplay,[game] cross platform; [game] cross progression,informational,Friends on mixed platforms,Programmatic: 'Does [game] have crossplay?' for every multiplayer title in the DB,varies (LOW for long tail),per-patch,ongoing,4,Game DB 'multiplayer' jsonb already stores onlinecoop/onlinemax etc. (FACT: Game model) — adding a crossplay flag makes /games/[slug] answer this directly,Shelf add (friends feature exists); account,"FAQ (per game, 300–500 words) generated from DB + editorial note",HYPOTHESIS: the long tail (thousands of multiplayer games with 'onlinecoop'/'onlinemax' in the DB) has no dedicated page anywhere; competition is IGN/Game8 only for the top 100 titles. Requires a curated crossplay flag — data does not exist today (OBSERVATION).,https://www.ign.com/wikis/elden-ring-nightreign/Nightreign_Crossplay_Explained
EA-073,Cross-save matrix: which games carry saves across PC/PS5/Xbox/Switch 2,games with cross save,cross progression games list; xbox play anywhere list; ps5 pc cross save games; steam cloud to xbox,informational,Multi-platform owners (site tagline audience),cross-platform,MED (ESTIMATE),per-patch,3+ yrs,4,"Core to 'One Game Library for PC, PlayStation & Xbox' — the shelf shows a game on several platforms; cross-save flag per game is the missing datum",Shelf add; account,database page + per-game FAQ,ESTIMATE; Xbox Play Anywhere list is official; PS/Steam cross-save lists exist on PushSquare/PC Gamer but age fast. Reported (comicbook.com via WebSearch): Forza Horizon 6 has cross-save with Xbox and other platforms.,https://www.xbox.com/en-US/xbox-game-pass
EA-074,Forza Horizon 6: cross-save Xbox/PC/Steam and the PS5 version,forza horizon 6 cross save,fh6 steam xbox cross save; fh6 ps5 progress transfer; forza horizon 6 crossplay,informational,Racing fans,Forza Horizon 6,MED (ESTIMATE),per-release (PS5 launch),2–3 yrs,3,Game DB page child,"Reminder (PS5 release, date TBC); shelf add",FAQ,"FACT (Wikipedia): PS5 version later in 2026, date TBC — the PS5 launch will renew the cross-save question. Reported cross-save (comicbook.com). ESTIMATE MED.",https://en.wikipedia.org/wiki/Forza_Horizon_6
EA-075,Moving a Steam library to a new PC / new drive without redownloading,move steam games to another drive,transfer steam library new pc; steam backup and restore; steam local network transfer,how-to,PC upgraders,PC (Steam),MED (ESTIMATE),static,5+ yrs,3,Steam import is a TechPlay feature; the guide ends in 'import your library',Account (Steam import),how-to,ESTIMATE; Steam support + How-To Geek. Not searched.,https://store.steampowered.com/hwsurvey
EA-076,"Switch → Switch 2 transfer and save data (system transfer, cloud saves, upgrade packs)",switch to switch 2 transfer,switch 2 save data transfer; switch 2 cloud saves without online; switch 2 upgrade pack games,how-to,Switch upgraders,Nintendo Switch 2,MED (ESTIMATE),static,3+ yrs,3,Game DB: Nintendo store links exist (NintendoSync),Shelf add,how-to + per-game upgrade table,"FACT (nintendo.com): both Switch and Switch 2 cards insert in the slot. ESTIMATE competition: Nintendo support, Nintendo Life.",https://www.nintendo.com/us/gaming-systems/switch-2/tech-specs/
EA-077,Xbox → PC (Play Anywhere) and Game Pass cross-save explained,xbox play anywhere explained,play anywhere games list; game pass pc console cross save; xbox cloud saves pc,informational,Game Pass subscribers,Xbox / PC,MED (ESTIMATE),per-patch,3+ yrs,3,Game DB store links (xbox) + a Play Anywhere flag,Shelf add,explainer + list,ESTIMATE; Microsoft's own list ranks. Not searched.,https://www.xbox.com/en-US/xbox-game-pass
EA-078,Backloggd / HLTB / Steam CSV import: move your backlog to a new tracker,export howlongtobeat backlog,backloggd export; import steam library to tracker; game backlog tracker,how-to,Backlog trackers (TechPlay's direct acquisition audience),cross-platform,LOW (ESTIMATE),static,3+ yrs,2,"FACT (frontend CollectionGrid): TechPlay already accepts 'Import CSV (name,status,hours) — works with Backloggd/HLTB exports'",Account (highest-intent conversion in the whole set),how-to + tool landing page,OBSERVATION from repo: import feature exists but no public guide targets the query. HLTB home page could not be fetched (tool blocked). ESTIMATE LOW competition: Reddit threads only.,https://howlongtobeat.com/
EA-079,Availability: GTA 6 on PC (not announced),is gta 6 coming to pc,gta 6 pc release date; gta 6 pc requirements; gta 6 pc 2027,informational,Buyers deciding where to play,GTA 6 on PC (not announced),HIGH (ESTIMATE),per-release,1–3 yrs,5,Programmatic from game DB: platforms TEXT[] + game_store_links (steam/playstation/xbox/nintendo) already answer 'is it on X' for ~48k store links (FACT: README count),Shelf add (wishlist); reminder,database page section ('Where to play') + FAQ schema,"FACT (Wikipedia): 19 Nov 2026 on PS5/XS only; 'no Windows release scheduled as of September 2026'. TechPlay has a GTA 6 hub (121 vehicles etc.) — strongest internal-link asset. ESTIMATE HIGH but volume is enormous; a dated, honest 'not announced' page is what people want.",https://en.wikipedia.org/wiki/Grand_Theft_Auto_VI
EA-080,Availability: Marvel's Wolverine on PC / Xbox (PS5 exclusive),is wolverine coming to pc,marvel's wolverine pc release; wolverine xbox; wolverine ps5 pro,informational,Buyers deciding where to play,Marvel's Wolverine on PC / Xbox (PS5 exclusive),MED-HIGH (ESTIMATE),per-release,2–3 yrs,4,Programmatic from game DB: platforms TEXT[] + game_store_links (steam/playstation/xbox/nintendo) already answer 'is it on X' for ~48k store links (FACT: README count),Shelf add (wishlist); reminder,database page section ('Where to play') + FAQ schema,"FACT (Wikipedia): released 15 Sep 2026, PS5 exclusive, no PC announced; 1.9M sold in 3 days; supports PS5 Pro enhancements. TechPlay already covers it in news (live capture).",https://en.wikipedia.org/wiki/Marvel%27s_Wolverine
EA-081,Availability: Forza Horizon 6 on PS5,forza horizon 6 ps5 release date,is forza horizon 6 on ps5; fh6 playstation; fh6 game pass,informational,Buyers deciding where to play,Forza Horizon 6 on PS5,MED (ESTIMATE),per-release,2–3 yrs,3,Programmatic from game DB: platforms TEXT[] + game_store_links (steam/playstation/xbox/nintendo) already answer 'is it on X' for ~48k store links (FACT: README count),Shelf add (wishlist); reminder,database page section ('Where to play') + FAQ schema,"FACT (Wikipedia): PS5 'later in 2026', date TBC; day-one on Game Pass Ultimate/PC Game Pass.",https://en.wikipedia.org/wiki/Forza_Horizon_6
EA-082,Availability: Valheim on PS5 / Switch 2 / Xbox,is valheim on ps5,valheim switch 2; valheim console release; valheim xbox game pass,informational,Buyers deciding where to play,Valheim on PS5 / Switch 2 / Xbox,LOW-MED (ESTIMATE),static,2–3 yrs,3,Programmatic from game DB: platforms TEXT[] + game_store_links (steam/playstation/xbox/nintendo) already answer 'is it on X' for ~48k store links (FACT: README count),Shelf add (wishlist); reminder,database page section ('Where to play') + FAQ schema,"FACT (Wikipedia 2026 list): 9 Sep 2026 on NS2/PS5/XBO/XS. Fresh, so evergreen pages are still forming (ESTIMATE).",https://en.wikipedia.org/wiki/2026_in_video_games
EA-083,Availability: Helldivers 2 on Xbox,is helldivers 2 on xbox,helldivers 2 xbox game pass; helldivers 2 xbox release,informational,Buyers deciding where to play,Helldivers 2 on Xbox,MED (ESTIMATE),static,2–3 yrs,2,Programmatic from game DB: platforms TEXT[] + game_store_links (steam/playstation/xbox/nintendo) already answer 'is it on X' for ~48k store links (FACT: README count),Shelf add (wishlist); reminder,database page section ('Where to play') + FAQ schema,FACT (Wikipedia): Xbox Series X/S 26 Aug 2025.,https://en.wikipedia.org/wiki/Helldivers_2
EA-084,Availability: Death Stranding 2 on PC,death stranding 2 pc,death stranding 2 pc requirements; ds2 steam,informational,Buyers deciding where to play,Death Stranding 2 on PC,MED (ESTIMATE),static,2–3 yrs,3,Programmatic from game DB: platforms TEXT[] + game_store_links (steam/playstation/xbox/nintendo) already answer 'is it on X' for ~48k store links (FACT: README count),Shelf add (wishlist); reminder,database page section ('Where to play') + FAQ schema,FACT (Wikipedia 2026 list): Windows release 19 Mar 2026.,https://en.wikipedia.org/wiki/List_of_2026_video_games
EA-085,Availability: Programmatic: 'Is [game] on PC / PS5 / Xbox / Switch 2?' for all 333k games,is [game] on pc,is [game] on ps5; is [game] on switch 2; [game] platforms,informational,Buyers deciding where to play,Programmatic: 'Is [game] on PC / PS5 / Xbox / Switch 2?' for all 333k games,LOW (long tail) / HIGH (top titles),per-release,ongoing,4,Programmatic from game DB: platforms TEXT[] + game_store_links (steam/playstation/xbox/nintendo) already answer 'is it on X' for ~48k store links (FACT: README count),Shelf add (wishlist); reminder,database page section ('Where to play') + FAQ schema,"HYPOTHESIS: the games DB already has the data (platforms + store links); the gap is rendering an explicit Q&A block with FAQPage schema on /games/[slug]. FACT (README): only 1,967 of 295,023 indexed-able game pages carry anything TechPlay-original — availability Q&A is a cheap way to add original text at scale.",https://store.steampowered.com/hwsurvey
EA-086,System requirements: Call of Duty: Modern Warfare 4,modern warfare 4 system requirements,mw4 pc specs; mw4 minimum requirements; mw4 file size pc,informational,PC buyers checking their rig,Call of Duty: Modern Warfare 4,HIGH (ESTIMATE),per-release,1–2 yrs,5,FACT: /games/[slug] already renders a 'System requirements' panel from attributes (Minimum*/Video/Sound categories) — coverage UNKNOWN; adding a GPU-tier mapping ('your RTX 3060 = medium 1080p') is the differentiator,Shelf add; newsletter,database page + 'can I run it' tool,FACT: 23 Oct 2026 (Wikipedia). ESTIMATE HIGH at launch (publisher + all outlets).,https://en.wikipedia.org/wiki/Call_of_Duty
EA-087,System requirements: Battlefield 6,battlefield 6 system requirements,bf6 minimum specs; bf6 secure boot requirement; bf6 recommended gpu,informational,PC buyers checking their rig,Battlefield 6,HIGH (ESTIMATE),annual,3+ yrs,4,FACT: /games/[slug] already renders a 'System requirements' panel from attributes (Minimum*/Video/Sound categories) — coverage UNKNOWN; adding a GPU-tier mapping ('your RTX 3060 = medium 1080p') is the differentiator,Shelf add; newsletter,database page + 'can I run it' tool,FACT (Wikipedia): Secure Boot required (Javelin). A requirements page that includes the firmware requirement is the honest differentiator.,https://en.wikipedia.org/wiki/Battlefield_6
EA-088,System requirements: Resident Evil Requiem,resident evil requiem system requirements,requiem path tracing requirements; requiem pc specs 4k,informational,PC buyers checking their rig,Resident Evil Requiem,HIGH (ESTIMATE),annual,3+ yrs,3,FACT: /games/[slug] already renders a 'System requirements' panel from attributes (Minimum*/Video/Sound categories) — coverage UNKNOWN; adding a GPU-tier mapping ('your RTX 3060 = medium 1080p') is the differentiator,Shelf add; newsletter,database page + 'can I run it' tool,FACT: path tracing NVIDIA-only (Wikipedia).,https://en.wikipedia.org/wiki/Resident_Evil_Requiem
EA-089,System requirements: Forza Horizon 6,forza horizon 6 system requirements,fh6 pc specs; fh6 ray tracing requirements; fh6 ssd required,informational,PC buyers checking their rig,Forza Horizon 6,HIGH (ESTIMATE),annual,3+ yrs,3,FACT: /games/[slug] already renders a 'System requirements' panel from attributes (Minimum*/Video/Sound categories) — coverage UNKNOWN; adding a GPU-tier mapping ('your RTX 3060 = medium 1080p') is the differentiator,Shelf add; newsletter,database page + 'can I run it' tool,FACT: 19 May 2026 PC release (Wikipedia).,https://en.wikipedia.org/wiki/Forza_Horizon_6
EA-090,System requirements: Crimson Desert,crimson desert system requirements,crimson desert pc specs; crimson desert mac requirements,informational,PC buyers checking their rig,Crimson Desert,MED (ESTIMATE),annual,3+ yrs,3,FACT: /games/[slug] already renders a 'System requirements' panel from attributes (Minimum*/Video/Sound categories) — coverage UNKNOWN; adding a GPU-tier mapping ('your RTX 3060 = medium 1080p') is the differentiator,Shelf add; newsletter,database page + 'can I run it' tool,FACT: Win/OSX/PS5/XS 19 Mar 2026 (Wikipedia list). Mac inclusion is an unusual sub-query.,https://en.wikipedia.org/wiki/List_of_2026_video_games
EA-091,System requirements: Programmatic 'Can my PC run [game]?' across the games DB with a GPU/CPU tier picker,can I run [game],[game] system requirements; [game] minimum specs; [game] recommended specs,informational,PC buyers checking their rig,Programmatic 'Can my PC run [game]?' across the games DB with a GPU/CPU tier picker,"HIGH for top 500 (Can You Run It 19k games, PCGameBenchmark), LOW for the long tail",per-release,ongoing,5,FACT: /games/[slug] already renders a 'System requirements' panel from attributes (Minimum*/Video/Sound categories) — coverage UNKNOWN; adding a GPU-tier mapping ('your RTX 3060 = medium 1080p') is the differentiator,Shelf add; newsletter,database page + 'can I run it' tool,"FACT (systemrequirementslab.com): 'tracked over 19,000 of the latest PC game requirements' with a detection tool. TechPlay's 333k-game DB dwarfs that in breadth but requirements coverage is UNKNOWN — the first step is measuring how many games have Minimum* attributes.",https://www.systemrequirementslab.com/cyri
EA-092,Game Pass tiers explained 2026 (Essential / Premium / Ultimate / PC) and what leaves when,game pass tiers explained,game pass premium vs ultimate; pc game pass vs ultimate; game pass leaving soon; is game pass worth it 2026,commercial-informational,Subscribers and would-be subscribers,Xbox / PC,HIGH (ESTIMATE),per-patch (monthly adds/leaves),1–2 yrs per revision,4,Game DB: a per-game 'on Game Pass (tier)' flag does not exist (OBSERVATION) — needed for programmatic 'is X on Game Pass' pages,Newsletter (monthly catalog digest); shelf add,explainer + living table,"FACT (xbox.com): Essential 50+ games/5h cloud; Premium 200+ games, Xbox-published within 1 yr, 10h cloud; Ultimate 500+ games day one, EA Play/Fortnite Crew/Ubisoft+ Classics, 15h cloud; PC Game Pass 300+ games day one. Prices not rendered on page (UNVERIFIED). ESTIMATE HIGH: Xbox Wire, Windows Central, TrueAchievements.",https://www.xbox.com/en-US/xbox-game-pass
EA-093,PS Plus tiers explained (Essential $10.99 / Extra $16.99 / Premium $19.99) and catalog churn,ps plus extra vs premium,ps plus tiers explained; ps plus leaving soon; ps plus monthly games; is ps plus premium worth it,commercial-informational,PS5 owners,PS5,HIGH (ESTIMATE),per-patch (monthly),1–2 yrs per revision,4,Game DB: per-game 'on PS Plus Extra/Premium' flag needed (does not exist),Newsletter; shelf add,explainer + living table,"FACT (playstation.com): Premium $19.99/mo, $159.99/yr incl. Classics, trials, cloud streaming; Extra $16.99/mo incl. Game Catalog + Ubisoft+ Classics; Essential $10.99/mo monthly games only. ESTIMATE HIGH: Push Square/IGN.",https://www.playstation.com/en-us/ps-plus/
EA-094,Programmatic 'Is [game] on Game Pass?' / 'Is [game] on PS Plus?',is [game] on game pass,is [game] on ps plus extra; [game] game pass leaving; [game] ps plus,informational,Subscribers,Xbox / PS5,MED (top titles HIGH),per-patch,ongoing,4,Requires a catalog-membership sync (new data source; Xbox catalog page is JS-heavy — feasibility UNKNOWN),Shelf add ('play on Game Pass' badge); newsletter,database page section + FAQ schema,"OBSERVED (Bing RSS, degraded): 'is Hollow Knight Silksong on Game Pass' returned dictionary results — Bing bot-mode unusable; Google not observed. ESTIMATE: TrueAchievements/PureXbox answer top titles; long tail unanswered.",https://www.xbox.com/en-US/xbox-game-pass
EA-095,"Game Pass day-one 2026–27 calendar (MW4, Fable, Gears, etc.) with reminders",game pass day one games 2026,upcoming game pass games; game pass release calendar; xbox day one 2027,informational,Subscribers,Xbox / PC,HIGH (ESTIMATE),per-release,ongoing,4,Release calendar + reminders exist (FACT: /calendar with wishlist/reminder controls) — filter by 'day one on Game Pass',Reminder (best fit in set); newsletter,tool (calendar filter) + article,"FACT (Wikipedia FH6): FH6 was day-one on Ultimate/PC Game Pass; FACT (xbox.com): Premium excludes day-one, Ultimate includes it — a frequent confusion. Q4 2026 lineup UNVERIFIED beyond MW4 (which is Activision; Game Pass status UNKNOWN).",https://www.xbox.com/en-US/xbox-game-pass
EA-096,PS Plus monthly games and Extra additions tracker with 'add to backlog' buttons,ps plus games this month,ps plus october 2026; ps plus extra new games; ps plus leaving,informational,PS Plus members,PS5,HIGH (ESTIMATE),per-patch (monthly),ongoing,4,Shelf: one-click 'add month's games to backlog' — a feature no competitor list has (HYPOTHESIS),Shelf add; newsletter,monthly database page,"ESTIMATE HIGH (Push Square/IGN/PlayStation Blog). Differentiator is the shelf action, not the list.",https://www.playstation.com/en-us/ps-plus/
EA-097,GTA 6 release time by region + pre-load + file size (Nov 19 2026),gta 6 release time,gta 6 preload; gta 6 file size; gta 6 midnight release; what time does gta 6 unlock,informational,Everyone (biggest launch of the decade),GTA 6 (PS5/XS),HIGH (ESTIMATE),per-release,"0.5 yr peak, then archival",5,"GTA 6 hub exists (FACT: /gta6 with 121 vehicles, 36 weapons, 1,058 locations) + release reminder in calendar",Reminder; newsletter; shelf add (wishlist),tool (countdown by timezone) + article,FACT (Wikipedia): 19 Nov 2026 PS5/XS. Pre-load/file size UNKNOWN as of 27 Sep 2026. ESTIMATE HIGH but volume is the largest in this dataset; TechPlay's hub gives it a real shot at long-tail sub-queries.,https://en.wikipedia.org/wiki/Grand_Theft_Auto_VI
EA-098,"Modern Warfare 4 unlock time, pre-load, file size per platform (Oct 23 2026)",modern warfare 4 release time,mw4 preload; mw4 file size; mw4 early access campaign; mw4 switch 2 file size,informational,Shooter players,MW4,HIGH (ESTIMATE),per-release,0.5 yr,4,Calendar reminder; game DB page,Reminder,tool + article,FACT: 23 Oct 2026 (Wikipedia). Details UNKNOWN today. Basis: CoD launch-week queries are annual spikes.,https://en.wikipedia.org/wiki/Call_of_Duty
EA-099,"How Steam release times work (10am PT default, 'unlocks in approximately', regional unlock)",what time do steam games release,steam release time 10am pst; steam unlock in approximately; steam pre load how to,informational,PC buyers,PC (Steam),LOW-MED (ESTIMATE),static,5+ yrs,3,Calendar: show unlock time per release (data: release_precision field exists — FACT Game model),Reminder,explainer + calendar feature,ESTIMATE; answered mostly in Steam forums and Reddit. Not searched.,https://store.steampowered.com/charts/topselling/global
EA-100,"Pre-load explained per platform (Steam, PS5 auto-download, Xbox pre-install, Switch 2 key cards)",how to preload games ps5,xbox preload not working; steam preload; switch 2 pre order download; preload vs pre install,how-to,Console/PC buyers,cross-platform,MED (ESTIMATE),static,3+ yrs,3,Calendar reminders can carry 'pre-load opens' notices,Reminder,how-to,ESTIMATE; platform support pages + IGN. Not searched.,https://www.nintendo.com/us/gaming-systems/switch-2/tech-specs/
EA-101,Programmatic game file sizes ('how big is [game] on PS5/Xbox/PC/Switch 2'),[game] file size,[game] download size ps5; [game] install size pc; biggest ps5 games file size,informational,"Storage-constrained owners (PS5 825GB, Series S 512GB, Switch 2 256GB)",cross-platform,LOW (long tail) / MED (top),per-patch,ongoing,4,Game DB: no file-size field today (OBSERVATION); Steam store data exposes it — a sync could fill it for Steam titles,Shelf: storage planner (HYPOTHESIS),database page field + list pages,"FACT (nintendo.com): Switch 2 has 256GB and key cards download the game — file size matters more on NS2 than any platform. ESTIMATE competition: PlayStation Game Size (X account), Reddit.",https://www.nintendo.com/us/gaming-systems/switch-2/tech-specs/
EA-102,Biggest game install sizes 2026 (ranked) and how to manage storage per platform,biggest game file sizes,largest games by file size 2026; how many gb is call of duty; games over 100gb,informational,All,cross-platform,MED (ESTIMATE),annual,2–3 yrs,3,Derived list from the file-size field once it exists,Affiliate (SSD guides); newsletter,list + guide,ESTIMATE; GameRant/TheGamer listicles. Not searched.,https://www.playstation.com/en-us/ps5/ps5-pro/
EA-103,"Release calendar Q4 2026 with unlock times and reminders (MW4 Oct 23, GTA 6 Nov 19, FH6 PS5 TBC)",game release dates november 2026,october 2026 game releases; december 2026 games; upcoming ps5 games 2026,informational,All,cross-platform,HIGH (ESTIMATE),per-release,ongoing,4,FACT: /calendar exists with reminder + wishlist actions and SendReleaseReminders job,Reminder (direct),tool (calendar) + monthly article,"FACT dates: MW4 23 Oct 2026, GTA 6 19 Nov 2026 (Wikipedia). Wikipedia 2026 list fetch returned few Q4 entries (OBSERVATION: incomplete extraction) — full Q4 slate UNVERIFIED here. ESTIMATE HIGH: IGN/GamesRadar calendars.",https://en.wikipedia.org/wiki/Grand_Theft_Auto_VI
EA-104,Programmatic 'How long is [game]?' from IGDB time_to_beat (hastily/normally/completely),how long to beat [game],[game] length; [game] how many hours; [game] completionist time,informational,Backlog planners,all games,HIGH (HLTB owns the head; long tail LOW),annual,ongoing,4,"FACT (Game model + page.tsx): time_to_beat {hastily, normally, completely, count} is stored and rendered as 'Rushed / Normally / Completionist' — coverage UNKNOWN. Backlog Advisor (/backlog-advisor) is the natural consumer",Shelf add; Backlog Advisor session; account,database page section + FAQ schema,"HLTB could not be fetched (tool blocked). ESTIMATE: HLTB #1 for every 'how long to beat X'; GameRant/TheGamer second. TechPlay's angle: length inside the same page as requirements, platforms and shelf actions.",https://howlongtobeat.com/
EA-105,"Short games you can finish in a weekend (from time_to_beat < 8h, filter by platform/Game Pass)",best short games,games under 10 hours; short ps5 games; short games game pass; games to finish in one sitting,informational,Time-poor players,all games,MED (ESTIMATE),annual,3+ yrs,3,FACT: a TechPlay list 'Top 10 games you can finish in one sitting' already exists (live capture /lists/...); programmatic version from time_to_beat,Shelf add; newsletter,database list page,ESTIMATE; GameRant/Polygon listicles. Programmatic filters (platform × length × on-subscription) are the differentiator.,https://store.steampowered.com/charts/topselling/global
EA-106,Backlog Advisor: 'what should I play next' given hours available,what game should I play next,backlog advisor; pick a game from my backlog; games to play based on time,informational,Backlog owners,all games,LOW (ESTIMATE),static,3+ yrs,3,FACT: /backlog-advisor exists; time_to_beat + shelf statuses (backlog/playing/…) feed it,Account (tool needs a shelf); shelf add,tool landing page + explainer,ESTIMATE LOW: quizzes and Reddit threads; no authoritative tool ranks. HYPOTHESIS: an indexable tool landing page with example outputs can rank for long-tail 'what to play' phrasing.,https://howlongtobeat.com/
EA-107,Longest games ranked (100h+ RPGs) with 'add to backlog' and platform filters,longest games to beat,100 hour games; longest rpgs; games that take 200 hours,informational,RPG fans,all games,MED (ESTIMATE),annual,3+ yrs,2,Programmatic from time_to_beat.completely,Shelf add,database list page,ESTIMATE; HLTB + listicles.,https://howlongtobeat.com/
EA-108,"Worth it: PS5 Pro in 2026 (vs PS5, with GTA 6 coming)",is ps5 pro worth it 2026,ps5 pro vs ps5; ps5 pro gta 6; ps5 pro games list,commercial-informational,Buyers on the fence,"PS5 Pro in 2026 (vs PS5, with GTA 6 coming)",HIGH (ESTIMATE),annual,1 yr per revision,4,Hardware section (hardware items) / game DB page (games) with shelf actions,Affiliate (hardware); shelf add (games); newsletter,"explainer (dated, revised yearly)","FACT (playstation.com): PSSR, RT, 60/120Hz, 2TB. FACT: GTA 6 19 Nov 2026 console-only — the single strongest 2026 reason to ask. ESTIMATE HIGH (IGN/Digital Foundry/Tom's Guide).",https://www.playstation.com/en-us/ps5/ps5-pro/
EA-109,"Worth it: Steam Deck OLED in 2026 (vs Xbox Ally X, Legion Go 2, Steam Machine, waiting for Deck 2)",is steam deck worth it 2026,steam deck vs rog xbox ally x; steam deck 2 release date; steam deck oled 2026,commercial-informational,Buyers on the fence,"Steam Deck OLED in 2026 (vs Xbox Ally X, Legion Go 2, Steam Machine, waiting for Deck 2)",MED,annual,1 yr per revision,4,Hardware section (hardware items) / game DB page (games) with shelf actions,Affiliate (hardware); shelf add (games); newsletter,"explainer (dated, revised yearly)","OBSERVED Deck SERP is niche-specialist (GamingOnLinux, gg.deals, steamdeckhq). FACT (Wikipedia): Valve wants a 'generational leap' before Deck 2 (Nov 2025), LCD discontinued Dec 2025. ESTIMATE MED.",https://en.wikipedia.org/wiki/Steam_Deck
EA-110,Worth it: Switch 2 in 2026 (23M sold; MW4 on NS2 Oct 2026),is switch 2 worth it 2026,switch 2 vs steam deck; switch 2 games list 2026; switch 2 for adults,commercial-informational,Buyers on the fence,Switch 2 in 2026 (23M sold; MW4 on NS2 Oct 2026),HIGH (ESTIMATE),annual,1 yr per revision,4,Hardware section (hardware items) / game DB page (games) with shelf actions,Affiliate (hardware); shelf add (games); newsletter,"explainer (dated, revised yearly)","FACT (Wikipedia): 23M+ by June 2026, $449.99. FACT: MW4 on NS2 23 Oct 2026. ESTIMATE HIGH (Nintendo Life/IGN/The Verge).",https://en.wikipedia.org/wiki/Nintendo_Switch_2
EA-111,Worth it: RTX 3060 / 8GB GPUs in 2026 (the most common Steam card),is rtx 3060 still good 2026,rtx 3060 vs rtx 5060; 8gb vram 2026; should I upgrade from rtx 3060,commercial-informational,Buyers on the fence,RTX 3060 / 8GB GPUs in 2026 (the most common Steam card),MED (ESTIMATE),annual,1 yr per revision,3,Hardware section (hardware items) / game DB page (games) with shelf actions,Affiliate (hardware); shelf add (games); newsletter,"explainer (dated, revised yearly)","FACT (Steam survey Aug 2026): RTX 3060 #1 at 3.76%, 3050 #4, GTX 1650 #7. Nobody else writes for the median owner (HYPOTHESIS); Tom's/TechSpot write for upgraders.",https://store.steampowered.com/hwsurvey
EA-112,"Worth it: Game Pass Ultimate vs PS Plus Premium in 2026 (value per month, day-one policy)",game pass vs ps plus,game pass ultimate vs ps plus premium; which subscription is better xbox or ps5,commercial-informational,Buyers on the fence,"Game Pass Ultimate vs PS Plus Premium in 2026 (value per month, day-one policy)",HIGH (ESTIMATE),annual,1 yr per revision,3,Hardware section (hardware items) / game DB page (games) with shelf actions,Affiliate (hardware); shelf add (games); newsletter,"explainer (dated, revised yearly)",FACT (xbox.com/playstation.com tier pages fetched 27 Sep 2026). ESTIMATE HIGH (IGN/Tom's Guide/CNET).,https://www.playstation.com/en-us/ps-plus/
EA-113,Compare: RTX 5060 vs RX 9060 XT (8GB vs 16GB),rtx 5060 vs rx 9060 xt,5060 ti 16gb vs 9060 xt 16gb; best gpu under 400 2026,commercial-informational,Buyers choosing between two options,RTX 5060 vs RX 9060 XT (8GB vs 16GB),HIGH (ESTIMATE),annual,1–2 yrs,4,Hardware section comparison template (spec table + game-by-game FPS from own or cited benchmarks),Affiliate,comparison,FACT (Wikipedia): RTX 5060 $299 8GB (May 2025); RX 9060 XT $349 8/16GB (Jun 2025); 5060 Ti $379/$429. FACT (Steam survey): 5060 already #5 card. ESTIMATE HIGH (Tom's/TechSpot/HUB).,https://en.wikipedia.org/wiki/Radeon_RX_9000_series
EA-114,Compare: RTX 5070 vs RX 9070 / 9070 GRE (12GB question),rtx 5070 vs rx 9070,5070 12gb enough; 9070 gre vs 9070; rtx 5070 vs 5070 ti,commercial-informational,Buyers choosing between two options,RTX 5070 vs RX 9070 / 9070 GRE (12GB question),HIGH (ESTIMATE),annual,1–2 yrs,3,Hardware section comparison template (spec table + game-by-game FPS from own or cited benchmarks),Affiliate,comparison,FACT (Wikipedia): RTX 5070 $549 12GB; RX 9070 $549 16GB; RX 9070 GRE $549 12GB (1 Jun 2026). ESTIMATE HIGH.,https://en.wikipedia.org/wiki/Radeon_RX_9000_series
EA-115,"Compare: RX 9050 vs RTX 5050 (entry tier, Jul 2026 vs Jul 2025)",rx 9050 vs rtx 5050,best gpu under 300 2026; rtx 5050 review; rx 9050 8gb,commercial-informational,Buyers choosing between two options,"RX 9050 vs RTX 5050 (entry tier, Jul 2026 vs Jul 2025)",MED (ESTIMATE),annual,1–2 yrs,3,Hardware section comparison template (spec table + game-by-game FPS from own or cited benchmarks),Affiliate,comparison,FACT (Wikipedia): RX 9050 $279 4–8GB launched 28 Jul 2026; RTX 5050 $249 8GB 1 Jul 2025. New card = fresh comparison with less accumulated competition (ESTIMATE MED).,https://en.wikipedia.org/wiki/Radeon_RX_9000_series
EA-116,Compare: Steam Deck OLED vs ROG Xbox Ally X vs Legion Go 2 vs Switch 2,steam deck vs rog xbox ally x,legion go 2 vs rog ally x; switch 2 vs steam deck; best handheld 2026,commercial-informational,Buyers choosing between two options,Steam Deck OLED vs ROG Xbox Ally X vs Legion Go 2 vs Switch 2,MED (ESTIMATE),annual,1–2 yrs,4,Hardware section comparison template (spec table + game-by-game FPS from own or cited benchmarks),Affiliate,comparison,"FACTS (Wikipedia): Deck OLED 90Hz HDR, 3–15W; Ally X $999.99 24GB Z2 Extreme; Legion Go 2 Z2 Extreme Oct 2025; Switch 2 $449.99 1080p 120Hz VRR. ESTIMATE MED: Windows Central/XDA/YouTube.",https://en.wikipedia.org/wiki/ROG_Xbox_Ally
EA-117,"Compare: Steam Machine vs PS5 Pro vs Xbox Series X (living-room box, 2026)",steam machine vs ps5 pro,steam machine vs xbox series x; steam machine vs pc; is steam machine a console,commercial-informational,Buyers choosing between two options,"Steam Machine vs PS5 Pro vs Xbox Series X (living-room box, 2026)",MED (ESTIMATE),annual,1–2 yrs,3,Hardware section comparison template (spec table + game-by-game FPS from own or cited benchmarks),Affiliate,comparison,"FACT (Wikipedia): Steam Machine $1,049 (512GB), released 29 Jun 2026; PS5 Pro 2TB, PSSR. ESTIMATE MED: launch reviews exist; ongoing comparison thinner.",https://en.wikipedia.org/wiki/Steam_Machine
EA-118,Compare: PS5 Pro vs PS5 vs Xbox Series X for GTA 6 (Nov 2026),gta 6 ps5 pro vs ps5,gta 6 xbox series s performance; gta 6 60fps; gta 6 best console,commercial-informational,Buyers choosing between two options,PS5 Pro vs PS5 vs Xbox Series X for GTA 6 (Nov 2026),HIGH (ESTIMATE),annual,1–2 yrs,5,Hardware section comparison template (spec table + game-by-game FPS from own or cited benchmarks),Affiliate,comparison,FACT: GTA 6 19 Nov 2026 on PS5/XS (Wikipedia). Performance specifics UNKNOWN until launch; page should be built as a dated FAQ that updates on release. GTA 6 hub gives TechPlay internal authority.,https://en.wikipedia.org/wiki/Grand_Theft_Auto_VI
EA-119,Buying guide: Budget GPU under $300 / $400 (2026),best budget gpu 2026,best gpu under 300; best gpu under 400; best 1080p gpu 2026,commercial,Buyers,Budget GPU under $300 / $400 (2026),HIGH (ESTIMATE),annual,1 yr per revision,4,"Hardware section; FACT (live /hardware capture 27 Sep 2026): 67 articles, almost all general tech news (WhatsApp, Realme, AI energy) — the section's own metadata promises 'GPU, CPU & PC Component Reviews' with benchmarks that do not exist yet (OBSERVATION)",Affiliate (primary); newsletter,buying guide (picks + why + who should skip),"FACT price ladder (Wikipedia): RTX 5050 $249, RX 9050 $279, RTX 5060 $299, RX 9060 XT $349, 5060 Ti $379/$429. ESTIMATE HIGH (Tom's/PC Gamer/TechRadar).",https://en.wikipedia.org/wiki/GeForce_RTX_50_series
EA-120,"Buying guide: Gaming laptop under $1000 / $1500 (RTX 50 laptop, Ryzen AI)",best gaming laptop under 1000,best gaming laptop 2026; rtx 5060 laptop; gaming laptop vs desktop 2026,commercial,Buyers,"Gaming laptop under $1000 / $1500 (RTX 50 laptop, Ryzen AI)",HIGH (ESTIMATE),annual,1 yr per revision,4,"Hardware section; FACT (live /hardware capture 27 Sep 2026): 67 articles, almost all general tech news (WhatsApp, Realme, AI energy) — the section's own metadata promises 'GPU, CPU & PC Component Reviews' with benchmarks that do not exist yet (OBSERVATION)",Affiliate (primary); newsletter,buying guide (picks + why + who should skip),FACT (Steam survey): RTX 4060 Laptop is the #2 GPU on Steam — laptops are a huge share of the audience. ESTIMATE HIGH (Tom's/Notebookcheck/RTINGS).,https://store.steampowered.com/hwsurvey
EA-121,"Buying guide: Gaming monitor by use case (1440p 144Hz+, 4K 120Hz for PS5/Switch 2, OLED)",best gaming monitor 2026,best monitor for ps5 pro; best 1440p monitor; best oled gaming monitor; best budget 144hz monitor,commercial,Buyers,"Gaming monitor by use case (1440p 144Hz+, 4K 120Hz for PS5/Switch 2, OLED)",HIGH (ESTIMATE),annual,1 yr per revision,4,"Hardware section; FACT (live /hardware capture 27 Sep 2026): 67 articles, almost all general tech news (WhatsApp, Realme, AI energy) — the section's own metadata promises 'GPU, CPU & PC Component Reviews' with benchmarks that do not exist yet (OBSERVATION)",Affiliate (primary); newsletter,buying guide (picks + why + who should skip),FACT: PS5 Pro 60/120Hz; Switch 2 1440p120 docked — console-monitor angle is concrete. ESTIMATE HIGH (RTINGS/Tom's).,https://www.nintendo.com/us/gaming-systems/switch-2/tech-specs/
EA-122,"Buying guide: Gaming headset (wireless, multi-platform PS5/Xbox/PC/Switch 2)",best gaming headset 2026,best wireless gaming headset; best headset for ps5 and pc; best budget gaming headset,commercial,Buyers,"Gaming headset (wireless, multi-platform PS5/Xbox/PC/Switch 2)",HIGH (ESTIMATE),annual,1 yr per revision,3,"Hardware section; FACT (live /hardware capture 27 Sep 2026): 67 articles, almost all general tech news (WhatsApp, Realme, AI energy) — the section's own metadata promises 'GPU, CPU & PC Component Reviews' with benchmarks that do not exist yet (OBSERVATION)",Affiliate (primary); newsletter,buying guide (picks + why + who should skip),ESTIMATE HIGH (RTINGS/IGN/Tom's Guide). Not searched. Multi-platform compatibility angle matches site tagline.,https://www.xbox.com/en-US/community/for-everyone/accessibility
EA-123,"Buying guide: Controllers: best PC controller, Hall-effect sticks, pro controllers (DualSense Edge, Elite 2, Switch 2 Pro)",best pc controller 2026,hall effect controller; best controller for steam; dualsense edge vs xbox elite 2; 8bitdo ultimate 2,commercial,Buyers,"Controllers: best PC controller, Hall-effect sticks, pro controllers (DualSense Edge, Elite 2, Switch 2 Pro)",HIGH (ESTIMATE),annual,1 yr per revision,3,"Hardware section; FACT (live /hardware capture 27 Sep 2026): 67 articles, almost all general tech news (WhatsApp, Realme, AI energy) — the section's own metadata promises 'GPU, CPU & PC Component Reviews' with benchmarks that do not exist yet (OBSERVATION)",Affiliate (primary); newsletter,buying guide (picks + why + who should skip),ESTIMATE HIGH (IGN/Tom's Guide/PC Gamer). Drift-fix cluster feeds it.,https://www.xbox.com/en-US/community/for-everyone/accessibility
EA-124,Buying guide: microSD Express for Switch 2 and SSDs for Deck/Ally (handheld storage),best microsd express switch 2,microsd express 1tb; steam deck ssd upgrade 2230; rog ally ssd upgrade,commercial,Buyers,microSD Express for Switch 2 and SSDs for Deck/Ally (handheld storage),MED (ESTIMATE),annual,1 yr per revision,3,"Hardware section; FACT (live /hardware capture 27 Sep 2026): 67 articles, almost all general tech news (WhatsApp, Realme, AI energy) — the section's own metadata promises 'GPU, CPU & PC Component Reviews' with benchmarks that do not exist yet (OBSERVATION)",Affiliate (primary); newsletter,buying guide (picks + why + who should skip),"FACT (nintendo.com): Switch 2 accepts microSD Express only, up to 2TB; 256GB internal. Narrower product class than 'best SSD' → ESTIMATE MED.",https://www.nintendo.com/us/gaming-systems/switch-2/tech-specs/
EA-125,Buying guide: Prebuilt gaming PC vs building in 2026 (RTX 5060 Ti / RX 9070 tiers),prebuilt vs custom gaming pc 2026,best prebuilt gaming pc under 1500; is building a pc cheaper 2026,commercial,Buyers,Prebuilt gaming PC vs building in 2026 (RTX 5060 Ti / RX 9070 tiers),HIGH (ESTIMATE),annual,1 yr per revision,3,"Hardware section; FACT (live /hardware capture 27 Sep 2026): 67 articles, almost all general tech news (WhatsApp, Realme, AI energy) — the section's own metadata promises 'GPU, CPU & PC Component Reviews' with benchmarks that do not exist yet (OBSERVATION)",Affiliate (primary); newsletter,buying guide (picks + why + who should skip),"ESTIMATE HIGH (PC Gamer/Tom's). Steam Machine ($1,049) adds a new alternative (FACT Wikipedia).",https://en.wikipedia.org/wiki/Steam_Machine
EA-126,Is emulation legal? Clean-room emulators vs ROMs vs BIOS — what US case law says,is emulation legal,are emulators legal; is downloading roms illegal if you own the game; yuzu shutdown why,informational,"Retro players, students",cross-platform,MED (ESTIMATE),annual,5+ yrs,3,Games DB has retro entries (IGDB import) — a legal explainer can link to official re-releases instead of ROMs,Newsletter; shelf add (official re-releases),"explainer (legal, cited)","FACT (Wikipedia): clean-room emulators ruled legal (Sony v. Connectix 2000, Sony v. Bleem 2000); downloading/uploading ROMs 'considered a form of online piracy'; BIOS dump fair use if you own the console (Galoob v. Nintendo 1992); Yuzu settled with Nintendo and was removed. Nintendo's US IP FAQ URL returned 404 (OBSERVATION). ESTIMATE MED: How-To Geek/Wikipedia/law blogs.",https://en.wikipedia.org/wiki/Video_game_console_emulator
EA-127,"Legal ways to play old games in 2026: official re-releases, classics catalogs, GOG, Nintendo Switch Online, PS Plus Premium Classics",how to play old games legally,ps plus classics list; nintendo switch online games list; gog preservation program; where to buy retro games digitally,informational,Retro players,cross-platform,LOW-MED (ESTIMATE),per-patch (catalogs change),3+ yrs,3,"Programmatic: games DB series/year pages (/games/year/[y], /games/series/[s] exist — FACT routes) + store links show where a classic is legally sold",Shelf add; newsletter,guide + database filter,FACT (playstation.com): Premium tier includes 'Classics Catalog'. ESTIMATE competition: Push Square/Nintendo Life lists.,https://www.playstation.com/en-us/ps-plus/
EA-128,"Backward compatibility explained: PS4 on PS5, Xbox One/360/OG on Series, Switch on Switch 2",switch 2 backwards compatibility list,ps5 play ps4 games; xbox series x backwards compatibility list; switch 2 incompatible games,informational,Upgraders,all consoles,MED (ESTIMATE),per-patch,3+ yrs,3,Programmatic from platforms TEXT[] + a compatibility flag,Shelf add (import PS/Xbox library),database page + explainer,"FACT (nintendo.com): Switch 2 accepts Switch game cards. ESTIMATE competition: Nintendo support, Xbox's own list, Push Square.",https://www.nintendo.com/us/gaming-systems/switch-2/tech-specs/
EA-129,"Delisted games and preservation: what disappears, how to keep access (The Crew, Forza Horizon 4, store closures)",delisted games list,games being delisted 2026; can you still play delisted games; forza horizon 4 delisted,informational,Collectors,cross-platform,LOW-MED (ESTIMATE),per-patch,3+ yrs,2,"FACT (README): game_tombstones table (61,034 rows) records removed games — a unique dataset for a 'delisted' tracker (HYPOTHESIS: mostly dedupe tombstones, not store delistings — needs checking)",Newsletter,database page + explainer,ESTIMATE; Delisted Games (site) + Reddit. Not searched.,https://en.wikipedia.org/wiki/Video_game_console_emulator
EA-130,"Accessibility features database: per-game tags (subtitles, remap, colorblind, difficulty, motion)",[game] accessibility options,games with colorblind mode; games with full button remapping; accessibility settings [game],informational,Disabled players and their friends,all games,LOW-MED,per-release,3+ yrs,3,Game DB attribute set; Xbox's Accessible Games Initiative tags (Gameplay/Auditory/Visual/Input) are a ready taxonomy (FACT xbox.com),Shelf add; account,database page (filterable) + per-game section,"FACT (caniplaythat.com): 'For Disabled Gamers, By Disabled Gamers' — accessibility reviews of Wolverine, Control Resonant, EA FC 27, etc.; it is the specialist authority. ESTIMATE competition LOW-MED outside top titles. Programmatic coverage across 333k games is the differentiator.",https://caniplaythat.com/
EA-131,Xbox Adaptive Controller / Adaptive Joystick / PS Access controller: setup and which games support them,xbox adaptive controller setup,ps5 access controller games; adaptive joystick xbox; accessible controllers pc,how-to,"Disabled players, carers",Xbox / PS5 / PC,LOW-MED (ESTIMATE),annual,3+ yrs,2,Hardware section (accessibility sub-hub),Affiliate (accessible hardware); newsletter,guide,"FACT (xbox.com): Adaptive Controller, Adaptive Joystick, 3D-printable Thumbstick Toppers, Disability Answer Desk with ASL videophone. ESTIMATE competition: Microsoft docs + caniplaythat.",https://www.xbox.com/en-US/community/for-everyone/accessibility
EA-132,"Motion sickness in games: FOV, motion blur, head bob, camera settings that help",motion sickness gaming fix,fov motion sickness; games that cause motion sickness; disable motion blur; camera shake off,how-to,Players prone to sim sickness,cross-platform,LOW-MED (ESTIMATE),static,5+ yrs,3,Per-game settings guides link here; accessibility tags (Visual) in DB,Newsletter,explainer + per-game settings pointers,ESTIMATE; Reddit + a few outlets. Not searched. Basis: perennial complaint on every first-person launch.,https://caniplaythat.com/
EA-133,Colorblind modes explained (deuteranopia/protanopia/tritanopia) and games that do it well,best colorblind mode games,colorblind settings [game]; colorblind mode meaning; games with colorblind filters,informational,"Colorblind players (~8% of men — general knowledge, unverified here)",cross-platform,LOW (ESTIMATE),annual,5+ yrs,2,DB accessibility tags,Shelf add,explainer + list,ESTIMATE LOW; a few listicles. Prevalence figure not verified in this session (UNVERIFIED).,https://caniplaythat.com/
EA-134,Subtitle and UI scaling settings on Steam Deck/Switch 2 handheld screens,games with large text steam deck,switch 2 text too small; ui scaling games; subtitle size settings,how-to,"Handheld players, low-vision players",Steam Deck / Switch 2,LOW (ESTIMATE),annual,3+ yrs,2,FACT (steamdeck.com): Verified requires 'legible text' at 1280x800 — the Deck rating doubles as a legibility signal,Shelf add,guide + database filter,ESTIMATE LOW. Not searched.,https://www.steamdeck.com/en/verified
EB-001,Assassin's Creed games in order,assassin's creed games in order,how to play assassin's creed in order; assassin's creed chronological order; assassin's creed timeline,informational,"series newcomers, returning fans",Assassin's Creed,HIGH,per-release,long (refresh on each new entry),4,"series pages (/games/series/[s], series_key, GameSeries); games DB (333k titles) holds every entry incl. remasters; shelf 'add whole series'","shelf add (whole series), list, reminder for next entry",database page + guide,"Google SERP (WebSearch 27 Sep 2026): GamesRadar, Ubisoft News, Red Bull, Epic Store, GameRant, Escapist + Steam threads. Bing SERP: Tech Guided, IGN, Fiction Horizon, TrueAchievements, playinorder.net, Screen Rant. Big publishers dominate but small dedicated sites (playinorder.net, gametimeline.org) rank => a structured DB page can compete on Bing-like SERPs.",https://www.gamesradar.com/games/assassins-creed-games-in-order/
EB-002,Resident Evil games in chronological order,resident evil games in order,resident evil timeline; resident evil chronological order; which resident evil to play first,informational,series newcomers,Resident Evil,HIGH,per-release,long,4,"series pages (/games/series/[s], series_key, GameSeries); games DB (333k titles) holds every entry incl. remasters; shelf 'add whole series'","shelf add (whole series), list, reminder for next entry",database page + guide (timeline),"WebSearch: tubbz.com, Eneba hub, IMDb list, Popverse, Fandom wiki, Capcom portal, Steam threads. Mixed authority — an Eneba hub page and a small blog rank top-2, so SERP is beatable with structure.",https://www.eneba.com/hub/games/resident-evil-games-in-order/
EB-003,Final Fantasy: which one to play first / order,final fantasy games in order,which final fantasy should I play first; final fantasy connected games; final fantasy release order,informational,JRPG newcomers,Final Fantasy,HIGH,per-release,long,4,"series pages (/games/series/[s], series_key, GameSeries); games DB (333k titles) holds every entry incl. remasters; shelf 'add whole series'","shelf add (whole series), list, reminder for next entry",database page + FAQ,"WebSearch: Square Enix official guide, Popverse, Wikipedia, GameRant, Quora x2, gogemio.com, Steam threads. Publisher owns the answer; angle = 'which are connected' filter driven by series relations.",https://www.square-enix-games.com/en_US/news/final-fantasy-game-should-play-first
EB-004,Yakuza / Like a Dragon games in order,yakuza games in order,like a dragon games in order; how many yakuza games are there; where to start yakuza,informational,series newcomers,Yakuza / Like a Dragon,MED,per-release,long,4,"series pages (/games/series/[s], series_key, GameSeries); games DB (333k titles) holds every entry incl. remasters; shelf 'add whole series'","shelf add (whole series), list, reminder for next entry",database page + guide,"WebSearch: Dexerto, Crunchyroll, Fandom, Screen Rant, then 5 Steam/Goodreads community results — thin SERP below position 4.",https://www.dexerto.com/gaming/how-many-yakuza-games-are-there-2369321/
EB-005,Kingdom Hearts order to play / timeline,kingdom hearts games in order,kingdom hearts timeline; kingdom hearts order to play; kingdom hearts story explained,informational,series newcomers,Kingdom Hearts,MED,per-release,long,3,"series pages (/games/series/[s], series_key, GameSeries); games DB (333k titles) holds every entry incl. remasters; shelf 'add whole series'","shelf add (whole series), list, reminder for next entry",database page + explainer,"WebSearch: TheGamer x2, Pocket Tactics, Epic Store, vrykerion.com blog, 4 Steam threads. Only 5 editorial results.",https://www.thegamer.com/kingdom-hearts-games-order-play-best/
EB-006,Metal Gear Solid chronological order,metal gear solid games in order,metal gear timeline; metal gear chronological order; metal gear solid delta where in timeline,informational,series newcomers,Metal Gear,MED,per-release,long,3,"series pages (/games/series/[s], series_key, GameSeries); games DB (333k titles) holds every entry incl. remasters; shelf 'add whole series'","shelf add (whole series), list, reminder for next entry",database page + timeline,"WebSearch: IMDb list, Fandom, Popverse, GameRant, Green Man Gaming blog, Wikipedia template, Sportskeeda, Steam threads. Retailer blog ranking = beatable.",https://www.thepopverse.com/gaming-metal-gear-solid-how-to-play-release-order-chronological-order
EB-007,Zelda timeline explained,zelda timeline,zelda games in order; legend of zelda timeline explained; zelda chronological order,informational,"Nintendo fans, newcomers",The Legend of Zelda,HIGH,per-release,long,4,"series pages (/games/series/[s], series_key, GameSeries); games DB (333k titles) holds every entry incl. remasters; shelf 'add whole series'","shelf add (whole series), list, reminder for next entry",explainer + database page,"WebSearch: TheGamer, Digital Trends, Green Man Gaming, beyondvideogaming.com, GameRant, Fandom, narrativeatlas.studio, dadnology.com, G2A News. Retailer/small blogs rank => room.",https://www.thegamer.com/the-legend-of-zelda-timeline-explained-all-zelda-timeline-splits/
EB-008,Dark Souls / Soulsborne play order,dark souls games in order,which dark souls to play first; soulsborne order; souls games ranked by difficulty,informational,genre newcomers,Souls series,MED,per-release,long,3,"series pages (/games/series/[s], series_key, GameSeries); games DB (333k titles) holds every entry incl. remasters; shelf 'add whole series'","shelf add (whole series), list, reminder for next entry",guide + database page,"WebSearch: GameRevolution, TheGamer, YouTube, expertbeacon.com, 5 Steam threads. Weak SERP.",https://www.thegamer.com/best-order-play-soulsborne-games/
EB-009,Persona games order,persona games in order,do you need to play persona in order; persona 3 4 5 which first,informational,JRPG newcomers,Persona,LOW,per-release,long,3,"series pages (/games/series/[s], series_key, GameSeries); games DB (333k titles) holds every entry incl. remasters; shelf 'add whole series'","shelf add (whole series), list, reminder for next entry",FAQ + database page,"WebSearch: Prima Games, GameFAQs Q&A, GameRant, gameslearningsociety.org, 5 Steam threads. LOW competition — forum answers rank.",https://primagames.com/gaming/how-to-play-the-persona-games-in-order
EB-010,Call of Duty games in order,call of duty games in order,every call of duty game in release order; modern warfare timeline; black ops timeline,informational,FPS fans,Call of Duty,HIGH,per-release (annual),long,4,"series pages (/games/series/[s], series_key, GameSeries); games DB (333k titles) holds every entry incl. remasters; shelf 'add whole series'","shelf add (whole series), list, reminder for next entry",database page,"Bing SERP: TrueAchievements, Dot Esports, Tech Guided, esports.gg, IGN, GameSpot, Wikipedia. Annual entry (MW4 23 Oct 2026 per Wikipedia) forces yearly refresh.",https://en.wikipedia.org/wiki/Call_of_Duty_(video_game_series)
EB-011,God of War games in order,god of war games in order,god of war timeline; god of war chronological order; which god of war to play first,informational,series newcomers,God of War,MED,per-release,long,3,"series pages (/games/series/[s], series_key, GameSeries); games DB (333k titles) holds every entry incl. remasters; shelf 'add whole series'","shelf add (whole series), list, reminder for next entry",database page + guide,SERP not observed this session (search budget); ESTIMATE from cluster pattern — GameRant/TheGamer/IGN class of results expected.,UNVERIFIED (no SERP fetched)
EB-012,Halo games in order,halo games in order,halo timeline; halo chronological order; which halo to play first,informational,series newcomers,Halo,MED,per-release,long,3,"series pages (/games/series/[s], series_key, GameSeries); games DB (333k titles) holds every entry incl. remasters; shelf 'add whole series'","shelf add (whole series), list, reminder for next entry",database page + guide,"Bing SERP dominated by official (HaloWaypoint, Xbox, Halopedia, Wikipedia) and TV-series noise; no dedicated order guide in top 10 => gap.",https://www.bing.com/search?q=halo+games+in+order
EB-013,Fallout games in order,fallout games in order,fallout timeline; fallout chronological order; which fallout to play first,informational,series newcomers,Fallout,MED,per-release,long,3,"series pages (/games/series/[s], series_key, GameSeries); games DB (333k titles) holds every entry incl. remasters; shelf 'add whole series'","shelf add (whole series), list, reminder for next entry",database page + guide,"Bing SERP: Wikipedia franchise, Bethesda, TV-series pages, Fandom; no order guide in top 10 => gap on Bing.",https://www.bing.com/search?q=fallout+games+in+order
EB-014,Elder Scrolls games in order,elder scrolls games in order,the elder scrolls timeline; the elder scrolls chronological order; which the elder scrolls to play first,informational,series newcomers,The Elder Scrolls,MED,per-release,long,3,"series pages (/games/series/[s], series_key, GameSeries); games DB (333k titles) holds every entry incl. remasters; shelf 'add whole series'","shelf add (whole series), list, reminder for next entry",database page + guide,SERP not observed this session; ESTIMATE. TES VI still unreleased keeps query alive.,UNVERIFIED (no SERP fetched)
EB-015,Witcher games in order,witcher games in order,the witcher timeline; the witcher chronological order; which the witcher to play first,informational,series newcomers,The Witcher,MED,per-release,long,3,"series pages (/games/series/[s], series_key, GameSeries); games DB (333k titles) holds every entry incl. remasters; shelf 'add whole series'","shelf add (whole series), list, reminder for next entry",database page + guide,Bing SERP polluted by Netflix series/books; only thewitcher.com game pages. Witcher 4 (announced) will spike interest.,https://www.bing.com/search?q=witcher+games+in+order
EB-016,Mass Effect play order,mass effect games in order,mass effect timeline; mass effect chronological order; which mass effect to play first,informational,series newcomers,Mass Effect,LOW,per-release,long,2,"series pages (/games/series/[s], series_key, GameSeries); games DB (333k titles) holds every entry incl. remasters; shelf 'add whole series'","shelf add (whole series), list, reminder for next entry",database page + guide,"Bing misparsed 'mass' (Catholic Mass, Massachusetts). Google SERP not observed. Legendary Edition makes answer simple.",UNVERIFIED (no SERP fetched)
EB-017,Dragon Age games in order,dragon age games in order,dragon age timeline; dragon age chronological order; which dragon age to play first,informational,series newcomers,Dragon Age,LOW,per-release,long,2,"series pages (/games/series/[s], series_key, GameSeries); games DB (333k titles) holds every entry incl. remasters; shelf 'add whole series'","shelf add (whole series), list, reminder for next entry",database page + guide,SERP not observed; ESTIMATE. Series effectively dormant after Veilguard — lower traffic.,UNVERIFIED (no SERP fetched)
EB-018,Far Cry games in order,far cry games in order,far cry timeline; far cry chronological order; which far cry to play first,informational,series newcomers,Far Cry,LOW,per-release,long,2,"series pages (/games/series/[s], series_key, GameSeries); games DB (333k titles) holds every entry incl. remasters; shelf 'add whole series'","shelf add (whole series), list, reminder for next entry",database page + guide,SERP not observed; ESTIMATE. Loosely connected entries; format is a 'does order matter' FAQ.,UNVERIFIED (no SERP fetched)
EB-019,Battlefield games in order,battlefield games in order,battlefield timeline; battlefield chronological order; which battlefield to play first,informational,series newcomers,Battlefield,MED,per-release,long,3,"series pages (/games/series/[s], series_key, GameSeries); games DB (333k titles) holds every entry incl. remasters; shelf 'add whole series'","shelf add (whole series), list, reminder for next entry",database page + guide,"SERP not observed; BF6 (Oct 2025, 7M in 3 days per Wikipedia) renewed interest.",UNVERIFIED (no SERP fetched)
EB-020,GTA games in order,gta games in order,gta games in order timeline; gta games in order chronological order; which gta games in order to play first,informational,series newcomers,gta games in order,HIGH,per-release,long,4,"series pages (/games/series/[s], series_key, GameSeries); games DB (333k titles) holds every entry incl. remasters; shelf 'add whole series'","shelf add (whole series), list, reminder for next entry",database page + guide,SERP not observed; GTA 6 (19 Nov 2026 per Wikipedia) makes this a Q4-2026 spike topic. Coordinate with GTA 6 agent.,UNVERIFIED (no SERP fetched)
EB-021,Monster Hunter games in order,monster hunter games in order,monster hunter timeline; monster hunter chronological order; which monster hunter to play first,informational,series newcomers,Monster Hunter,LOW,per-release,long,2,"series pages (/games/series/[s], series_key, GameSeries); games DB (333k titles) holds every entry incl. remasters; shelf 'add whole series'","shelf add (whole series), list, reminder for next entry",database page + guide,SERP not observed; ESTIMATE. Wilds Switch 2 port 4 Dec 2026 (Wikipedia) adds a refresh hook.,UNVERIFIED (no SERP fetched)
EB-022,PROGRAMMATIC FAMILY: '<series> games in order' template,[series] games in order,[series] timeline; [series] chronological order; how many [series] games are there,informational,series newcomers,all series with >=3 indexable entries,MED (varies),per-release,long,5,"series pages (/games/series/[s], series_key, GameSeries) already ships sitemap-series.xml for series with games_count>=3 and described_count>=1 (GameSeries::scopeIndexable); add release-order + chronology + 'start here' blocks","shelf add whole series, follow series (reminder on next entry)",database page template,"FACT (repo): SitemapController::series() emits one URL per indexable series. 21 franchise SERPs above show retailer blogs (Eneba, G2A, GMG) and micro-sites (playinorder.net, gametimeline.org) ranking — structured data pages do rank for this family.",https://en.wikipedia.org/wiki/Assassin%27s_Creed
EB-023,WoW Midnight: Delves explained (solo gearing),wow delves explained,how do delves work wow; delve tiers midnight; solo gearing wow midnight,informational,returning/solo WoW players,World of Warcraft: Midnight,HIGH,per-season,medium (per expansion),3,WoW Analyzer (Blizzard API + Raider.IO) can read a character's gear and recommend a Delve tier,"WoW Analyzer run, account",explainer + tool hook,"FACT: Midnight live 2 Mar 2026 (Blizzard news, Wikipedia); MMORPG.com review names Delves as solo gearing path. Wowhead/Icy Veins own the SERP (Icy Veins 403 to fetch). Angle: analyzer-driven personal recommendation.",https://news.blizzard.com/en-us/article/24243639/world-of-warcraft-midnighttm-goes-live-march-2
EB-024,WoW Midnight: Player Housing explained,wow housing guide,wow midnight housing how to get a house; wow housing decor; player housing wow,informational,all WoW players,World of Warcraft: Midnight,HIGH,per-patch,medium,3,WoW Analyzer (Blizzard API + Raider.IO) + news coverage,"shelf add (playing), newsletter, account",explainer,OBSERVATION: MMORPG.com and Turbosmurfs reviews (WebSearch) list housing as headline Midnight feature. SERP not directly observed.,https://www.mmorpg.com/reviews/world-of-warcraft-midnight-review-a-second-golden-age-for-wow-2000137741
EB-025,WoW Midnight: Prey system explained,wow prey system explained,midnight prey system; wow prey rewards,informational,WoW players,World of Warcraft: Midnight,MED,per-patch,medium,2,WoW Analyzer (Blizzard API + Raider.IO),"shelf add (playing), newsletter, account",explainer,OBSERVATION: 'Prey system' named in MMORPG.com review; SERP not observed. New-system explainers have short competition windows.,https://www.mmorpg.com/reviews/world-of-warcraft-midnight-review-a-second-golden-age-for-wow-2000137741
EB-026,FFXIV free trial: what is included / limits,ffxiv free trial limits,ffxiv free trial level cap; ffxiv free trial restrictions; ffxiv free trial 2026,informational,MMO newcomers,Final Fantasy XIV,HIGH,per-release (expansion),long,4,games DB (333k titles) FFXIV page + shelves (7 statuses) + lists,"shelf add (backlog), newsletter",FAQ,"WebSearch: Lodestone blog, official starter guide, accountshark.net, 2 YouTube, trialsoffantasy.com, expcarry, eznpc, Steam thread. Gold-seller blogs rank => LOW-MED editorial quality, HIGH volume of pages. Trial to Lv70 per results.",https://starter-guide.finalfantasyxiv.com/en_US
EB-027,FFXIV Evercold: what we know (8.0),ffxiv evercold,ffxiv 8.0 release date; ffxiv evercold jobs; ffxiv new expansion 2027,informational/news,FFXIV players,Final Fantasy XIV,HIGH,per-release,medium (until Jan 2027 launch),3,release calendar (/calendar) + release reminders reminder for Jan 2027,"release reminder, newsletter",explainer (living),"FACT (Wikipedia fetch 27 Sep 2026): sixth expansion 'Evercold', January 2027, level cap 110, two new jobs incl. Bastion; Switch 2 version 4 Aug 2026.",https://en.wikipedia.org/wiki/Final_Fantasy_XIV
EB-028,Guild Wars 2: masteries & mounts explained for new players,guild wars 2 masteries explained,gw2 mounts how to get; gw2 mastery points; gw2 what to do at 80,informational,GW2 newcomers,Guild Wars 2,MED,per-release,long,2,games DB (333k titles) + shelves (7 statuses) + lists,"shelf add (playing), newsletter, account",guide,ESTIMATE: GW2 wiki dominates; Wikipedia fetch confirms Visions of Eternity (28 Oct 2025) and GW2 expansion pause pending Guild Wars 3 (June 2026) — fewer competing fresh guides.,https://en.wikipedia.org/wiki/Guild_Wars_2
EB-029,Diablo 4: Torment tiers and The Pit explained,diablo 4 torment tiers explained,diablo 4 pit tiers; how to unlock torment 4; diablo 4 difficulty explained,informational,returning D4 players each season,Diablo IV,HIGH,per-season,medium,3,games DB (333k titles) + release calendar (/calendar) + release reminders (season dates),"season reminder, shelf add",explainer,"WebSearch (tier list query): Icy Veins, Maxroll, fandomwire, mmoexp, koroboost, playhub, aoeah — HIGH. FACT: Lord of Hatred expansion 28 Apr 2026 (Wikipedia); Season 15 current per Icy Veins title.",https://www.icy-veins.com/d4/guides/class-tier-list/
EB-030,Path of Exile 2: skill gems & support gems explained,path of exile 2 support gems explained,poe2 skill gems how do they work; poe2 uncut gems; poe2 spirit explained,informational,ARPG newcomers,Path of Exile 2,HIGH,per-patch (1.0 on 11 Dec 2026),long after 1.0,3,games DB (333k titles) + release calendar (/calendar) + release reminders reminder for 1.0,"release reminder, shelf add",explainer,FACT (Wikipedia fetch): still early access; 1.0 set for 11 Dec 2026; 0.5.0 Return of the Ancients 29 May 2026. Maxroll/Mobalytics/poe2db expected to dominate (ESTIMATE).,https://en.wikipedia.org/wiki/Path_of_Exile_2
EB-031,Elden Ring: weapon scaling & upgrade levels explained,elden ring weapon scaling explained,elden ring scaling letters; elden ring smithing stone levels; elden ring somber vs regular,informational,new players,Elden Ring,HIGH,static,long,3,games DB (333k titles) + steam_achievements (~16k rows) + achievements import,"shelf add (playing), newsletter, account",explainer,"Bing SERP for build query returned only official/wiki navigational results (Fextralife, wiki.gg, Fandom) — wikis own mechanics. LOW upside unless tied to a tool.",https://www.bing.com/search?q=elden+ring+best+build+for+beginners
EB-032,Elden Ring Nightreign: expeditions & Nightfarers explained,elden ring nightreign explained,nightreign how does it work; nightreign nightfarers; nightreign forsaken hollows,informational,Elden Ring owners,Elden Ring Nightreign,HIGH,per-patch,medium,3,games DB (333k titles) + similar_games (IGDB list) + /games/{slug}/suggested,"shelf add (playing), newsletter, account",explainer,"FACT (Wikipedia): released 30 May 2025, 5M by July 2025; The Forsaken Hollows DLC 4 Dec 2025. WebSearch shows Fextralife, GameSpot, PC Gamer, nightreignwiki.com.",https://en.wikipedia.org/wiki/Elden_Ring_Nightreign
EB-033,Baldur's Gate 3: multiclassing explained,bg3 multiclass explained,baldur's gate 3 multiclassing guide; bg3 best multiclass; bg3 respec,informational,CRPG newcomers,Baldur's Gate 3,HIGH,static (patch 8 final),long,3,games DB (333k titles) + steam_achievements (~16k rows) + achievements import,"shelf add (playing), newsletter, account",explainer,Bing misparsed 'baldur's gate 3 best class' as Norse mythology — SERP not observed; Fextralife/Game8/GameRant expected (ESTIMATE HIGH).,UNVERIFIED (no SERP fetched)
EB-034,Helldivers 2: Warbonds & stratagems explained,helldivers 2 warbonds explained,helldivers 2 best warbond; helldivers 2 stratagems list; helldivers 2 super credits,informational,co-op shooter players,Helldivers 2,HIGH,per-patch (monthly warbonds),medium,3,games DB (333k titles) + shelves (7 statuses) + lists,"shelf add (playing), newsletter, account",explainer + list,FACT (Wikipedia): 20M+ sold by early 2026; level cap 300 (Aug 2026); Warhammer 40k Legendary Warbond 12 Aug 2026. Monthly warbond cadence = per-patch refresh.,https://en.wikipedia.org/wiki/Helldivers_2
EB-035,Marvel Rivals: ranks & competitive explained,marvel rivals ranks explained,marvel rivals rank distribution; marvel rivals competitive unlock level; marvel rivals rank reset,informational,hero-shooter players,Marvel Rivals,HIGH,per-season,medium,3,games DB (333k titles) + release calendar (/calendar) + release reminders (season dates),season reminder,explainer,FACT (Wikipedia): 50M+ players June 2026; Season 10 'Butcher's Blasphemy' 11 Sep 2026. Bing misparsed player-count query; SERP for ranks not observed.,https://en.wikipedia.org/wiki/Marvel_Rivals
EB-036,Fortnite: ranked mode explained,fortnite ranked explained,fortnite ranks in order; fortnite ranked reset; fortnite ranked rewards,informational,Fortnite players (younger),Fortnite,HIGH,per-season,medium,3,release calendar (/calendar) + release reminders (season end dates),season reminder,explainer,"FACT (WebSearch): Chapter 7 Season 4 'Override' 20 Aug–1 Nov 2026 (fortnite.gg, Epic help). Countdown micro-sites (ggseason.com, fortnite.gg) rank — a dated hub can too.",https://fortnite.gg/season-countdown
EB-037,Minecraft redstone basics,minecraft redstone guide,redstone for beginners; how does redstone work; redstone signal strength,informational,"younger players, parents",Minecraft,HIGH,static (per major update),very long,4,games DB (333k titles) Minecraft page,"newsletter, account",guide (visual),"WebSearch: Microsoft Learn, Minecraft Forum x2, minecraft.wiki, minecraft101.net, redstone.build, switchbladegaming.com, Goodreads. Two small sites rank => MED-HIGH.",https://minecraft.wiki/w/Tutorial:Redstone
EB-038,Minecraft enchanting guide,minecraft enchanting guide,best enchantments minecraft; how to get level 30 enchantments; minecraft enchantment table setup,informational,Minecraft players,Minecraft,HIGH,static,very long,4,games DB (333k titles),"shelf add (playing), newsletter, account",guide,Bing collapsed query to 'minecraft' (official/wiki) — SERP not observed. minecraft.wiki expected to own; ESTIMATE HIGH.,UNVERIFIED (no SERP fetched)
EB-039,Minecraft biomes explained,minecraft biomes list,all minecraft biomes; rarest biome minecraft; how to find [biome],informational,Minecraft players,Minecraft,HIGH,per-major-update,long,3,games DB (333k titles),"shelf add (playing), newsletter, account",database-style list,ESTIMATE: wiki-owned. Low priority.,UNVERIFIED (no SERP fetched)
EB-040,Roblox: how it works for parents / Robux explained,what is roblox how does it work,robux explained; roblox parental controls; is roblox safe for kids,informational,parents,Roblox,HIGH,per-release (policy changes),long,3,games DB (333k titles),newsletter,explainer/FAQ,ESTIMATE: Roblox corporate help + Common Sense Media dominate. Not core audience; low priority.,UNVERIFIED (no SERP fetched)
EB-041,Stardew Valley: marriage candidates & heart events,stardew valley marriage candidates,stardew valley best spouse; stardew heart events; stardew valley gifts guide,informational,cozy gamers,Stardew Valley,HIGH,static (1.6 final),very long,3,games DB (333k titles) + similar_games (IGDB list) + /games/{slug}/suggested,"shelf add (playing), newsletter, account",guide,"Bing collapsed to navigational (stardewvalleywiki.com, stardewvalley.net, Steam, stardewplan.com). Wiki owns mechanics — ESTIMATE HIGH.",https://stardewvalleywiki.com/
EB-042,Terraria: classes explained (melee/ranged/magic/summoner),terraria class guide,terraria best class; terraria class setups; terraria summoner guide,informational,Terraria players,Terraria,HIGH,static (1.4.5),very long,3,games DB (333k titles),"shelf add (playing), newsletter, account",guide,"Bing collapsed to navigational (terraria.wiki.gg, Steam, terraria.org). Wiki 'Class setups' page is canonical — ESTIMATE HIGH.",https://terraria.wiki.gg/
EB-043,Palworld: breeding & passives explained,palworld breeding guide,palworld breeding combos; palworld passive skills; palworld best pals,informational,survival-crafting players,Palworld,HIGH,per-patch,long,3,games DB (333k titles) + shelves (7 statuses) + lists,"shelf add (playing), newsletter, account",guide + tool (breeding calculator),"FACT (WebSearch): Palworld 1.0 released 10 Jul 2026; crossplay incl. PS5 at 1.0. palworld.tools, supercraft.host, Game8 class sites rank => HIGH. Calculator format needed to compete.",https://www.palworld.tools/guides/multiplayer-guide
EB-044,Monster Hunter Wilds: weapon types explained for beginners,monster hunter wilds best weapon for beginners,mh wilds weapon tier list; mh wilds all weapon types; monster hunter wilds which weapon,informational,MH newcomers,Monster Hunter Wilds,HIGH,per-patch (Title Updates),long,3,"games DB (333k titles) + series pages (/games/series/[s], series_key, GameSeries)","shelf add (playing), newsletter, account",guide,FACT (Wikipedia): 10M by Mar 2025; Switch 2 version 4 Dec 2026; 'Ascendance' expansion 2027. Game8/Fextralife expected (ESTIMATE HIGH). Switch 2 port = refresh hook for newcomers.,https://en.wikipedia.org/wiki/Monster_Hunter_Wilds
EB-045,Cyberpunk 2077: cyberware capacity & attributes explained (2.x),cyberpunk 2077 cyberware capacity explained,cyberpunk 2077 attributes explained; cyberpunk 2077 relic skills; cyberpunk 2.x perks,informational,returning players,Cyberpunk 2077,HIGH,static (2.x final),long,3,games DB (333k titles) + steam_achievements (~16k rows) + achievements import,"shelf add (playing), newsletter, account",explainer,"Bing SERP (build query): gamestegy, nukesdragons (build planner), alcasthq, technwz, blogspot, exitlag, earlyguides, Game8, cyberpunk2077.wiki — build-planner tools + mid-tier sites; no IGN/GameRant in top 10 => MED-HIGH, tool-format wins.",https://www.bing.com/search?q=cyberpunk+2077+best+build+2026
EB-046,"Witcher 3: alchemy, oils & signs explained",witcher 3 alchemy guide,witcher 3 oils explained; witcher 3 signs guide; witcher 3 mutations,informational,returning players (pre-Witcher 4),The Witcher 3,HIGH,static,very long,2,"games DB (333k titles) + series pages (/games/series/[s], series_key, GameSeries)","shelf add (playing), newsletter, account",explainer,ESTIMATE: Fandom/IGN wiki own. Witcher 4 announcement (thewitcher.com in Bing SERP) will revive series interest.,https://www.bing.com/search?q=witcher+games+in+order
EB-047,Skyrim: leveling & perks explained,skyrim leveling explained,skyrim how leveling works; skyrim legendary skills; skyrim best perks,informational,perennial new players,The Elder Scrolls V: Skyrim,HIGH,static,very long,3,"games DB (333k titles) + series pages (/games/series/[s], series_key, GameSeries)","shelf add (playing), newsletter, account",explainer,ESTIMATE: UESP + Fandom own; enormous perennial demand (15-year-old game still sells). Low priority for a small site.,UNVERIFIED (no SERP fetched)
EB-048,Red Dead Redemption 2: honor system explained,rdr2 honor system explained,rdr2 how to raise honor; rdr2 honor endings; rdr2 low honor vs high honor,informational,new/returning players,Red Dead Redemption 2,HIGH,static,very long,3,games DB (333k titles) + steam_achievements (~16k rows) + achievements import,"shelf add (playing), newsletter, account",explainer,ESTIMATE: GameRant/IGN/Fandom own. Perennial (Switch 2 / PS5 editions).,UNVERIFIED (no SERP fetched)
EB-049,"GTA Online: businesses explained (Acid Lab, Nightclub, Agency)",gta online best business to buy,gta online businesses explained; gta online nightclub guide; gta online acid lab,informational/commercial,GTA Online players,GTA Online,HIGH,per-patch (weekly events),long (until GTA 6 Online),4,"GTA 6 hub (121 vehicles, 36 weapons, 12 characters, 1,058 locations) + games DB (333k titles)","newsletter (weekly GTA Online digest), account",explainer + weekly update,"WebSearch (money query): Croma, 3x YouTube, gtaside.com, G2A News, timesaver.gg, TechTimes, Tom's Guide — mid-tier + YouTube; weekly 'Business Rivalries' event Sep 2026 cited. Weekly hook is a newsletter play.",https://gtaside.com/tips/gta5/quick-money/
EB-050,"Hollow Knight Silksong: crests, tools & silk skills explained",silksong crests explained,silksong tools guide; silksong silk skills; silksong best crest,informational,Metroidvania players,Hollow Knight: Silksong,HIGH,per-patch (Sea of Sorrow DLC 2026),long,3,games DB (333k titles) + steam_achievements (~16k rows) + achievements import + similar_games (IGDB list) + /games/{slug}/suggested,"shelf add (playing), newsletter, account",explainer,"FACT (Wikipedia): 5M players in 3 days, 7M by Dec 2025; free 'Sea of Sorrow' expansion scheduled 2026 (date not stated). WebSearch achievements SERP: Steam guides, Game8, Nintendo Life, TheGamer, TrueAchievements, GameRant, hollowknight.wiki.",https://en.wikipedia.org/wiki/Hollow_Knight:_Silksong
EB-051,"Clair Obscur Expedition 33: parry, dodge & Pictos explained",expedition 33 pictos explained,expedition 33 parry timing; expedition 33 luminas; expedition 33 best pictos,informational,JRPG players,Clair Obscur: Expedition 33,HIGH,static (free update pending),long,3,games DB (333k titles) + steam_achievements (~16k rows) + achievements import,"shelf add (playing), newsletter, account",explainer,FACT (Wikipedia): 8M by 24 Apr 2026; GOTY sweep (9 TGA wins); free update with new location/bosses announced. Bing misparsed HLTB query. Game8/Fextralife expected HIGH.,https://en.wikipedia.org/wiki/Clair_Obscur:_Expedition_33
EB-052,Kingdom Come: Deliverance 2 — combat & master strikes explained,kingdom come deliverance 2 combat guide,kcd2 master strike; kcd2 combat tips; kcd2 beginner tips,informational,RPG players,Kingdom Come: Deliverance II,MED,static (DLC done),long,2,games DB (333k titles) + steam_achievements (~16k rows) + achievements import,"shelf add (playing), newsletter, account",guide,FACT (Wikipedia): 6M by June 2026; Switch 2 version 2027; Royal Edition Nov 2025. SERP not observed; ESTIMATE MED.,https://en.wikipedia.org/wiki/Kingdom_Come:_Deliverance_II
EB-053,Death Stranding 2: mechanics explained (PC launch audience),death stranding 2 tips beginners,death stranding 2 pc; death stranding 2 how to get vehicles; death stranding 2 apas,informational,PC newcomers (Mar 2026 port),Death Stranding 2,MED,static,long,2,games DB (333k titles) + steam_achievements (~16k rows) + achievements import,"shelf add (playing), newsletter, account",guide,FACT (Wikipedia): PS5 26 Jun 2025; Windows 19 Mar 2026 (Nixxes). SERP not observed; ESTIMATE MED.,https://en.wikipedia.org/wiki/Death_Stranding_2:_On_the_Beach
EB-054,Ghost of Yotei: Legends co-op mode explained,ghost of yotei legends,ghost of yotei legends how to play; ghost of yotei co-op; ghost of yotei legends classes,informational,PS5 players,Ghost of Yotei,MED,per-patch,medium,2,games DB (333k titles) + steam_achievements (~16k rows) + achievements import,"shelf add (playing), newsletter, account",explainer,FACT (Wikipedia): released 2 Oct 2025 PS5-only; Legends free update 10 Mar 2026 (up to 4 players); PC port cancelled Mar 2026. SERP not observed.,https://en.wikipedia.org/wiki/Ghost_of_Y%C5%8Dtei
EB-055,Battlefield 6: classes & Portal explained,battlefield 6 classes explained,battlefield 6 best class; battlefield 6 portal; battlefield 6 season 4,informational,FPS players,Battlefield 6,HIGH,per-season,medium,3,games DB (333k titles) + release calendar (/calendar) + release reminders,season reminder,explainer,FACT (Wikipedia): released 10 Oct 2025; 7M in 3 days; Seasons 1–4 dated (S4 21 Jul 2026). Bing crossplay SERP only showed navigational EA/Steam pages.,https://en.wikipedia.org/wiki/Battlefield_6
EB-056,Call of Duty: Modern Warfare 4 (2026) — what we know / launch guide,modern warfare 4 release date,mw4 beta; modern warfare 4 campaign; call of duty 2026,informational/news,CoD players,Call of Duty: Modern Warfare 4,HIGH,per-release,short-medium,3,release calendar (/calendar) + release reminders reminder for 23 Oct 2026,release reminder,explainer (living),"FACT (Wikipedia): MW4 scheduled 23 Oct 2026 (Infinity Ward); Switch 2 version mentioned in GamesRadar results. Hard SERP (Charlie Intel, Dexerto).",https://en.wikipedia.org/wiki/Call_of_Duty_(video_game_series)
EB-057,EA FC 27: Ultimate Team basics / new features,ea fc 27 new features,ea fc 27 ultimate team guide; fc 27 best young players; fc 27 web app,informational,football-game players,EA Sports FC 27,HIGH,per-release (annual),short (1 year),3,games DB (333k titles) + shelves (7 statuses) + lists,shelf add,guide,FACT (Wikipedia): released 25 Sep 2026 on 7 platforms incl. Switch 2. Annual reset; FUTBIN/EA own SERP (ESTIMATE HIGH).,https://en.wikipedia.org/wiki/EA_Sports_FC_27
EB-058,Switch 2 launch titles & GameChat explained,switch 2 launch games,switch 2 gamechat; switch 2 game key card explained; mario kart world tips,informational,Nintendo buyers,Nintendo Switch 2,HIGH,per-release,long,3,games DB (333k titles) platform pages (/games/platform/[p]),"shelf add, wishlist",database page + explainer,"FACT (Wikipedia): launched 5 Jun 2025; 23.68M by 30 Jun 2026; Mario Kart World 15.39M. WebSearch: GamesRadar, Wikipedia x2, GameLuster, Nintendo Life, Nintendo x2, webnetic.sk, Geeks+Gamers.",https://en.wikipedia.org/wiki/Nintendo_Switch_2
EB-059,Is WoW worth playing in 2026?,is wow worth playing in 2026,is wow worth it 2026; should I come back to wow midnight; wow midnight review,informational/commercial,lapsed WoW players,World of Warcraft: Midnight,MED,per-season,medium (year),4,"WoW Analyzer (Blizzard API + Raider.IO) — run your character, get a personal 'is it worth returning' verdict","WoW Analyzer run, account, newsletter",explainer + tool,"WebSearch: YouTube, Blizzard forums, MMORPG.com review, Wikipedia, turbosmurfs.gg, gamingpromax.com, 3x Sportskeeda. Boosting-site blogs rank => MED. Year-in-title query, refresh annually.",https://www.mmorpg.com/reviews/world-of-warcraft-midnight-review-a-second-golden-age-for-wow-2000137741
EB-060,Best MMO to play in 2026,best mmo 2026,best mmorpg 2026; best free mmo 2026; new mmos 2026,commercial,MMO shoppers,MMO genre,MED,per-release (annual),medium,4,games DB (333k titles) genre page (/games/genre/mmo) + shelves (7 statuses) + lists,"shelf add, list",list + comparison,"WebSearch: Medium post, MMORPG.com, Wikipedia x2 (Pearl Abyss, Runeterra MMO), Eneba, lootandgrind.com, PC Gamer, YouTube, TechRadar. A Medium post ranking #1 => beatable. Runeterra MMO / Guild Wars 3 (announced June 2026 per Wikipedia) keep it fresh.",https://www.pcgamer.com/the-best-mmos/
EB-061,How to get into FFXIV in 2026,how to get into ffxiv,ffxiv beginner guide 2026; ffxiv where to start; is ffxiv worth playing 2026,informational,MMO newcomers,Final Fantasy XIV,MED,per-release,long,3,games DB (333k titles) + shelves (7 statuses) + lists,shelf add (backlog),guide,"WebSearch: Lodestone blog, official starter guide, then RMT/boost blogs (accountshark, expcarry, eznpc) and YouTube — weak editorial competition.",https://na.finalfantasyxiv.com/lodestone/character/25180863/blog/5699362/
EB-062,Guild Wars 2 vs WoW,guild wars 2 vs wow,gw2 or wow 2026; guild wars 2 vs world of warcraft; wow vs ffxiv vs gw2,commercial,MMO choosers,GW2 / WoW,LOW,per-release,long,3,games DB (333k titles) compare + WoW Analyzer (Blizzard API + Raider.IO),"shelf add, account",comparison,"WebSearch: TheGamer, Quora, 5 Steam threads, Substack, Goodreads — LOW competition (only one editorial result).",https://www.thegamer.com/guild-wars-2-vs-world-of-warcraft-which-is-better/
EB-063,WoW Mythic+ tier list (current season),mythic plus tier list,m+ tier list midnight season 2; best m+ dps midnight; best tank mythic plus,informational,M+ players,World of Warcraft: Midnight,HIGH,per-patch,short (per season),3,WoW Analyzer (Blizzard API + Raider.IO) reads Raider.IO — could show tier list next to the user's own spec,WoW Analyzer run,tool + explainer,"WebSearch: Archon, Icy Veins, Method, wow.gg x2, aoeah, boostmatch, ssegold. Data-driven sites (Archon/Warcraft Logs) own it. Titles reference Season 2 / patch 12.1 — OBSERVATION only (Icy Veins 403).",https://www.archon.gg/wow/tier-list/dps-rankings/mythic-plus/10/windrunner-spire/this-week
EB-064,What is a good Raider.IO score?,what is a good raider io score,raider io score colors; raider io score explained; how is mythic plus score calculated,informational,M+ players,World of Warcraft,MED,per-season,long,3,WoW Analyzer (Blizzard API + Raider.IO) already calls Raider.IO — natural 'your score vs population' widget,"WoW Analyzer run, account",explainer + tool,"WebSearch: CurseForge, Wago, Raider.IO support KB x4, Wowhead news, Semrush. Official KB answers percentile tiers (Common 0–40, Uncommon 40–75, Superior 75–90, Legendary 90–100). No editorial site owns the 'is X good' framing.",https://support.raider.io/kb/raider-dot-io-mythic-plus-addon/what-are-the-different-colors-that-correspond-to-rating-for-raider-dot-io
EB-065,Best WoW addons 2026,best wow addons 2026,wow addons midnight; essential wow addons; wow addon manager,informational,WoW players,World of Warcraft,HIGH,per-patch,long (annual refresh),3,WoW Analyzer (Blizzard API + Raider.IO),newsletter,list,Bing collapsed to 'best' (dictionaries) — SERP not observed. Wowhead/Icy Veins/CurseForge expected (ESTIMATE HIGH).,UNVERIFIED (no SERP fetched)
EB-066,WoW server populations / best realm to join,wow most populated servers,wow server population 2026; best wow realm to join; wow realm pop,informational,new/returning WoW players,World of Warcraft,MED,per-season,long,3,WoW Analyzer (Blizzard API + Raider.IO) (Blizzard API realm data),WoW Analyzer run,tool (live data page),"Bing SERP navigational (Blizzard, WOW! internet ISP, Wowhead, forums) — no realm-pop guide surfaced. Realmpop/wowprogress-style tool would be the format (ESTIMATE MED).",https://www.bing.com/search?q=wow+server+population+2026+most+populated+realms
EB-067,Best class for beginners in WoW Midnight,best class for beginners wow,wow easiest class; wow midnight best class new player; wow which class to play,informational,new WoW players,World of Warcraft: Midnight,HIGH,per-patch,medium,3,WoW Analyzer (Blizzard API + Raider.IO),"WoW Analyzer run, account",guide,ESTIMATE: Wowhead/Icy Veins/Method own. Sportskeeda result on 'new player experience commitment' shows editorial interest.,https://www.sportskeeda.com/mmo/wow-vows-long-term-commitment-improving-new-player-experience-midnight-last-titan-and-beyond
EB-068,WoW Midnight vs Classic: which to play,wow retail or classic,wow classic vs retail 2026; should I play classic or midnight; wow classic servers 2026,commercial,returning players,World of Warcraft,MED,per-season,medium,3,WoW Analyzer (Blizzard API + Raider.IO),WoW Analyzer run,comparison,"ESTIMATE: forum-heavy SERP (Blizzard forums, Reddit) typical for 'vs' MMO queries (see GW2 vs WoW result).",UNVERIFIED (no SERP fetched)
EB-069,Guild Wars 3: everything we know,guild wars 3 release date,guild wars 3 announcement; gw3 beta; guild wars 3 platforms,informational/news,GW fans,Guild Wars 3,MED,per-release,medium (until launch),3,release calendar (/calendar) + release reminders + games DB (333k titles),"release reminder, newsletter",explainer (living),FACT (Wikipedia GW2 fetch): Guild Wars 3 announced June 2026; GW2 expansion development paused. Fresh topic with few settled pages.,https://en.wikipedia.org/wiki/Guild_Wars_2
EB-070,The Last Titan (WoW 2027): what we know,wow the last titan,last titan release date; worldsoul saga; wow next expansion,informational/news,WoW players,World of Warcraft,HIGH,per-release,medium,3,release calendar (/calendar) + release reminders + WoW Analyzer (Blizzard API + Raider.IO),release reminder,explainer (living),FACT (Warcraft Wiki fetch): successor listed as The Last Titan (2027). Wowhead will dominate; low differentiation.,https://warcraft.wiki.gg/wiki/World_of_Warcraft:_Midnight
EB-071,Elden Ring best build for beginners,elden ring best build for beginners,elden ring easiest build; elden ring best starting class; elden ring op build,informational,new players,Elden Ring,HIGH,static,very long,4,games DB (333k titles) + steam_achievements (~16k rows) + achievements import,"shelf add (playing), newsletter, account",guide,"Bing returned navigational only (Fextralife, wiki.gg, Fandom, Bandai). Fextralife/Game8/GameRant own on Google (ESTIMATE HIGH).",https://www.bing.com/search?q=elden+ring+best+build+for+beginners
EB-072,Diablo 4 class tier list (Season 15),diablo 4 tier list,diablo 4 best class season 15; d4 best build; diablo 4 warlock build,informational,seasonal D4 players,Diablo IV,HIGH,per-season,short,3,games DB (333k titles) + release calendar (/calendar) + release reminders,season reminder,list (per-season),"WebSearch: Icy Veins (S15, updated 14 Sep 2026), fandomwire, Maxroll, sequelgame, koroboost, 2x mmoexp, playhub, aoeah. Warlock top per results. HIGH and per-season churn — low ROI for TechPlay.",https://www.icy-veins.com/d4/guides/class-tier-list/
EB-073,Path of Exile 2 best class for beginners,path of exile 2 best class for beginners,poe2 easiest class; poe2 best starter build; poe2 class tier list,informational,ARPG newcomers,Path of Exile 2,HIGH,per-patch,medium (1.0 reset Dec 2026),3,games DB (333k titles) + release calendar (/calendar) + release reminders,release reminder (1.0),guide,"WebSearch: PCGamesN, Eneba, gametypes.co.uk, playhub, ingamenews, skycoach, switchbladegaming, boostroom, Steam thread. Many low-authority sites rank => MED-HIGH.",https://www.pcgamesn.com/path-of-exile-2/classes-best
EB-074,Baldur's Gate 3 best class for beginners,baldur's gate 3 best class for beginners,bg3 easiest class; bg3 best class; bg3 best companions,informational,CRPG newcomers,Baldur's Gate 3,HIGH,static,very long,4,games DB (333k titles) + steam_achievements (~16k rows) + achievements import + similar_games (IGDB list) + /games/{slug}/suggested,"shelf add (playing), newsletter, account",guide,"Bing misparsed query. Google SERP not observed. ESTIMATE HIGH (Fextralife, Game8, GameRant, IGN).",UNVERIFIED (no SERP fetched)
EB-075,Cyberpunk 2077 best builds (2.x),cyberpunk 2077 best build,cyberpunk 2077 netrunner build; cyberpunk 2077 sandevistan build; cyberpunk 2077 build planner,informational,returning players,Cyberpunk 2077,MED-HIGH,static,long,3,games DB (333k titles) + steam_achievements (~16k rows) + achievements import,"shelf add (playing), newsletter, account",guide + planner tool,"Bing SERP: gamestegy, nukesdragons (planner), alcasthq, technwz, blogspot, exitlag, earlyguides, Game8, cyberpunk2077.wiki. Mid-tier sites and tools; no big-media in top 10.",https://www.bing.com/search?q=cyberpunk+2077+best+build+2026
EB-076,Skyrim best builds,skyrim best build,skyrim stealth archer build; skyrim mage build; skyrim best race,informational,perennial players,Skyrim,HIGH,static,very long,3,games DB (333k titles),"shelf add (playing), newsletter, account",guide,"ESTIMATE: GameRant/TheGamer own; huge volume, low win probability.",UNVERIFIED (no SERP fetched)
EB-077,Monster Hunter Wilds weapon tier list,monster hunter wilds weapon tier list,mh wilds best weapon; mh wilds weapon ranking; mh wilds beginner weapon,informational,MH players,Monster Hunter Wilds,HIGH,per-patch,medium,3,games DB (333k titles),"shelf add (playing), newsletter, account",list,"ESTIMATE HIGH (Game8, Fextralife, GameRant). Switch 2 port Dec 2026 = refresh hook.",https://en.wikipedia.org/wiki/Monster_Hunter_Wilds
EB-078,Nightreign best Nightfarer / tier list,nightreign best character,nightreign nightfarer tier list; nightreign best class for beginners; nightreign undertaker scholar,informational,Nightreign players,Elden Ring Nightreign,HIGH,per-patch,medium,2,games DB (333k titles),"shelf add (playing), newsletter, account",list,FACT (Wikipedia): Undertaker and Scholar added 4 Dec 2025. Fextralife/nightreignwiki.com in WebSearch results.,https://eldenringnightreign.wiki.fextralife.com/Multiplayer_Coop_and_Online
EB-079,Marvel Rivals hero tier list (Season 10),marvel rivals tier list,marvel rivals best heroes season 10; marvel rivals meta; marvel rivals best duelist,informational,hero-shooter players,Marvel Rivals,HIGH,per-season,short,3,games DB (333k titles) + release calendar (/calendar) + release reminders,season reminder,list (per-season),ESTIMATE HIGH: rivalsmeta/tracker/Game8 own. Per-season churn — low ROI.,https://en.wikipedia.org/wiki/Marvel_Rivals
EB-080,Pokémon Champions tier list / meta,pokemon champions tier list,pokemon champions best pokemon; pokemon champions meta; pokemon champions best team,informational,competitive Pokémon players,Pokémon Champions,HIGH,per-patch,medium,3,games DB (333k titles) + release calendar (/calendar) + release reminders,newsletter,list,"Bing SERP: Game8, OP.GG, pokemon-zone, pokechamps, pokechamp.gg, metavgc, simbozz, champdex, suckerpunch.gg, stratadex — 10 dedicated stat sites, none big-media. HIGH via specialists; TechPlay has no usage data.",https://www.bing.com/search?q=pokemon+champions+tier+list
EB-081,PROGRAMMATIC FAMILY: 'best class for beginners in <game>',[game] best class for beginners,[game] easiest class; [game] which class should I play; [game] class tier list,informational,newcomers to any class-based game,class-based RPGs/ARPGs/MMOs,HIGH (varies),per-patch,medium,4,games DB (333k titles) tags + similar_games (IGDB list) + /games/{slug}/suggested + Backlog Advisor (/backlog-advisor) (mood/genre),"shelf add, account",guide template,"SERPs observed for PoE2, D4, MH Wilds classes show many low-authority sites ranking; template only viable where TechPlay has a tool angle (WoW) or review authority.",https://www.pcgamesn.com/path-of-exile-2/classes-best
EB-082,How long to platinum Elden Ring / trophy guide,elden ring platinum trophy guide,how long to platinum elden ring; elden ring missable trophies; elden ring trophy difficulty,informational,trophy hunters,Elden Ring,HIGH,static,very long,3,steam_achievements (~16k rows) + achievements import; user_achievements; shelf status 'completed' when all achievements synced,"account (link Steam/PSN/Xbox), shelf status completed, list",guide + database page (per-achievement rarity),"WebSearch: PlayStationTrophies x2, PowerPyx, PSNProfiles, gameguide.guide, damnmodz, metagame.guide, Tom's Guide, Steam. Specialist trophy sites own; 4 missable trophies, 60–120h, 6–7/10 per results.",https://www.powerpyx.com/elden-ring-trophy-guide-roadmap/
EB-083,Baldur's Gate 3 missable achievements,bg3 missable achievements,baldur's gate 3 achievement guide; bg3 trophy roadmap; bg3 hardest achievements,informational,completionists,Baldur's Gate 3,HIGH,static,very long,3,steam_achievements (~16k rows) + achievements import; user_achievements; shelf status 'completed' when all achievements synced,"account (link Steam/PSN/Xbox), shelf status completed, list",guide + database page,"WebSearch: XboxAchievements, TrueAchievements, Fextralife, Steam guide, Wikipedia x2, games.gg, 2x YouTube. Specialist sites + wikis => HIGH.",https://www.trueachievements.com/game/Baldurs-Gate-III/achievements
EB-084,Easiest platinum trophies PS5 (2026),easiest platinum trophies ps5,easy platinums 2026; quick platinum games; free easy platinum ps5,informational/commercial,trophy hunters,PlayStation 5,MED,per-release (monthly),long (rolling),4,steam_achievements (~16k rows) + achievements import can compute rarity/time-to-complete across imported games; shelves (7 statuses) + lists 'completed' data,"account (link Steam/PSN/Xbox), shelf status completed, list",list (rolling) + database filter,"WebSearch: military.com(!), GameRant, Screen Rant, Facebook, PlatPrices x2, YouTube, thetechloft.com, Yahoo. Odd SERP (military.com syndication) => MED and beatable with a data-driven filter page.",https://platprices.com/quick-and-easy-platinum-trophies
EB-085,Silksong achievements / trophy guide,silksong achievements,hollow knight silksong all achievements; silksong missable achievements; silksong 100% guide,informational,completionists,Hollow Knight: Silksong,HIGH,per-patch (DLC),long,3,steam_achievements (~16k rows) + achievements import; user_achievements; shelf status 'completed' when all achievements synced,"account (link Steam/PSN/Xbox), shelf status completed, list",guide + database page,"WebSearch: 2x Steam guides, Game8, Nintendo Life, TheGamer, TrueAchievements, YouTube, GameRant, hollowknight.wiki. 52 achievements / 34 trophies, 'Very Hard', ~130h, 2+ playthroughs per results.",https://game8.co/games/Hollow-Knight-Silksong/archives/546268
EB-086,Hardest platinum trophies,hardest platinum trophies,rarest platinum trophies; hardest ps5 platinums; most difficult trophies,informational,trophy hunters,PlayStation,MED,per-release,long,3,steam_achievements (~16k rows) + achievements import; user_achievements; shelf status 'completed' when all achievements synced,"account (link Steam/PSN/Xbox), shelf status completed, list",list + database filter (rarity),Bing collapsed to 'World's Hardest Game' — SERP not observed. PSNProfiles/PowerPyx expected. Rarity data from imported achievements is the differentiator.,UNVERIFIED (no SERP fetched)
EB-087,Expedition 33 missable trophies / platinum roadmap,expedition 33 trophy guide,expedition 33 missable trophies; expedition 33 platinum difficulty; expedition 33 all achievements,informational,completionists,Clair Obscur: Expedition 33,HIGH,static (free update pending),long,2,steam_achievements (~16k rows) + achievements import; user_achievements; shelf status 'completed' when all achievements synced,"account (link Steam/PSN/Xbox), shelf status completed, list",guide,"ESTIMATE HIGH (PowerPyx, PSNProfiles). 8M sales base per Wikipedia.",https://en.wikipedia.org/wiki/Clair_Obscur:_Expedition_33
EB-088,Nightreign achievements & how to get all Nightfarer trophies,nightreign trophy guide,nightreign platinum; nightreign missable achievements; nightreign forsaken hollows achievements,informational,completionists,Elden Ring Nightreign,HIGH,per-patch,medium,2,steam_achievements (~16k rows) + achievements import; user_achievements; shelf status 'completed' when all achievements synced,"account (link Steam/PSN/Xbox), shelf status completed, list",guide,"ESTIMATE HIGH (PowerPyx, Fextralife).",https://en.wikipedia.org/wiki/Elden_Ring_Nightreign
EB-089,Steam rarest achievements / global achievement stats explained,rarest steam achievements,steam achievement percentage explained; steam global achievement stats; hardest steam achievements,informational,PC completionists,Steam,LOW-MED,per-release,long,3,steam_achievements (~16k rows) + achievements import (~16k rows) can show per-game rarity; shelves (7 statuses) + lists,"account (link Steam/PSN/Xbox), shelf status completed, list",database page (rarity per game),SERP not observed; ESTIMATE LOW-MED — Steam's own stats pages and Reddit dominate; few editorial pages. Data page from steam_achievements is a real differentiator.,UNVERIFIED (no SERP fetched)
EB-090,PROGRAMMATIC FAMILY: 'how long to platinum <game>' / '<game> achievements list',how long to platinum [game],[game] trophy guide; [game] missable achievements; [game] 100% completion time,informational,completionists,any game with imported achievements,HIGH (specialists),static per game,very long,4,"steam_achievements (~16k rows) + achievements import: one page per game listing achievements + rarity + estimated time, linked from /games/[slug]","account (link Steam/PSN/Xbox), shelf status completed, list",database page template,"Elden Ring, BG3 and Silksong SERPs show specialist trophy sites (PowerPyx, PSNProfiles, TrueAchievements, PlatPrices) — TechPlay can only compete where it adds shelf/rarity data, not prose.",https://psnprofiles.com/guide/14008-elden-ring-trophy-guide
EB-091,RDR2 100% completion checklist,rdr2 100% completion,rdr2 100 percent checklist; rdr2 missable missions; rdr2 platinum,informational,completionists,Red Dead Redemption 2,HIGH,static,very long,2,steam_achievements (~16k rows) + achievements import; user_achievements; shelf status 'completed' when all achievements synced,"account (link Steam/PSN/Xbox), shelf status completed, list",checklist,"ESTIMATE HIGH (PowerPyx, IGN, Fandom).",UNVERIFIED (no SERP fetched)
EB-092,Is Elden Ring Nightreign crossplay?,is nightreign crossplay,nightreign cross platform; nightreign how many players; nightreign duo,informational,co-op players,Elden Ring Nightreign,HIGH,per-patch,medium,3,games DB (333k titles) game page could carry structured 'players / crossplay / split-screen' facts; shelves (7 statuses) + lists,"shelf add, friend invite (friends feature), account",FAQ (structured),"WebSearch: Windows Central, GameSpot, Fextralife, PC Gamer, jeu.video, nightreignwiki.com x2, lagofast.com, TechRadar. FACT per results: no true crossplay as of patch 1.03.4; 3-player, duos added 1.02, solo allowed.",https://www.gamespot.com/articles/elden-ring-nightreign-multiplayer-solo-and-co-op-explained/1100-6531697/
EB-093,Helldivers 2 crossplay: how to play with friends,helldivers 2 crossplay,is helldivers 2 crossplay xbox; helldivers 2 friend code; helldivers 2 cross platform,informational,co-op players,Helldivers 2,HIGH,static (Xbox added Aug 2025),long,3,games DB (333k titles) game page could carry structured 'players / crossplay / split-screen' facts; shelves (7 statuses) + lists,"shelf add, friend invite (friends feature), account",FAQ,"WebSearch: Deltia's, GamesRadar, jeu.video, GameRant, heycash.com, gametree.me, G2A News, betasimracing blog, IMDb list. Many low-authority sites => MED-HIGH.",https://www.gamesradar.com/helldivers-2-crossplay-multiplayer-friends/
EB-094,Monster Hunter Wilds crossplay / play with friends,monster hunter wilds crossplay,mh wilds how to play with friends; mh wilds link party; mh wilds cross save,informational,co-op players,Monster Hunter Wilds,HIGH,static,long,3,games DB (333k titles) game page could carry structured 'players / crossplay / split-screen' facts; shelves (7 statuses) + lists,"shelf add, friend invite (friends feature), account",FAQ,"WebSearch: Game8, GameSpot, GamesRadar, PC Gamer, techwiser, YouTube, chaosboost, Steam x2. Full crossplay PS5/Xbox/PC via Hunter ID; Link Party = 4.",https://www.gamespot.com/articles/does-monster-hunter-wilds-have-cross-play-and-cross-save/1100-6529521/
EB-095,Split Fiction: split screen & how many players,split fiction split screen,split fiction how many players; split fiction friend's pass; split fiction crossplay,informational,couch co-op players,Split Fiction,MED,static,long,3,games DB (333k titles) game page could carry structured 'players / crossplay / split-screen' facts; shelves (7 statuses) + lists,"shelf add, friend invite (friends feature), account",FAQ,"WebSearch: co-op.gg, PlayStation, EA x2, Screen Rant, Co-Optimus, gamersok.com, Steam, lagofast. Co-op databases (Co-Optimus, co-op.gg) rank — a structured co-op field on TechPlay game pages is the same play.",https://www.co-optimus.com/game/16271/pc/split-fiction.html
EB-096,Palworld co-op: how many players & crossplay,palworld crossplay,palworld how many players co-op; palworld dedicated server; palworld ps5 crossplay,informational,co-op players,Palworld,HIGH,per-patch,long,3,games DB (333k titles) game page could carry structured 'players / crossplay / split-screen' facts; shelves (7 statuses) + lists,"shelf add, friend invite (friends feature), account",FAQ,"WebSearch: GameSpot, PC Gamer, supercraft.host, palworld.tools, iscrossplay.com, itechpost, gametree.me, G2A News, Sportskeeda. FACT per results: 4-player invite co-op, 32 dedicated; PS5 crossplay with 1.0 (10 Jul 2026).",https://www.gamespot.com/articles/palworld-multiplayer-and-cross-play-explained/1100-6520474/
EB-097,Is Battlefield 6 crossplay?,is battlefield 6 crossplay,battlefield 6 cross platform; battlefield 6 crossplay off; bf6 split screen,informational,FPS players,Battlefield 6,HIGH,static,long,3,games DB (333k titles) game page could carry structured 'players / crossplay / split-screen' facts; shelves (7 statuses) + lists,"shelf add, friend invite (friends feature), account",FAQ,Bing returned navigational EA/Steam/Wikipedia pages only — no FAQ in top 10 on Bing (gap on Bing; Google unobserved).,https://www.bing.com/search?q=is+battlefield+6+crossplay
EB-098,Battlefield 6 player count 2026,battlefield 6 player count,bf6 steam charts; is battlefield 6 dead; battlefield 6 active players,informational,FPS players,Battlefield 6,MED,per-season,medium,3,games DB (333k titles) + release calendar (/calendar) + release reminders,season reminder,data page (Steam Charts embed/explainer),FACT (Wikipedia): 500k+ concurrent Steam in open beta; 7M sold in 3 days. Live count needs SteamDB-style data TechPlay does not hold (PollSteamPresence exists for friends only).,https://en.wikipedia.org/wiki/Battlefield_6
EB-099,Marvel Rivals player count 2026,marvel rivals player count,is marvel rivals dying; marvel rivals steam charts; marvel rivals players 2026,informational,hero-shooter players,Marvel Rivals,MED,per-season,medium,3,games DB (333k titles),season reminder,data page,FACT (Wikipedia): 50M+ players as of June 2026. Bing misparsed to 'Marvel' — SERP not observed.,https://en.wikipedia.org/wiki/Marvel_Rivals
EB-100,Stardew Valley co-op: how many players & crossplay,stardew valley co-op how many players,stardew valley crossplay; stardew valley split screen; stardew multiplayer switch,informational,cozy co-op players,Stardew Valley,HIGH,static,very long,3,games DB (333k titles) game page could carry structured 'players / crossplay / split-screen' facts; shelves (7 statuses) + lists,"shelf add, friend invite (friends feature), account",FAQ,ESTIMATE HIGH (wiki + GameRant). Perennial query.,https://stardewvalleywiki.com/
EB-101,Minecraft cross-platform: Java vs Bedrock explained,is minecraft cross platform,minecraft java vs bedrock crossplay; minecraft switch pc crossplay; minecraft realms how many players,informational,families,Minecraft,HIGH,static,very long,4,games DB (333k titles) game page could carry structured 'players / crossplay / split-screen' facts; shelves (7 statuses) + lists,"shelf add, friend invite (friends feature), account",FAQ,"ESTIMATE HIGH (minecraft.net, wiki). Very high volume, low win chance.",https://minecraft.wiki/
EB-102,Modern Warfare 4 crossplay & cross-progression,modern warfare 4 crossplay,mw4 cross progression; mw4 split screen; call of duty 2026 crossplay,informational,CoD players,Call of Duty: Modern Warfare 4,HIGH,per-release,short-medium,3,games DB (333k titles) game page could carry structured 'players / crossplay / split-screen' facts; shelves (7 statuses) + lists; release calendar (/calendar) + release reminders,release reminder,FAQ,FACT (Wikipedia): MW4 23 Oct 2026. Activision support + Charlie Intel expected to own (ESTIMATE HIGH).,https://en.wikipedia.org/wiki/Call_of_Duty_(video_game_series)
EB-103,PROGRAMMATIC FAMILY: 'is <game> crossplay' / '<game> co-op how many players',is [game] crossplay,[game] split screen; [game] co-op how many players; [game] cross progression,informational,co-op/multiplayer players,every multiplayer title,MED-HIGH (varies),per-patch,long,5,"games DB (333k titles) could store structured multiplayer facts (max players, crossplay matrix, split-screen) per game — Co-Optimus/co-op.gg/iscrossplay.com prove the database format ranks","shelf add, friend invite (friends feature), account",database page template + FAQ schema,"Observed in Split Fiction, Palworld and Nightreign SERPs: database sites (Co-Optimus, co-op.gg, iscrossplay.com, gamersok.com) rank alongside media. Half A covers platform-level crossplay; this is per-game.",https://www.co-optimus.com/game/16271/pc/split-fiction.html
EB-104,GTA 5 cheats (all platforms),gta 5 cheats,gta 5 cheats ps5; gta 5 cheat codes xbox; gta 5 phone cheats; gta 5 money cheat,informational,casual/returning GTA 5 players,GTA V,HIGH,static,very long,5,"games DB (333k titles) GTA V page + GTA 6 hub (121 vehicles, 36 weapons, 12 characters, 1,058 locations)","newsletter, account",database-style list (per platform),"WebSearch: GamesRadar, NME, GTABoom, Croma, Beebom, Eneba, G2A News, 2 App Store apps. Retail/electronics blogs rank => beatable structure-wise; volume is very high (ESTIMATE).",https://www.gamesradar.com/gta-5-cheats/
EB-105,GTA Online: how to make money fast (2026),gta online how to make money fast,gta online best money method 2026; gta online solo money; gta online weekly bonuses,informational,GTA Online players,GTA Online,MED-HIGH,per-patch (weekly),long (until GTA 6 Online),4,"GTA 6 hub (121 vehicles, 36 weapons, 12 characters, 1,058 locations) + newsletter","newsletter (weekly), account",guide + weekly update,"WebSearch: Croma, 3x YouTube, gtaside.com, G2A News, timesaver.gg, TechTimes, Tom's Guide. Weekly Rockstar events (Sep 2026 'Business Rivalries') = recurring content hook.",https://www.tomsguide.com/news/gta-online-how-to-make-money-fast
EB-106,GTA 6 release date,gta 6 release date,when does gta 6 come out; gta 6 delayed; gta 6 release time,informational,everyone,GTA VI,HIGH,per-release,short (peaks to 19 Nov 2026),5,"GTA 6 hub (121 vehicles, 36 weapons, 12 characters, 1,058 locations) + release calendar (/calendar) + release reminders reminder","release reminder, newsletter",FAQ + countdown,FACT (Wikipedia fetch 27 Sep 2026): scheduled 19 Nov 2026 for PS5/Xbox Series; delayed from 26 May 2026; no Windows release scheduled as of Sep 2026. GTA 6 agent covers depth.,https://en.wikipedia.org/wiki/Grand_Theft_Auto_VI
EB-107,GTA 6 map size,gta 6 map size,gta 6 map vs gta 5; how big is leonida; gta 6 map leak,informational,GTA fans,GTA VI,HIGH,per-release,medium,4,"GTA 6 hub (121 vehicles, 36 weapons, 12 characters, 1,058 locations) (1,058 locations, /gta6/map)","account, newsletter",explainer + interactive map,"Bing SERP: gtabase, gtavispot, Screen Rant, grandtheft.gg, Vice, IGN x2, gtajournal, Gfinity, iGeeksBlog — fan micro-sites rank alongside IGN => TechPlay's 1,058-location map is competitive.",https://www.bing.com/search?q=gta+6+map+size
EB-108,GTA 6 on PC: is it coming?,gta 6 pc release date,is gta 6 coming to pc; gta 6 pc requirements; gta 6 pc 2027,informational,PC gamers,GTA VI,HIGH,per-release,medium-long,4,"GTA 6 hub (121 vehicles, 36 weapons, 12 characters, 1,058 locations) + release calendar (/calendar) + release reminders",release reminder,FAQ (living),FACT (Wikipedia): no Windows release scheduled as of Sep 2026 — question stays open past console launch.,https://en.wikipedia.org/wiki/Grand_Theft_Auto_VI
EB-109,GTA 6 price & editions,gta 6 price,gta 6 pre order; gta 6 editions; how much will gta 6 cost,informational/commercial,buyers,GTA VI,HIGH,per-release,short,4,"GTA 6 hub (121 vehicles, 36 weapons, 12 characters, 1,058 locations) + release calendar (/calendar) + release reminders","release reminder, affiliate",FAQ,UNVERIFIED pricing as of this session; must be confirmed against Rockstar Newswire (fetch failed: redirect loop).,UNVERIFIED (Rockstar newswire fetch failed)
EB-110,GTA 6 characters (Lucia & Jason),gta 6 characters,gta 6 lucia; gta 6 jason; gta 6 protagonists,informational,GTA fans,GTA VI,HIGH,per-release,long,3,"GTA 6 hub (121 vehicles, 36 weapons, 12 characters, 1,058 locations) (12 characters)",account,database page,FACT (repo README): hub already holds 12 characters. SERP not observed this session.,UNVERIFIED (no SERP fetched)
EB-111,GTA 6 vehicles list,gta 6 cars,gta 6 vehicles list; gta 6 cars confirmed; gta 6 bikes,informational,GTA fans,GTA VI,MED,per-release,long,3,"GTA 6 hub (121 vehicles, 36 weapons, 12 characters, 1,058 locations) (121 vehicles)",account,database page,FACT (repo README): 121 vehicles in hub. SERP not observed.,UNVERIFIED (no SERP fetched)
EB-112,GTA 6 Online: what we know,gta 6 online,gta 6 online release; will gta online transfer to gta 6; gta 6 multiplayer,informational,GTA Online players,GTA VI,HIGH,per-release,medium,4,"GTA 6 hub (121 vehicles, 36 weapons, 12 characters, 1,058 locations) + release calendar (/calendar) + release reminders",newsletter,explainer (living),UNVERIFIED — no announcement confirmed in this session.,UNVERIFIED (no SERP fetched)
EB-113,GTA 6 trailer 3 / next trailer,gta 6 trailer 3,gta 6 new trailer; gta 6 trailer 3 release date; gta 6 gameplay trailer,informational/news,GTA fans,GTA VI,HIGH,per-release,short,4,"GTA 6 hub (121 vehicles, 36 weapons, 12 characters, 1,058 locations)",newsletter,news + explainer,UNVERIFIED — trailer status not verified this session (Rockstar newswire fetch failed).,UNVERIFIED (Rockstar newswire fetch failed)
EB-114,GTA 6 file size & preload,gta 6 file size,gta 6 download size; gta 6 preload; gta 6 install size ps5,informational,buyers,GTA VI,MED,per-release,short,3,"GTA 6 hub (121 vehicles, 36 weapons, 12 characters, 1,058 locations) + release calendar (/calendar) + release reminders",release reminder,FAQ,UNVERIFIED — will only be knowable near 19 Nov 2026 launch; prepare template.,UNVERIFIED
EB-115,Pokémon type chart,pokemon type chart,pokemon weakness chart; pokemon type effectiveness; what is fairy weak to,informational,all Pokémon players,Pokémon (all),HIGH,static,very long,5,"games DB (333k titles) Pokémon series page (series pages (/games/series/[s], series_key, GameSeries))","newsletter, account",tool (interactive chart),"WebSearch: TheGamer, Game8 (Champions), Pokémon Database, Fanbyte, TechRadar, then spam (jhu.edu hacked pages, Scribd). Spam in top 10 => SERP is not fully locked, but pokemondb.net is canonical.",https://pokemondb.net/type
EB-116,Eevee evolutions guide,eevee evolutions,how to evolve eevee into sylveon; eevee evolution names; eevee evolutions legends z-a,informational,Pokémon players,Pokémon (all),HIGH,per-release,very long,4,games DB (333k titles),newsletter,guide,"Bing SERP: pokemondb, Bulbapedia x2, Wikipedia, Serebii x2, pokemon.com, Fandom, pokemondex, Pokémon GO Hub — Pokédex databases own; no media in top 10.",https://www.bing.com/search?q=eevee+evolutions+how+to+evolve
EB-117,Pokémon Champions: release date & how to play,pokemon champions release date,pokemon champions mobile; is pokemon champions free; pokemon champions switch 2,informational,Pokémon players,Pokémon Champions,HIGH,per-release,medium,3,games DB (333k titles) + release calendar (/calendar) + release reminders,shelf add,FAQ,"FACT (WebSearch, pokemon.com): Switch 7/8 Apr 2026; iOS/Android 17 Jun 2026; free-to-start. Newsweek, Vice, Wikipedia, Bulbapedia, games.gg in SERP.",https://www.pokemon.com/us/pokemon-news/pokemon-champions-comes-to-android-and-ios-on-june-17
EB-118,Pokémon Legends Z-A: all Mega Evolutions & Mega Stone locations,legends z-a mega evolutions,pokemon legends za new megas; mega dimension new mega evolutions; za mega stone locations,informational,Pokémon players,Pokémon Legends: Z-A,HIGH,static (DLC out),long,3,games DB (333k titles) + steam_achievements (~16k rows) + achievements import,shelf add,database list,"FACT (Wikipedia + WebSearch): released 16 Oct 2025; 12.3M by year-end; Mega Dimension DLC 10 Dec 2025; 93 Megas incl. 26 new. VGC, Nintendo Life x2, Kotaku, Pokémon GO Hub, genpkm, pokedexgenerator, TechRadar rank.",https://www.nintendolife.com/guides/pokemon-legends-z-a-all-mega-evolutions-and-mega-stone-locations
EB-119,Pokémon Legends Z-A: Mega Evolution mechanics explained,how does mega evolution work legends z-a,mega gauge legends za; z-a rogue mega; legends z-a battle system,informational,Pokémon players,Pokémon Legends: Z-A,HIGH,static,long,2,games DB (333k titles),shelf add,explainer,OBSERVATION (WebSearch results): Mega Gauge filled by landing moves / Mega Power orbs; timer-based. Game8/Serebii expected to own.,https://genpkm.com/blog/mega-evolution-pokemon-legends-za-complete-guide
EB-120,Pokémon games in order / which to play,pokemon games in order,all pokemon games in order; pokemon mainline games list; which pokemon game to start with,informational,newcomers/parents,Pokémon (series),HIGH,per-release,long,4,"series pages (/games/series/[s], series_key, GameSeries) (Pokémon series in DB)",shelf add whole series,database page,"SERP not observed this session; ESTIMATE HIGH (Nintendo Life, GameRant, Bulbapedia).",UNVERIFIED (no SERP fetched)
EB-121,PROGRAMMATIC FAMILY: '<pokemon> evolution' / 'how to evolve <pokemon>',how to evolve [pokemon],[pokemon] evolution level; [pokemon] evolution stone; [pokemon] weakness,informational,Pokémon players,Pokémon,HIGH (Pokédex sites),per-release,very long,3,none — TechPlay has no Pokédex data,none,NOT RECOMMENDED,Eevee SERP shows only Pokédex databases; TechPlay lacks per-Pokémon data. Listed to record the decision.,https://www.bing.com/search?q=eevee+evolutions+how+to+evolve
EB-122,Does Switch 2 play Switch games? (backward compatibility),does switch 2 play switch games,switch 2 backwards compatible; switch 2 game key card; switch 2 upgrade packs,informational,buyers/parents,Nintendo Switch 2,HIGH,static,long,4,games DB (333k titles) platform pages,newsletter,FAQ,"FACT (Wikipedia): backward compatible with most Switch games; exceptions (IR, Labo VR). Bing misparsed query ('does'). Nintendo support owns on Google (ESTIMATE).",https://en.wikipedia.org/wiki/Nintendo_Switch_2
EB-123,Best Switch 2 games (2026),best switch 2 games,switch 2 games list; must have switch 2 games; switch 2 exclusives,commercial,Switch 2 owners,Nintendo Switch 2,HIGH,per-release (quarterly),long (rolling),4,games DB (333k titles) /games/platform/switch-2 filtered by rating + shelves (7 statuses) + lists,"shelf add, wishlist, list",list + database page,"WebSearch: GamesRadar, Wikipedia x2, GameLuster, Nintendo Life, Nintendo x2, webnetic.sk, Geeks+Gamers — a Slovak agency blog ranks => beatable with a data-driven page.",https://www.nintendolife.com/guides/nintendo-switch-2-all-confirmed-games-and-release-dates
EB-124,Upcoming Switch 2 games & release dates,upcoming switch 2 games,switch 2 release dates 2026; switch 2 games coming out; new switch 2 games,informational,Switch 2 owners,Nintendo Switch 2,HIGH,per-release (weekly),rolling,4,release calendar (/calendar) + release reminders filtered by platform — already exists,"release reminder, wishlist",database page (calendar),"FACT (repo): /calendar exists with reminders. WebSearch: GamesRadar 'upcoming' page ranks #1 for the broad query. Wikipedia lists Tales of Eternia (Oct), Fatal Fury CotW (Oct), MW4, 007 First Light.",https://www.gamesradar.com/upcoming-switch-2-games/
EB-125,Mario Kart World: tips & unlocks,mario kart world tips,mario kart world unlock characters; mario kart world best combo; mario kart world knockout tour,informational,Switch 2 owners,Mario Kart World,HIGH,static,long,3,games DB (333k titles),shelf add,guide,"FACT (Wikipedia): 15.39M sold by 30 Jun 2026 — largest Switch 2 audience. ESTIMATE HIGH (Nintendo Life, IGN, Game8).",https://en.wikipedia.org/wiki/List_of_best-selling_Nintendo_Switch_2_games
EB-126,Monster Hunter Wilds on Switch 2 (Dec 2026): what to expect,monster hunter wilds switch 2,mh wilds switch 2 release date; mh wilds switch 2 crossplay; mh wilds switch 2 performance,informational,Switch 2 owners,Monster Hunter Wilds,MED,per-release,short-medium,3,release calendar (/calendar) + release reminders reminder 4 Dec 2026,release reminder,explainer (living),"FACT (Wikipedia): Switch 2 version 4 Dec 2026. Fresh, few settled pages.",https://en.wikipedia.org/wiki/Monster_Hunter_Wilds
EB-127,FFXIV on Switch 2: subscription & cross-play explained,ffxiv switch 2,ffxiv switch 2 subscription; ffxiv switch 2 free trial; ffxiv switch 2 cross platform,informational,Switch 2 owners,Final Fantasy XIV,MED,static,medium,2,games DB (333k titles) + release calendar (/calendar) + release reminders,shelf add,FAQ,FACT (Wikipedia): Switch 2 release 4 Aug 2026 with separate subscription requirement.,https://en.wikipedia.org/wiki/Final_Fantasy_XIV
EB-128,What game should I play next? (quiz / picker),what game should i play next,what game should i play quiz; game recommendation quiz; pick a game for me,navigational/tool,gamers with backlogs,all,LOW-MED,static,very long,4,"Backlog Advisor (/backlog-advisor) already scores mood/genre/peers/quality/era (BacklogAdvisorController); make a public, no-login version","account (save results), shelf add",tool,"Bing SERP returned only browser-game portals (Poki, CrazyGames, MSN) — no real recommender ranks on Bing; Google SERP unobserved. Tool format with shareable result fits.",https://www.bing.com/search?q=what+game+should+i+play+next+quiz
EB-129,Games like Baldur's Gate 3,games like baldur's gate 3,games similar to bg3; rpgs like baldur's gate 3; what to play after bg3,commercial/informational,BG3 finishers,Baldur's Gate 3,HIGH,per-release,long,4,similar_games (IGDB list) + /games/{slug}/suggested + Backlog Advisor (/backlog-advisor),"shelf add, list",database page (similar games),"WebSearch: GamesRadar, Facebook/GameRant, Eneba, YouTube, GamingBible (Aug 2026), Mary Sue, Substack, Steam x2. Substack + Facebook + Steam in top 10 => MED-HIGH, beatable.",https://www.gamesradar.com/games-like-baldurs-gate-3/
EB-130,Games like Elden Ring,games like elden ring,soulslike games; games similar to elden ring; what to play after elden ring,commercial/informational,Elden Ring finishers,Elden Ring,HIGH,per-release,long,4,similar_games (IGDB list) + /games/{slug}/suggested + Backlog Advisor (/backlog-advisor),"shelf add, list",database page,"Bing SERP: GameSpot, Eneba, Fiction Horizon, GameRant x2, Gameranx, Game Voyagers, GamesRadar, GameSpew, Reddit. Mid-tier sites at #3/#6 => beatable with data + covers.",https://www.bing.com/search?q=games+like+elden+ring
EB-131,Games like Stardew Valley,games like stardew valley,cozy games like stardew; farming games like stardew valley; games like stardew on switch,commercial/informational,cozy gamers,Stardew Valley,MED-HIGH,per-release,long,4,similar_games (IGDB list) + /games/{slug}/suggested + Backlog Advisor (/backlog-advisor) (mood 'chill'),"shelf add, list",database page,"Bing SERP: GameSpot, Eneba, hercozygaming.com, cozygamereviews.com, farmgamehub.com, Steam 'similar items', Ranker, Polygon, GameRant, PCGamesN — 3 micro-niche blogs + Steam's own similar-items page rank => LOW-MED effective competition.",https://www.bing.com/search?q=games+like+stardew+valley
EB-132,Games like Hollow Knight (after Silksong),games like hollow knight,metroidvania games like hollow knight; games like silksong; what to play after silksong,commercial/informational,Metroidvania players,Hollow Knight / Silksong,MED-HIGH,per-release,long,4,similar_games (IGDB list) + /games/{slug}/suggested + Backlog Advisor (/backlog-advisor),"shelf add, list",database page,"Bing SERP: GameSpot, Eneba, GamesRadar, wikiHow, Screen Rant, gamewhims, gamingscan, gamesakin.com, steampeek.hu, Reddit — two similarity-engine sites (GamesAkin, SteamPeek) rank => database format proven.",https://www.bing.com/search?q=games+like+hollow+knight
EB-133,PROGRAMMATIC FAMILY: 'games like <game>' for every title with similar_games,games like [game],games similar to [game]; [game] alternatives; what to play after [game],commercial/informational,finishers of any game,every game with similar_games or genre overlap,MED-HIGH (varies),per-release,very long,5,"similar_games (IGDB list) + /games/{slug}/suggested: similar_games already stored per game (IGDB import) and rendered on /games/[slug]; a dedicated /games/[slug]/similar page with covers, shelf CTA and 'why similar' explanation is a new URL family across the 333k catalogue (index only where similar_games is non-empty and the anchor game is indexable)","shelf add, list, Backlog Advisor",database page template,"FACT (repo): GameController::show() returns similar_games with covers; frontend shows up to 8. OBSERVATION: SteamPeek, GamesAkin, Steam 'similar items' rank on Bing for 3/3 tested queries — algorithmic similarity pages do rank.",https://www.bing.com/search?q=games+like+stardew+valley
EB-134,How to clear your gaming backlog,how to clear gaming backlog,gaming backlog tips; backlog tracker; how to pick a game from backlog,informational,backlog owners,all,LOW,static,very long,3,"Backlog Advisor (/backlog-advisor) + shelves (7 statuses) + lists (backlog status, 2,599 user_games)","account, shelf import (Steam/PSN/Xbox/GOG/Epic)",guide + tool,"SERP not observed; ESTIMATE LOW (Reddit r/patientgamers, personal blogs). Import-your-library CTA is the conversion.",UNVERIFIED (no SERP fetched)
EB-135,Gaming personality quiz / what kind of gamer are you,what kind of gamer are you quiz,gamer type quiz; gaming personality test; bartle test,entertainment,social sharers,all,LOW,static,very long,3,shelves (7 statuses) + lists data could compute a real 'gamer type' from library; Backlog Advisor (/backlog-advisor),"account, social share",tool (quiz),"SERP not observed; ESTIMATE LOW (BuzzFeed-style quizzes, Bartle test sites). Shareable result = Discord bot hook (Professor Buffy).",UNVERIFIED (no SERP fetched)
EB-136,Hidden gems: underrated games worth playing,hidden gem games,underrated games 2026; hidden gems steam; best games nobody played,commercial,explorers,all,MED,per-release,long (rolling),3,"/games/hidden-gems endpoint already exists (GameController::hiddenGems, daily cache)","shelf add, list",list (rolling) + database page,"FACT (repo): hiddenGems() ranks described, covered games by ratings_count; frontend surface exists. SERP not observed; ESTIMATE MED.",UNVERIFIED (no SERP fetched)
EB-137,On this day in gaming / game anniversaries,games released on this day,video game anniversaries today; on this day gaming history,entertainment,"nostalgic gamers, social",all,LOW,static (daily rotation),very long,2,/games/on-this-day endpoint already exists (GameController::onThisDay),"newsletter (daily), Discord post",tool + daily post,FACT (repo): onThisDay() returns today/tomorrow anniversaries. SERP not observed; ESTIMATE LOW competition; better as Discord/newsletter content than SEO.,UNVERIFIED (no SERP fetched)
EB-138,Random game picker,random game generator,random game picker; random steam game; spin the wheel game picker,tool,indecisive gamers,all,LOW-MED,static,very long,3,/games/random endpoint exists; combine with {SHELF} 'random from my backlog',"account, shelf add",tool,FACT (repo): /games/random route exists. SERP not observed; ESTIMATE LOW-MED (small tool sites).,UNVERIFIED (no SERP fetched)
EB-139,Best games of [year] / by year pages,best games of 2025,best games 2026 so far; top rated games [year]; game of the year winners,commercial,list readers,all,HIGH,per-release (annual),long,3,/games/year/[y] pages exist; ratings in DB,"shelf add, list",database page,"FACT (repo): /games/year/[y] route exists. ESTIMATE HIGH (Metacritic, IGN). Expedition 33 GOTY sweep (Wikipedia) is a 2025 anchor.",https://en.wikipedia.org/wiki/Clair_Obscur:_Expedition_33
EB-140,Path of Exile 2 1.0 release date,path of exile 2 release date,poe2 1.0; poe2 full release; poe2 0.5 return of the ancients,informational,ARPG players,Path of Exile 2,HIGH,per-release,short (to 11 Dec 2026),4,release calendar (/calendar) + release reminders — one URL per game with reminder CTA,release reminder,FAQ + countdown,FACT (Wikipedia): 1.0 set for 11 Dec 2026; 0.5.0 on 29 May 2026 is the bridge (no 0.6).,https://en.wikipedia.org/wiki/Path_of_Exile_2
EB-141,Marvel Rivals Season 10 end date,marvel rivals season end date,when does marvel rivals season 10 end; marvel rivals season 11 start; marvel rivals mid season update,informational,Marvel Rivals players,Marvel Rivals,MED,per-season,short (rolling),4,release calendar (/calendar) + release reminders recurring 'season end' entries,season reminder,countdown page (rolling),"WebSearch: Insider Gaming, Esports Tales, games.gg, ggseason.com x2, 1v9, Turbosmurfs, Turtle Beach, gameboost. Per results: S10 'Butcher's Blasphemy' 11 Sep 2026, est. end ~13 Nov 2026 (unconfirmed by NetEase). Countdown micro-sites rank => format proven.",https://www.esportstales.com/marvel-rivals/season-end-date
EB-142,Fortnite season end date (Chapter 7 Season 4),when does fortnite season end,fortnite chapter 7 season 4 end date; fortnite next season; fortnite live event,informational,Fortnite players,Fortnite,HIGH,per-season,short (rolling),4,release calendar (/calendar) + release reminders,season reminder,countdown page (rolling),"WebSearch: Vice x2, esports.gg, Epic help, Esports Tales, Dot Esports, Hotspawn, ggseason.com, fortnite.gg. FACT per results: C7S4 'Override' 20 Aug–1 Nov 2026.",https://www.epicgames.com/help/fortnite-battle-royale-c-202300000001636/c-Trending_0/when-does-the-current-fortnite-season-end-a202300000013709
EB-143,Diablo 4 Season 15 end date / Season 16 start,diablo 4 season end date,when does diablo 4 season 15 end; diablo 4 season 16 start; d4 season schedule,informational,seasonal players,Diablo IV,MED,per-season,short (rolling),3,release calendar (/calendar) + release reminders,season reminder,countdown page,Season 15 current per Icy Veins title (WebSearch); end date UNVERIFIED this session (Icy Veins 403).,https://www.icy-veins.com/d4/guides/class-tier-list/
EB-144,WoW Midnight patch 12.1.5 / Season 2 dates,wow midnight season 2 start date,wow 12.1.5 release date; midnight season 2 end; wow patch schedule 2026,informational,WoW players,World of Warcraft: Midnight,HIGH,per-patch,short,3,release calendar (/calendar) + release reminders + WoW Analyzer (Blizzard API + Raider.IO),"season reminder, WoW Analyzer run",countdown page,"OBSERVATION (Warcraft Wiki): latest release 12.1.0, PTR 12.1.5; dates not on page. Season number UNVERIFIED (Icy Veins/Method titles say 'Season 2').",https://warcraft.wiki.gg/wiki/World_of_Warcraft:_Midnight
EB-145,Modern Warfare 4 release date & beta,modern warfare 4 release date,mw4 beta dates; call of duty 2026 release; mw4 preload,informational,CoD players,Call of Duty: Modern Warfare 4,HIGH,per-release,short (to 23 Oct 2026),4,release calendar (/calendar) + release reminders — one URL per game with reminder CTA,release reminder,FAQ + countdown,FACT (Wikipedia): scheduled 23 Oct 2026. Beta dates UNVERIFIED.,https://en.wikipedia.org/wiki/Call_of_Duty_(video_game_series)
EB-146,Silksong: Sea of Sorrow DLC release date,silksong dlc release date,sea of sorrow release date; silksong update; silksong new content,informational,Silksong players,Hollow Knight: Silksong,MED,per-release,short-medium,3,release calendar (/calendar) + release reminders — one URL per game with reminder CTA,release reminder,FAQ (living),"FACT (Wikipedia): free expansion 'Sea of Sorrow' announced 15 Dec 2025, scheduled 2026, no date. Uncertainty = recurring searches.",https://en.wikipedia.org/wiki/Hollow_Knight:_Silksong
EB-147,Monster Hunter Wilds: Ascendance expansion (2027) & TU roadmap,monster hunter wilds expansion,mh wilds ascendance release date; mh wilds title update 5; mh wilds roadmap,informational,MH players,Monster Hunter Wilds,MED,per-release,medium,3,release calendar (/calendar) + release reminders — one URL per game with reminder CTA,release reminder,roadmap page (living),FACT (Wikipedia): 'Monster Hunter Wilds: Ascendance' scheduled 2027; TU4 early 2026. Exact dates UNVERIFIED.,https://en.wikipedia.org/wiki/Monster_Hunter_Wilds
EB-148,FFXIV Evercold release date (Jan 2027),ffxiv evercold release date,ffxiv 8.0 release date; evercold early access; ffxiv new jobs evercold,informational,FFXIV players,Final Fantasy XIV,HIGH,per-release,short-medium,3,release calendar (/calendar) + release reminders — one URL per game with reminder CTA,release reminder,FAQ + countdown,FACT (Wikipedia): January 2027 window; exact day UNVERIFIED.,https://en.wikipedia.org/wiki/Final_Fantasy_XIV
EB-149,Early access games: what 'early access' means & tracker,best early access games 2026,early access games worth buying; what does early access mean steam; early access release dates,commercial,PC gamers,Steam,MED,per-release,long (rolling),3,"games DB (333k titles) tag 'early access' + release calendar (/calendar) + release reminders for 1.0 dates (PoE2, Palworld 1.0 10 Jul 2026 precedent)","shelf add (wishlist), release reminder",database page (rolling list),"SERP not observed; ESTIMATE MED (PC Gamer, Steam). Palworld 1.0 (Jul 2026) and PoE2 1.0 (Dec 2026) are anchor events.",https://en.wikipedia.org/wiki/Path_of_Exile_2
EB-150,PROGRAMMATIC FAMILY: '<game> release date' via the calendar,[game] release date,when does [game] come out; [game] release time; [game] preload,informational,everyone,every upcoming game in DB,"HIGH for AAA, LOW for long tail",per-release,"short per title, permanent as a family",5,"release calendar (/calendar) + release reminders/[slug] already exists with reminders and wishlist:check-releases; add FAQ schema, countdown, platform matrix, 'reported/unconfirmed' labelling","release reminder (core conversion), wishlist",database page template,FACT (repo): calendar pages + SendReleaseReminders job exist. Long-tail release-date SERPs are typically Steam page + publisher + 1–2 media (ESTIMATE from cluster).,https://en.wikipedia.org/wiki/Grand_Theft_Auto_VI
EB-151,Elden Ring lore explained,elden ring lore explained,elden ring story explained; elden ring timeline; who is marika,informational,Elden Ring players,Elden Ring,HIGH,static,very long,4,"games DB (333k titles) game page + series pages (/games/series/[s], series_key, GameSeries) (link lore across entries)","newsletter, shelf add",explainer (long-form) + video,"Bing SERP: Fextralife, Rock Paper Shotgun, GameSpot, consolepulse.com, Fandom, sevenswords.uk, Reddit, choostgames.com, thevideogamelibrary.org (VaatiVidya), wiki.gg — 4 small sites rank => MED-HIGH.",https://www.bing.com/search?q=elden+ring+lore+explained
EB-152,Clair Obscur Expedition 33 ending explained,expedition 33 ending explained,expedition 33 both endings; expedition 33 story explained; expedition 33 which ending is canon,informational,finishers,Clair Obscur: Expedition 33,HIGH,static,long,3,"games DB (333k titles) game page + series pages (/games/series/[s], series_key, GameSeries) (link lore across entries)",newsletter,explainer,"SERP not observed (Bing misparse). 8M players (Wikipedia) and GOTY sweep = large finisher pool. ESTIMATE HIGH (GameRant, Polygon).",https://en.wikipedia.org/wiki/Clair_Obscur:_Expedition_33
EB-153,Resident Evil timeline explained (story order),resident evil timeline explained,resident evil story explained; resident evil lore; resident evil requiem where in timeline,informational,RE players,Resident Evil,HIGH,per-release,long,3,"games DB (333k titles) game page + series pages (/games/series/[s], series_key, GameSeries) (link lore across entries)",shelf add whole series,explainer + timeline,"WebSearch (order query): tubbz.com, Eneba, IMDb, Popverse, Fandom timeline, Capcom portal. Same SERP as 'in order' — combine pages.",https://game.capcom.com/residentevil/en/re-history.html
EB-154,Kingdom Hearts story recap before KH4,kingdom hearts story explained,kingdom hearts recap; kingdom hearts 4 what you need to know; kingdom hearts lore,informational,returning fans,Kingdom Hearts,MED,per-release,long,3,"games DB (333k titles) game page + series pages (/games/series/[s], series_key, GameSeries) (link lore across entries)","shelf add whole series, release reminder (KH4)",explainer,"WebSearch: TheGamer x2, Pocket Tactics, Epic, vrykerion.com summary. KH4 date UNVERIFIED this session.",https://vrykerion.com/kingdom-hearts-story-summary-in-chronological-order/
EB-155,Metal Gear story explained (timeline),metal gear story explained,metal gear solid timeline explained; metal gear lore; big boss vs solid snake,informational,MGS players (Delta audience),Metal Gear,MED,static,long,2,"games DB (333k titles) game page + series pages (/games/series/[s], series_key, GameSeries) (link lore across entries)",shelf add whole series,explainer,"WebSearch: Fandom timeline, Popverse, GameRant, GMG blog, Sportskeeda. MED.",https://gamerant.com/metal-gear-solid-series-chronology/
EB-156,Zelda timeline: the three splits explained,zelda timeline splits explained,zelda child timeline adult timeline; zelda downfall timeline; where is breath of the wild in the timeline,informational,Zelda fans,The Legend of Zelda,HIGH,per-release,very long,4,"games DB (333k titles) game page + series pages (/games/series/[s], series_key, GameSeries) (link lore across entries)",shelf add whole series,explainer (diagram),"WebSearch: TheGamer, Digital Trends, GMG, beyondvideogaming, GameRant, Fandom, narrativeatlas.studio, dadnology, G2A — several small sites => MED-HIGH.",https://www.thegamer.com/the-legend-of-zelda-timeline-explained-all-zelda-timeline-splits/
EB-157,Silksong lore & ending explained,silksong ending explained,silksong lore; silksong story explained; silksong true ending,informational,finishers,Hollow Knight: Silksong,HIGH,per-patch (DLC),long,3,"games DB (333k titles) game page + series pages (/games/series/[s], series_key, GameSeries) (link lore across entries)",newsletter,explainer,"SERP not observed; ESTIMATE HIGH (hollowknight.wiki, GameRant, YouTube lore channels).",https://en.wikipedia.org/wiki/Hollow_Knight:_Silksong
EB-158,Ghost of Yotei: the real history behind the game,ghost of yotei historical accuracy,ghost of yotei real history; ezo 1603; ghost of yotei true story,informational,"PS5 players, history buffs",Ghost of Yotei,MED,static,long,2,"games DB (333k titles) game page + series pages (/games/series/[s], series_key, GameSeries) (link lore across entries)",shelf add,explainer,SERP not observed; ESTIMATE MED. PS5-only + no PC port (Wikipedia) caps audience.,https://en.wikipedia.org/wiki/Ghost_of_Y%C5%8Dtei
EB-159,GTA 6 story & setting: Leonida explained,gta 6 story,gta 6 setting; gta 6 leonida; gta 6 plot,informational,GTA fans,GTA VI,HIGH,per-release,medium,3,"GTA 6 hub (121 vehicles, 36 weapons, 12 characters, 1,058 locations)",newsletter,explainer (living),"Bing map-size SERP shows fan micro-sites (gtabase, gtajournal, grandtheft.gg) ranking with IGN — hub content competes. Story details UNVERIFIED beyond trailers.",https://www.bing.com/search?q=gta+6+map+size
EB-160,Diablo: Lord of Hatred story explained,diablo 4 lord of hatred story explained,diablo 4 lord of hatred ending; skovos isles lore; mephisto diablo 4,informational,D4 players,Diablo IV,MED,static,medium,2,"games DB (333k titles) game page + series pages (/games/series/[s], series_key, GameSeries) (link lore across entries)",shelf add,explainer,"FACT (Wikipedia): Lord of Hatred released 28 Apr 2026, adds Skovos Isles. SERP not observed.",https://en.wikipedia.org/wiki/Diablo_IV
