url,source_name,date_accessed,supports_claim,file_used_in,access_method
https://api-beta.techplay.gg,api-beta.techplay.gg,2026-09-27,Cited in 02-TECHPLAY-PUBLIC-PRESENCE.md,02,cited in research file
https://api-beta.techplay.gg/storage/seo/01KG0S1VDYPN8F3BR5NVQG7EK3.png,TechPlay homepage OG image,2026-09-27,"880 KB PNG, 965x541",02,fetched or search result (agent log)
https://archive.org/wayback/available?url=techplay.gg,Wayback availability,2026-09-27,Snapshot 8 Apr 2026 exists; CDX history fetch failed,02,fetched or search result (agent log)
https://help.techplay.gg,help.techplay.gg,2026-09-27,Page fetched: Help Centre — Answers and Troubleshooting | TechPlay,02,fetched (canonical URL recorded in page)
https://help.techplay.gg/,TechPlay Help Centre,2026-09-27,11 topics incl. giveaways and newsletter,02,fetched or search result (agent log)
https://news.google.com/rss/search?q=site:techplay.gg,Google News RSS,2026-09-27,"100 items, 99 are /games/ database pages dated by game release year, 1 article",02,fetched or search result (agent log)
https://news.google.com/rss/search?q=techplay.gg,Google News RSS,2026-09-27,No third-party mention of techplay.gg,02,fetched or search result (agent log)
https://public.api.bsky.app/xrpc/app.bsky.actor.getProfile?actor=techplay.gg,Bluesky API,2026-09-27,Profile not found,02,fetched or search result (agent log)
https://public.api.bsky.app/xrpc/app.bsky.actor.searchActors?q=techplay,Bluesky API,2026-09-27,Only unrelated TechPlayR Services account,02,fetched or search result (agent log)
https://techplay.gg/author/adi-zeljkovic,TechPlay author page,2026-09-27,"Person JSON-LD, 193 pieces",02,fetched or search result (agent log)
https://techplay.gg/contact,TechPlay contact,2026-09-27,"Three inboxes, Sarajevo address, phone",02,fetched or search result (agent log)
https://techplay.gg/cookies,TechPlay cookie policy,2026-09-27,Mentions AdSense and Meta Pixel,02,fetched or search result (agent log)
https://techplay.gg/feed,TechPlay RSS alt,2026-09-27,Same feed,02,fetched or search result (agent log)
https://techplay.gg/games/animal-company,TechPlay game page,2026-09-27,"Thin page, 9.7/10 74 votes vs Nobody has rated",02,fetched or search result (agent log)
https://techplay.gg/games/baldurs-gate-3-digital-deluxe-edition,TechPlay game page,2026-09-27,DLC edition ranks 9.9 in You might also like,02,fetched or search result (agent log)
https://techplay.gg/games/cyberpunk-2077,TechPlay game page,2026-09-27,"Store-boilerplate description, OG image from cdn.mobygames.com, contradictory ratings",02,fetched or search result (agent log)
https://techplay.gg/games/gta-6,TechPlay game page,2026-09-27,2019 stickman parody game that GTA 6 news articles link to,02,fetched or search result (agent log)
https://techplay.gg/giveaways,TechPlay giveaways,2026-09-27,"noindex,nofollow; no active giveaways; no winners",02,fetched or search result (agent log)
https://techplay.gg/hardware/ais-growing-energy-demand-puts-power-grids-to-the-test,TechPlay tech article,2026-09-27,Hardware section article; RSS links it under /tech/ which 404s,02,fetched or search result (agent log)
https://techplay.gg/impressum,TechPlay impressum,2026-09-27,"Luminor Solutions, Sarajevo",02,fetched or search result (agent log)
https://techplay.gg/login,TechPlay login,2026-09-27,noindex,02,fetched or search result (agent log)
https://techplay.gg/manifest.json,TechPlay PWA manifest,2026-09-27,Manifest description differs from tagline,02,fetched or search result (agent log)
https://techplay.gg/marketing,TechPlay advertising page,2026-09-27,"Ad units, audience claims without numbers",02,fetched or search result (agent log)
https://techplay.gg/news/epic-games-faces-eur100m-fortnite-claim-in-the-netherlands,TechPlay article,2026-09-27,"Article layout, share buttons, 0 comments, 0 in-body links, broken category breadcrumb",02,fetched or search result (agent log)
https://techplay.gg/news/now-you-can-turn-off-gps-aids-in-marvels-wolverine-for-side-content,TechPlay article,2026-09-27,"Word count, links",02,fetched or search result (agent log)
https://techplay.gg/news/page/3,TechPlay news page 3,2026-09-27,Pagination works,02,fetched or search result (agent log)
https://techplay.gg/privacy,TechPlay privacy,2026-09-27,Exists,02,fetched or search result (agent log)
https://techplay.gg/profile/me,TechPlay profile route,2026-09-27,noindex; empty shell,02,fetched or search result (agent log)
https://techplay.gg/reviews/assassins-creed-black-flag-resynced-review,TechPlay review,2026-09-27,"Review layout, Product JSON-LD, score 9.6, author URL /author/adi",02,fetched or search result (agent log)
https://techplay.gg/robots.txt,TechPlay robots,2026-09-27,Allows AI crawlers; blocks meta-externalagent and Amazonbot,02,fetched or search result (agent log)
https://techplay.gg/rss,TechPlay RSS,2026-09-27,44 items; stale vs sitemap; /tech/ links 404,02,fetched or search result (agent log)
https://techplay.gg/shop,TechPlay shop,2026-09-27,0 PRODUCTS,02,fetched or search result (agent log)
https://techplay.gg/sitemap-articles.xml,TechPlay articles sitemap,2026-09-27,683 URLs,02,fetched or search result (agent log)
https://techplay.gg/sitemap-categories.xml,TechPlay categories sitemap,2026-09-27,14 category URLs (/news/industry etc.),02,fetched or search result (agent log)
https://techplay.gg/sitemap-games-1.xml,TechPlay games sitemap 1,2026-09-27,"49,997 URLs, 9.2 MB",02,fetched or search result (agent log)
https://techplay.gg/sitemap-hub.xml,TechPlay hub sitemap,2026-09-27,Genre/platform/year hubs,02,fetched or search result (agent log)
https://techplay.gg/sitemap-lists.xml,TechPlay lists sitemap,2026-09-27,2 URLs,02,fetched or search result (agent log)
https://techplay.gg/sitemap-news.xml,TechPlay news sitemap,2026-09-27,7 URLs in last 48h,02,fetched or search result (agent log)
https://techplay.gg/sitemap-pages.xml,TechPlay pages sitemap,2026-09-27,Static and GTA6 pages,02,fetched or search result (agent log)
https://techplay.gg/sitemap-series.xml,TechPlay series sitemap,2026-09-27,"4,181 URLs",02,fetched or search result (agent log)
https://techplay.gg/sitemap-studios.xml,TechPlay studios sitemap,2026-09-27,"31,970 URLs",02,fetched or search result (agent log)
https://techplay.gg/sitemap.xml,TechPlay sitemap index,2026-09-27,16 sub-sitemaps,02,fetched or search result (agent log)
https://techplay.gg/studios,TechPlay studios listing,2026-09-27,"31,970 studios",02,fetched or search result (agent log)
https://techplay.gg/studios/activision,TechPlay studio page,2026-09-27,"372 KB page, 148 internal links, publisher boilerplate",02,fetched or search result (agent log)
https://techplay.gg/support,TechPlay support tiers,2026-09-27,3 tiers 4.99/9.99/19.99 EUR; benefits reference videos and newsletter,02,fetched or search result (agent log)
https://techplay.gg/tech/ais-growing-energy-demand-puts-power-grids-to-the-test,TechPlay /tech/ URL,2026-09-27,404 - RSS feed links broken for hardware items,02,fetched or search result (agent log)
https://techplay.gg/terms,TechPlay terms,2026-09-27,Exists,02,fetched or search result (agent log)
https://techplay.gg/tools,TechPlay tools hub,2026-09-27,Five tools listed,02,fetched or search result (agent log)
https://techplay.gg/videos,TechPlay /videos,2026-09-27,404 page,02,fetched or search result (agent log)
https://www.facebook.com/techplaygg,TechPlay Facebook,2026-09-27,Login wall (HTTP 400 redirect) - counts UNVERIFIED,02,fetched or search result (agent log)
https://www.instagram.com/techplay.gg/,TechPlay Instagram,2026-09-27,HTTP 429 login redirect - counts UNVERIFIED,02,fetched or search result (agent log)
https://www.linkedin.com/company/techplay-gg,LinkedIn,2026-09-27,404,02,fetched or search result (agent log)
https://www.reddit.com/search.json?q=%22techplay.gg%22,Reddit search,2026-09-27,HTTP 403 - blocked,02,fetched or search result (agent log)
https://www.threads.com/@techplay.gg,Threads,2026-09-27,200 but generic shell - UNVERIFIED,02,fetched or search result (agent log)
https://www.tiktok.com/@techplay.gg,TikTok,2026-09-27,Couldn't find this account (statusCode 10221),02,fetched or search result (agent log)
https://www.tiktok.com/@techplaygg,TikTok,2026-09-27,Couldn't find this account (statusCode 10221),02,fetched or search result (agent log)
https://www.twitch.tv/techplaygg,Twitch,2026-09-27,Generic shell - UNVERIFIED,02,fetched or search result (agent log)
https://www.youtube.com/@techplay_gg,TechPlay YouTube channel,2026-09-27,"20 subscribers, joined 9 Feb 2026, no video renderers in fetched HTML",02,fetched or search result (agent log)
https://x.com/TechPlayGG,TechPlay X profile,2026-09-27,Exists; bio text; follower count not in fetched HTML,02,fetched or search result (agent log)
https://techplay.gg/author/nenad-divljakovic,TechPlay author page,2026-09-27,"72 pieces, Member since Jan 2026",02;03,fetched or search result (agent log)
https://techplay.gg/calendar,TechPlay release calendar,2026-09-27,"441 KB HTML, 1,422 releases in September, wishlist CTA",02;03,fetched or search result (agent log)
https://techplay.gg/games/elden-ring,TechPlay game page,2026-09-27,OG image from cdn.mobygames.com,02;03,fetched or search result (agent log)
https://techplay.gg/games/genre/action,TechPlay genre hub,2026-09-27,"CollectionPage JSON-LD, Top Rated list populated",02;03,fetched or search result (agent log)
https://techplay.gg/games/grand-theft-auto-vi,TechPlay game page,2026-09-27,Real GTA VI entry; meta description is pre-order boilerplate,02;03,fetched or search result (agent log)
https://techplay.gg/games/platform/pc,TechPlay platform hub,2026-09-27,Hub populated,02;03,fetched or search result (agent log)
https://techplay.gg/guides,TechPlay guides listing,2026-09-27,4 guides total; newsletter form,02;03,fetched or search result (agent log)
https://techplay.gg/hardware,TechPlay hardware listing,2026-09-27,67 items / 6 pages; content is general tech news not hardware reviews,02;03,fetched or search result (agent log)
https://techplay.gg/latest,TechPlay feed,2026-09-27,Feed page,02;03,fetched or search result (agent log)
https://techplay.gg/news,TechPlay news listing,2026-09-27,577 articles / 45 pages; newsletter copy; empty Most read block,02;03,fetched or search result (agent log)
https://techplay.gg/news/page/2,TechPlay news page 2,2026-09-27,"Paginated archive indexable, generic OG image",02;03,fetched or search result (agent log)
https://techplay.gg/wow-analyzer,TechPlay WoW Analyzer,2026-09-27,'50K+ players analyzed 4.9/5' claim; 'Midnight launches March 2 2026' stale; 2.5 MB OG PNG,02;03,fetched or search result (agent log)
https://techplay.gg/reviews,TechPlay reviews listing,2026-09-27,38 reviews / 3 pages; last review 8 Jul 2026,02;03;14;15,fetched or search result (agent log)
https://techplay.gg/games,TechPlay game database landing,2026-09-27,"Title claims 140,000+ titles vs 333,000 on homepage; 24 cover tiles no text",02;04;03,fetched or search result (agent log)
https://techplay.gg/frontiers,TechPlay Frontiers,2026-09-27,"MMO strategy teaser, empty H1",02;08,fetched or search result (agent log)
https://techplay.gg/last-disc,TechPlay Last Disc campaign,2026-09-27,"Petition page, counters render dashes in SSR, 0 votes",02;08,fetched or search result (agent log)
https://techplay.gg/news/tim-schafer-on-gaming-layoffs-someone-got-greedy,TechPlay article,2026-09-27,"Word count, BBC source not linked",02;08,fetched or search result (agent log)
https://techplay.gg/author/adi,TechPlay author alias,2026-09-27,200 - duplicate author URL used in review JSON-LD,02;08;03,fetched or search result (agent log)
https://techplay.gg/backlog-advisor,TechPlay Backlog Advisor,2026-09-27,"157 words SSR, WebApplication JSON-LD",02;08;03,fetched or search result (agent log)
https://techplay.gg/games/genre/rpg,TechPlay genre hub,2026-09-27,Top Rated list empty on SSR,02;08;03,fetched or search result (agent log)
https://techplay.gg/guides/top-world-of-warcraft-midnight-addons-to-use-in-2026,TechPlay guide,2026-09-27,"HowTo JSON-LD, HELPFUL: 0",02;08;03,fetched or search result (agent log)
https://techplay.gg/reviews/crimson-desert-review,TechPlay review,2026-09-27,"~2,500 words, 7.6/10",02;08;03,fetched or search result (agent log)
https://techplay.gg/rating-system,TechPlay rating system,2026-09-27,Review scale and five pillars,02;08;14;15;11,fetched or search result (agent log)
https://techplay.gg/news/gta-6-is-getting-a-400-collectors-set-which-does-not-contain-the-game,TechPlay article,2026-09-27,Links to wrong game entity /games/gta-6,02;08;17;03,fetched or search result (agent log)
https://techplay.gg/register,TechPlay register page,2026-09-27,15K+ MEMBERS / 50K+ GAMES claims; XP for reading; Turnstile; 3 OAuth providers,02;11,fetched or search result (agent log)
https://techplay.gg/roadmap,TechPlay roadmap,2026-09-27,Q1 items still In progress / Planned in late September,02;11,fetched or search result (agent log)
https://techplay.gg/lists,TechPlay lists,2026-09-27,One list by deleted_user_95,02;12;13,fetched or search result (agent log)
https://techplay.gg/forum,TechPlay forum,2026-09-27,0 Online 0 Threads 0 Replies 0 Members shown publicly,02;12;13;08,fetched or search result (agent log)
https://techplay.gg/leaderboard,TechPlay leaderboard,2026-09-27,Empty state; 'Read articles' listed as XP source,02;12;13;11,fetched or search result (agent log)
https://discord.com/api/v10/invites/wPQG9gUMXH?with_counts=true,Discord invite API,2026-09-27,"160 members, 24 online, server TechPlay.gg, COMMUNITY + NEWS features",02;13,fetched or search result (agent log)
https://techplay.gg/,TechPlay homepage,2026-09-27,"Headline copy, H1, CTAs, OG tags, footer links, 4 external links, SSR nav",02;13;11,fetched or search result (agent log)
https://techplay.gg/about,TechPlay about page,2026-09-27,"Positioning copy, 6 authors, principles incl. corrections policy, 333,920 games / 679 pieces",02;14;15;11,fetched or search result (agent log)
https://techplay.gg/gta6/characters,TechPlay GTA 6 characters,2026-09-27,12 character sub-pages in sitemap,02;17,fetched or search result (agent log)
https://techplay.gg/gta6/everything-we-know,TechPlay GTA 6 guide,2026-09-27,FAQPage JSON-LD; says PC not confirmed while hub lists PC Coming Soon,02;17,fetched or search result (agent log)
https://techplay.gg/gta6/map,TechPlay GTA 6 map,2026-09-27,"1,058 locations",02;17,fetched or search result (agent log)
https://techplay.gg/gta6/weapons,TechPlay GTA 6 weapons,2026-09-27,Weapons list page,02;17,fetched or search result (agent log)
https://techplay.gg/gta6,TechPlay GTA 6 hub,2026-09-27,Counters render 0 in SSR; newsletter form; 2 MB OG PNG,02;17;03,fetched or search result (agent log)
https://techplay.gg/gta6/vehicles,TechPlay GTA 6 vehicles,2026-09-27,"124 images, ItemList JSON-LD",02;17;03,fetched or search result (agent log)
https://search.brave.com/,search.brave.com,2026-09-27,Page fetched: Brave Search,03,fetched (canonical URL recorded in page)
https://techplay.gg/games/00,techplay.gg,2026-09-27,Page fetched: 00 (2021) | TechPlay,03,fetched (canonical URL recorded in page)
https://techplay.gg/games/airline-founder,techplay.gg,2026-09-27,"Page fetched: Airline Founder — release date, trailers and platforms",03,fetched (canonical URL recorded in page)
https://techplay.gg/games/anomalith,techplay.gg,2026-09-27,"Page fetched: ANOMALITH — release date, trailers and platforms",03,fetched (canonical URL recorded in page)
https://techplay.gg/games/blades-of-time-dismal-swamp,techplay.gg,2026-09-27,Page fetched: Blades of Time: Dismal Swamp (2012) | TechPlay,03,fetched (canonical URL recorded in page)
https://techplay.gg/games/crimson-desert,techplay.gg,2026-09-27,Page fetched: Crimson Desert (2026) | TechPlay,03,fetched (canonical URL recorded in page)
https://techplay.gg/games/genre/indie,techplay.gg,2026-09-27,Page fetched: Best Indie Games in 2026 | TechPlay,03,fetched (canonical URL recorded in page)
https://techplay.gg/games/geriatric-skeet-shooting,techplay.gg,2026-09-27,Page fetched: Geriatric Skeet Shooting (2000) | TechPlay,03,fetched (canonical URL recorded in page)
https://techplay.gg/games/hollow-knight-silksong,techplay.gg,2026-09-27,Page fetched: Hollow Knight: Silksong (2025) | TechPlay,03,fetched (canonical URL recorded in page)
https://techplay.gg/games/kaiju-fishing,techplay.gg,2026-09-27,Page fetched: Kaiju Fishing | TechPlay,03,fetched (canonical URL recorded in page)
https://techplay.gg/games/series/pokemon,techplay.gg,2026-09-27,Page fetched: Pokémon Games in Order — All 95 Titles | TechPlay,03,fetched (canonical URL recorded in page)
https://techplay.gg/games/series/simple-1500,techplay.gg,2026-09-27,Page fetched: Simple 1500 Games in Order — All 104 Titles | TechPlay,03,fetched (canonical URL recorded in page)
https://techplay.gg/games/series/the-jumping-food,techplay.gg,2026-09-27,Page fetched: The Jumping Food Games in Order — All 87 Titles | TechPlay,03,fetched (canonical URL recorded in page)
https://techplay.gg/games/silence,techplay.gg,2026-09-27,Page fetched: Silence (2016) | TechPlay,03,fetched (canonical URL recorded in page)
https://techplay.gg/games/tag/anime,techplay.gg,2026-09-27,Page fetched: Best Anime Games in 2026 | TechPlay,03,fetched (canonical URL recorded in page)
https://techplay.gg/games/tag/open-world,techplay.gg,2026-09-27,Page fetched: Best Open World Games in 2026 | TechPlay,03,fetched (canonical URL recorded in page)
https://techplay.gg/games/year/1990,techplay.gg,2026-09-27,Page fetched: Best Games of 1990 | TechPlay,03,fetched (canonical URL recorded in page)
https://techplay.gg/games/year/2026,techplay.gg,2026-09-27,Page fetched: Best Games of 2026 | TechPlay,03,fetched (canonical URL recorded in page)
https://techplay.gg/news/gaming,techplay.gg,2026-09-27,Page fetched: Gaming News 2026 | Latest Game Releases & Announcements | TechPlay,03,fetched (canonical URL recorded in page)
https://techplay.gg/reviews/aaa-titles,techplay.gg,2026-09-27,Page fetched: AAA Game Reviews 2026 | Testing Big Budget Blockbusters | TechPlay,03,fetched (canonical URL recorded in page)
https://techplay.gg/reviews/latest,techplay.gg,2026-09-27,Page fetched: Latest Game Reviews 2026 | New Releases & Expert Verdicts | TechPlay,03,fetched (canonical URL recorded in page)
https://techplay.gg/reviews/page/2,techplay.gg,2026-09-27,Page fetched: Game Reviews — page 2,03,fetched (canonical URL recorded in page)
https://techplay.gg/studios/nintendo,techplay.gg,2026-09-27,"Page fetched: Nintendo — games, releases and history | TechPlay",03,fetched (canonical URL recorded in page)
https://techplay.gg/studios/revira-interactive,techplay.gg,2026-09-27,"Page fetched: Revira Interactive — games, releases and history | TechPlay",03,fetched (canonical URL recorded in page)
https://techplay.gg/studios/tealrocks-studio,techplay.gg,2026-09-27,"Page fetched: TealRocks Studio — games, releases and history | TechPlay",03,fetched (canonical URL recorded in page)
https://www.bing.com/search?q=crimson+desert+review&form=QBLH&sp=-1&pq=crimson+desert+review,bing.com,2026-09-27,Page fetched: crimson desert review - Search,03,fetched (canonical URL recorded in page)
https://www.bing.com/search?q=site%3Atechplay.gg&count=50,bing.com,2026-09-27,Page fetched: site:techplay.gg - Search,03,fetched (canonical URL recorded in page)
https://www.bing.com/search?q=site%3Atechplay.gg&setlang=en&cc=US,bing.com,2026-09-27,Page fetched: site:techplay.gg - Search,03,fetched (canonical URL recorded in page)
https://www.bing.com/search?q=techplay&mkt=en-US&first=1,bing.com,2026-09-27,Page fetched: techplay - Search,03,fetched (canonical URL recorded in page)
https://www.bing.com/search?q=techplay.gg&setlang=en&cc=US,bing.com,2026-09-27,Page fetched: techplay.gg - Search,03,fetched (canonical URL recorded in page)
https://aftermath.site/gamespot-layoffs-july-2026/,aftermath.site,2026-09-27,Page fetched: Layoffs Hit GameSpot Again,04,fetched (canonical URL recorded in page)
https://aftermath.site/ign-layoffs-altano-macy/,aftermath.site,2026-09-27,Page fetched: IGN Ownership Chooses Busiest Time For Games Media In Years To Lay A Bunch Of People Off [Update],04,fetched (canonical URL recorded in page)
https://aftermath.site/kotaku-sale-keleops-go/,aftermath.site,2026-09-27,Cited in 04-COMPETITOR-INTELLIGENCE.md,04,cited in research file
https://aftermath.site/the-gamer-valnet-pay-per-session-contract/,aftermath.site,2026-09-27,Cited in 04-COMPETITOR-INTELLIGENCE.md,04,cited in research file
https://codes.eurogamer.net,codes.eurogamer.net,2026-09-27,"Page fetched: Eurogamer Store | Official Nintendo, PlayStation & Xbox Digital Codes",04,fetched (canonical URL recorded in page)
https://deltiasgaming.com/,deltiasgaming.com,2026-09-27,"Page fetched: Deltia's Gaming - Builds, Guides, News, Anime, Streamers, Tech",04,fetched (canonical URL recorded in page)
https://digiday.com/marketing/how-endemic-esports-publication-dexerto-is-making-a-bigger-play-for-brand-partnerships/,digiday.com,2026-09-27,Cited in 04-COMPETITOR-INTELLIGENCE.md,04,cited in research file
https://en.wikipedia.org/wiki/Game_Rant,en.wikipedia.org,2026-09-27,Cited in 04-COMPETITOR-INTELLIGENCE.md,04,cited in research file
https://en.wikipedia.org/wiki/Gamer_Network,en.wikipedia.org,2026-09-27,Page fetched: Gamer Network - Wikipedia,04,fetched (canonical URL recorded in page)
https://en.wikipedia.org/wiki/IGN,en.wikipedia.org,2026-09-27,Page fetched: IGN - Wikipedia,04,fetched (canonical URL recorded in page)
https://en.wikipedia.org/wiki/Kotaku,en.wikipedia.org,2026-09-27,Cited in 04-COMPETITOR-INTELLIGENCE.md,04,cited in research file
https://en.wikipedia.org/wiki/Polygon_(website,en.wikipedia.org,2026-09-27,Page fetched: Polygon (website) - Wikipedia,04,fetched (canonical URL recorded in page)
https://en.wikipedia.org/wiki/TheGamer,en.wikipedia.org,2026-09-27,Cited in 04-COMPETITOR-INTELLIGENCE.md,04,cited in research file
https://en.wikipedia.org/wiki/Valnet,en.wikipedia.org,2026-09-27,Page fetched: Valnet - Wikipedia,04,fetched (canonical URL recorded in page)
https://game8.co/,game8.co,2026-09-27,Page fetched: Game8｜The Top Gaming and App Walkthroughs Straight from Japan!,04,fetched (canonical URL recorded in page)
https://gameinformer.com/,gameinformer.com,2026-09-27,"Page fetched: Game Informer - News, Reviews, Previews, Videos & Release Dates",04,fetched (canonical URL recorded in page)
https://gamerant.com/category/game-guides/,gamerant.com,2026-09-27,Cited in 04-COMPETITOR-INTELLIGENCE.md,04,cited in research file
https://gamerant.com/db/,gamerant.com,2026-09-27,Cited in 04-COMPETITOR-INTELLIGENCE.md,04,cited in research file
https://gamerant.com/db/video-game/control-resonant/,gamerant.com,2026-09-27,Cited in 04-COMPETITOR-INTELLIGENCE.md,04,cited in research file
https://gamerant.com/db/video-game/silent-hill-townfall/,gamerant.com,2026-09-27,Cited in 04-COMPETITOR-INTELLIGENCE.md,04,cited in research file
https://gamerant.com/feed/,gamerant.com,2026-09-27,Cited in 04-COMPETITOR-INTELLIGENCE.md,04,cited in research file
https://gamerant.com/game-guides/,gamerant.com,2026-09-27,Cited in 04-COMPETITOR-INTELLIGENCE.md,04,cited in research file
https://gamerant.com/games-puzzles-quiz-play-daily-weekly/,gamerant.com,2026-09-27,Cited in 04-COMPETITOR-INTELLIGENCE.md,04,cited in research file
https://gamerant.com/opencritic-valnet-acquisition/,gamerant.com,2026-09-27,Cited in 04-COMPETITOR-INTELLIGENCE.md,04,cited in research file
https://gamerant.com/strategy-guide/,gamerant.com,2026-09-27,Cited in 04-COMPETITOR-INTELLIGENCE.md,04,cited in research file
https://gamerant.com/tag/silent-hill-townfall/,gamerant.com,2026-09-27,Cited in 04-COMPETITOR-INTELLIGENCE.md,04,cited in research file
https://gamingbolt.com/about-us,gamingbolt.com,2026-09-27,Page fetched: About Us,04,fetched (canonical URL recorded in page)
https://howlongtobeat.com/forum,howlongtobeat.com,2026-09-27,Page fetched: Forum | HowLongToBeat,04,fetched (canonical URL recorded in page)
https://howlongtobeat.com/steam,howlongtobeat.com,2026-09-27,Page fetched: How Long To Beat Your Steam Collection? | HowLongToBeat,04,fetched (canonical URL recorded in page)
https://insider-gaming.com/games/news-tower/,insider-gaming.com,2026-09-27,Page fetched: News Tower - Insider Gaming,04,fetched (canonical URL recorded in page)
https://isthereanydeal.com//,isthereanydeal.com,2026-09-27,Page fetched: IsThereAnyDeal,04,fetched (canonical URL recorded in page)
https://kotaku.com/deals,kotaku.com,2026-09-27,Cited in 04-COMPETITOR-INTELLIGENCE.md,04,cited in research file
https://kotaku.com/download/,kotaku.com,2026-09-27,Cited in 04-COMPETITOR-INTELLIGENCE.md,04,cited in research file
https://kotaku.com/game-tips,kotaku.com,2026-09-27,Cited in 04-COMPETITOR-INTELLIGENCE.md,04,cited in research file
https://kotaku.com/one-of-the-worst-companies-in-games-media-reveals-new-plan-to-only-pay-writers-per-click-2000698959,kotaku.com,2026-09-27,Cited in 04-COMPETITOR-INTELLIGENCE.md,04,cited in research file
https://kotaku.com/reviews,kotaku.com,2026-09-27,Cited in 04-COMPETITOR-INTELLIGENCE.md,04,cited in research file
https://kotaku.com/rss,kotaku.com,2026-09-27,Cited in 04-COMPETITOR-INTELLIGENCE.md,04,cited in research file
https://kotaku.com/sources-ign-layoffs-hit-multiple-departments-and-long-time-hosts-2000734361,kotaku.com,2026-09-27,Cited in 04-COMPETITOR-INTELLIGENCE.md,04,cited in research file
https://kotaku.com/tips-guides,kotaku.com,2026-09-27,Cited in 04-COMPETITOR-INTELLIGENCE.md,04,cited in research file
https://naavik.co/,naavik.co,2026-09-27,"Page fetched: Naavik - A Gaming Research, Consulting and Advisory Firm | Naavik",04,fetched (canonical URL recorded in page)
https://opencritic.com/,opencritic.com,2026-09-27,Page fetched: OpenCritic - Video Game Reviews from the Top Critics in Gaming - OpenCritic,04,fetched (canonical URL recorded in page)
https://playtracker.net/,playtracker.net,2026-09-27,"Page fetched: PlayTracker | All of gaming, together",04,fetched (canonical URL recorded in page)
https://ppc.land/future-plcs-google-problem-profit-falls-67-as-search-traffic-shrinks/,ppc.land,2026-09-27,Page fetched: Future PLC's Google problem: profit falls 67% as search traffic shrinks,04,fetched (canonical URL recorded in page)
https://stash.games/,stash.games,2026-09-27,"Page fetched: Stash - Games tracker. Track Your Games, Backlog & Wishlist",04,fetched (canonical URL recorded in page)
https://store.ign.com/,store.ign.com,2026-09-27,"Page fetched: IGN Store: Shirts, Collectibles, and Toys for What You're Into",04,fetched (canonical URL recorded in page)
https://www.businesswire.com/news/home/20220608005054/en/Valnet-Inc.-Completes-the-Acquisition-of-DualShockers.com,businesswire.com,2026-09-27,Cited in 04-COMPETITOR-INTELLIGENCE.md,04,cited in research file
https://www.dexerto.com/,dexerto.com,2026-09-27,"Page fetched: Dexerto: Gaming Culture, Influencer Entertainment, TV & Movies",04,fetched (canonical URL recorded in page)
https://www.dexerto.com/about-us/,dexerto.com,2026-09-27,Cited in 04-COMPETITOR-INTELLIGENCE.md,04,cited in research file
https://www.dexerto.com/editorial-standards/,dexerto.com,2026-09-27,Cited in 04-COMPETITOR-INTELLIGENCE.md,04,cited in research file
https://www.dexerto.com/esports/,dexerto.com,2026-09-27,Cited in 04-COMPETITOR-INTELLIGENCE.md,04,cited in research file
https://www.dexerto.com/feed/,dexerto.com,2026-09-27,Cited in 04-COMPETITOR-INTELLIGENCE.md,04,cited in research file
https://www.dexerto.com/gaming/,dexerto.com,2026-09-27,Cited in 04-COMPETITOR-INTELLIGENCE.md,04,cited in research file
https://www.dexerto.com/gaming/78-year-old-grandma-becomes-worlds-oldest-female-fortnite-streamer-3412809/,dexerto.com,2026-09-27,Cited in 04-COMPETITOR-INTELLIGENCE.md,04,cited in research file
https://www.dexerto.com/gaming/db/,dexerto.com,2026-09-27,Cited in 04-COMPETITOR-INTELLIGENCE.md,04,cited in research file
https://www.dexerto.com/reviews/,dexerto.com,2026-09-27,Cited in 04-COMPETITOR-INTELLIGENCE.md,04,cited in research file
https://www.dexerto.com/wikis/,dexerto.com,2026-09-27,Cited in 04-COMPETITOR-INTELLIGENCE.md,04,cited in research file
https://www.dexerto.com/wikis/black-ops-7-guides-walkthrough-tips/,dexerto.com,2026-09-27,Cited in 04-COMPETITOR-INTELLIGENCE.md,04,cited in research file
https://www.dualshockers.com/,dualshockers.com,2026-09-27,"Page fetched: DualShockers - The Latest on Gaming News, In-Depth Guides & More",04,fetched (canonical URL recorded in page)
https://www.dualshockers.com/best-games-to-play-if-you-loved-control-resonant/,dualshockers.com,2026-09-27,Cited in 04-COMPETITOR-INTELLIGENCE.md,04,cited in research file
https://www.dualshockers.com/feed/,dualshockers.com,2026-09-27,Cited in 04-COMPETITOR-INTELLIGENCE.md,04,cited in research file
https://www.dualshockers.com/guides/,dualshockers.com,2026-09-27,Cited in 04-COMPETITOR-INTELLIGENCE.md,04,cited in research file
https://www.dualshockers.com/premium/,dualshockers.com,2026-09-27,Cited in 04-COMPETITOR-INTELLIGENCE.md,04,cited in research file
https://www.dualshockers.com/tag/silent-hill-townfall/,dualshockers.com,2026-09-27,Cited in 04-COMPETITOR-INTELLIGENCE.md,04,cited in research file
https://www.eurogamer.net/archive/supporter,eurogamer.net,2026-09-27,Page fetched: Supporter Archive | Eurogamer.net,04,fetched (canonical URL recorded in page)
https://www.eurogamer.net/deals,eurogamer.net,2026-09-27,Page fetched: Video Game Deals | Eurogamer.net,04,fetched (canonical URL recorded in page)
https://www.eurogamer.net/guides,eurogamer.net,2026-09-27,Page fetched: Video Game Guides | Eurogamer.net,04,fetched (canonical URL recorded in page)
https://www.eurogamer.net/latest,eurogamer.net,2026-09-27,Page fetched: Latest Articles | Eurogamer.net,04,fetched (canonical URL recorded in page)
https://www.eurogamer.net/news,eurogamer.net,2026-09-27,Page fetched: Video Game News | Eurogamer.net,04,fetched (canonical URL recorded in page)
https://www.eurogamer.net/pokemon-pokopia-walkthrough,eurogamer.net,2026-09-27,Page fetched: Pokémon Pokopia walkthrough | Eurogamer.net,04,fetched (canonical URL recorded in page)
https://www.eurogamer.net/silent-hill-townfall-review,eurogamer.net,2026-09-27,Page fetched: Silent Hill: Townfall review - the classic survival horror series takes more big swings and its stellar revival continue,04,fetched (canonical URL recorded in page)
https://www.eurogamer.net/subscribe,eurogamer.net,2026-09-27,Page fetched: Eurogamer Subscription | Eurogamer.net,04,fetched (canonical URL recorded in page)
https://www.eurogamer.net/upcoming-video-games-2026-releases,eurogamer.net,2026-09-27,Page fetched: Upcoming Video Game Releases September 2026 | Eurogamer.net,04,fetched (canonical URL recorded in page)
https://www.gamedeveloper.com/business/ign-lays-off-staff-affecting-12-percent-of-the-union-s-bargaining-unit,gamedeveloper.com,2026-09-27,"Page fetched: IGN lays off union staff, affecting 12 percent of the bargaining unit",04,fetched (canonical URL recorded in page)
https://www.gamedeveloper.com/business/polygon-sold-to-valnet-many-staff-laid-off,gamedeveloper.com,2026-09-27,Page fetched: Vox sells Polygon to Valnet in a blow to video game market,04,fetched (canonical URL recorded in page)
https://www.gamesradar.com/,gamesradar.com,2026-09-27,Page fetched: GamesRadar+,04,fetched (canonical URL recorded in page)
https://www.gamesradar.com/games/action/ace-combat-8-wings-of-theve-review/,gamesradar.com,2026-09-27,"Page fetched: Ace Combat 8: Wings of Theve review: ""Soars thanks to thrilling dogfights and a genuinely gripping Metal Gear-like story",04,fetched (canonical URL recorded in page)
https://www.gamesradar.com/games/grand-theft-auto/countdown-to-gta-6/,gamesradar.com,2026-09-27,Page fetched: Countdown to GTA 6 with GamesRadar+ | GamesRadar+,04,fetched (canonical URL recorded in page)
https://www.gamesradar.com/games/rpg/gamesradar-rpg-club-september-2026-the-blood-of-dawnwalker/,gamesradar.com,2026-09-27,Page fetched: GamesRadar+ RPG Club (September 2026): The Blood of Dawnwalker | GamesRadar+,04,fetched (canonical URL recorded in page)
https://www.gamesradar.com/replay/,gamesradar.com,2026-09-27,Page fetched: GamesRadar+ Replay | GamesRadar+,04,fetched (canonical URL recorded in page)
https://www.gamesradar.com/review-guidelines-how-we-score/,gamesradar.com,2026-09-27,Page fetched: GamesRadar Review Scores | GamesRadar+,04,fetched (canonical URL recorded in page)
https://www.gamesradar.com/witcher-3-armor/,gamesradar.com,2026-09-27,"Page fetched: Witcher 3 armor crafting, types, and witcher gear explained | GamesRadar+",04,fetched (canonical URL recorded in page)
https://www.gog.com/galaxy/,gog.com,2026-09-27,Page fetched: GOG GALAXY - All your games and friends in one place.,04,fetched (canonical URL recorded in page)
https://www.ign.com/articles/godzilla-minus-zero-review,ign.com,2026-09-27,Page fetched: Godzilla Minus Zero Review,04,fetched (canonical URL recorded in page)
https://www.ign.com/deals,ign.com,2026-09-27,Page fetched: Best Gaming and Tech Deals - IGN,04,fetched (canonical URL recorded in page)
https://www.ign.com/games/silent-hill-townfall,ign.com,2026-09-27,Page fetched: Silent Hill: Townfall - IGN,04,fetched (canonical URL recorded in page)
https://www.ign.com/news,ign.com,2026-09-27,Page fetched: Latest and Trending News - IGN,04,fetched (canonical URL recorded in page)
https://www.ign.com/newsletters,ign.com,2026-09-27,Page fetched: IGN Newsletters - IGN,04,fetched (canonical URL recorded in page)
https://www.ign.com/plus,ign.com,2026-09-27,Page fetched: IGN Plus - IGN,04,fetched (canonical URL recorded in page)
https://www.ign.com/reviews/games,ign.com,2026-09-27,Page fetched: Video Game Reviews - IGN,04,fetched (canonical URL recorded in page)
https://www.ign.com/rewards,ign.com,2026-09-27,Page fetched: Rewards,04,fetched (canonical URL recorded in page)
https://www.ign.com/wikis,ign.com,2026-09-27,"Page fetched: Game Guides, Cheats, Walkthroughs, FAQs - IGN",04,fetched (canonical URL recorded in page)
https://www.ign.com/wikis/silent-hill-townfall,ign.com,2026-09-27,Page fetched: Silent Hill: Townfall Guide - IGN,04,fetched (canonical URL recorded in page)
https://www.nintendolife.com/,nintendolife.com,2026-09-27,Page fetched: Nintendo Life | Nintendo News & Reviews 24/7,04,fetched (canonical URL recorded in page)
https://www.nintendolife.com/eshop,nintendolife.com,2026-09-27,Cited in 04-COMPETITOR-INTELLIGENCE.md,04,cited in research file
https://www.nintendolife.com/features,nintendolife.com,2026-09-27,Cited in 04-COMPETITOR-INTELLIGENCE.md,04,cited in research file
https://www.nintendolife.com/feeds/latest,nintendolife.com,2026-09-27,Cited in 04-COMPETITOR-INTELLIGENCE.md,04,cited in research file
https://www.nintendolife.com/forums/news/will_nintendo_lifepush_squarepure_xboxtime_extension_be_ok,nintendolife.com,2026-09-27,Cited in 04-COMPETITOR-INTELLIGENCE.md,04,cited in research file
https://www.nintendolife.com/games,nintendolife.com,2026-09-27,Cited in 04-COMPETITOR-INTELLIGENCE.md,04,cited in research file
https://www.nintendolife.com/games/switch-eshop/ea_sports_fc_27,nintendolife.com,2026-09-27,Cited in 04-COMPETITOR-INTELLIGENCE.md,04,cited in research file
https://www.nintendolife.com/guides,nintendolife.com,2026-09-27,Cited in 04-COMPETITOR-INTELLIGENCE.md,04,cited in research file
https://www.nintendolife.com/guides/best-castlevania-games-ranked-switch-and-nintendo-consoles,nintendolife.com,2026-09-27,Cited in 04-COMPETITOR-INTELLIGENCE.md,04,cited in research file
https://www.nintendolife.com/guides/nintendo-direct-september-2026-every-game-announcement-and-trailer,nintendolife.com,2026-09-27,Cited in 04-COMPETITOR-INTELLIGENCE.md,04,cited in research file
https://www.nintendolife.com/news/2025/08/we-answer-to-nobody-but-you-the-audience-digital-foundry-is-now-fully-independent,nintendolife.com,2026-09-27,Cited in 04-COMPETITOR-INTELLIGENCE.md,04,cited in research file
https://www.nintendolife.com/newsletter(s,nintendolife.com,2026-09-27,Cited in 04-COMPETITOR-INTELLIGENCE.md,04,cited in research file
https://www.nintendolife.com/ownership,nintendolife.com,2026-09-27,Cited in 04-COMPETITOR-INTELLIGENCE.md,04,cited in research file
https://www.nintendolife.com/reviews,nintendolife.com,2026-09-27,Cited in 04-COMPETITOR-INTELLIGENCE.md,04,cited in research file
https://www.nintendolife.com/supporter,nintendolife.com,2026-09-27,Cited in 04-COMPETITOR-INTELLIGENCE.md,04,cited in research file
https://www.nintendolife.com/topics,nintendolife.com,2026-09-27,Cited in 04-COMPETITOR-INTELLIGENCE.md,04,cited in research file
https://www.pcgamer.com/epic-games-store-free-games-list/,pcgamer.com,2026-09-27,Page fetched: Epic Games Store current free games | PC Gamer,04,fetched (canonical URL recorded in page)
https://www.pcgamer.com/games/action/ace-combat-8-wings-of-theve-review/,pcgamer.com,2026-09-27,Page fetched: Ace Combat 8: Wings of Theve review | PC Gamer,04,fetched (canonical URL recorded in page)
https://www.pcgamer.com/games/horror/silent-hill-townfall-open-the-auxiliary-lines/,pcgamer.com,2026-09-27,Page fetched: Auxiliary Room puzzle solution for Silent Hill: Townfall | PC Gamer,04,fetched (canonical URL recorded in page)
https://www.pcgamer.com/gaming-industry/pc-gamer-hyperfeed-beta-is-live/,pcgamer.com,2026-09-27,Page fetched: PC Gamer's Hyperfeed beta is live | PC Gamer,04,fetched (canonical URL recorded in page)
https://www.pcgamer.com/grand-theft-auto-6/,pcgamer.com,2026-09-27,Page fetched: Grand Theft Auto 6 coverage | PC Gamer,04,fetched (canonical URL recorded in page)
https://www.pcgamer.com/guides/,pcgamer.com,2026-09-27,Page fetched: PC gaming guides | PC Gamer,04,fetched (canonical URL recorded in page)
https://www.pcgamer.com/hardware/,pcgamer.com,2026-09-27,Page fetched: Hardware Coverage | PC Gamer,04,fetched (canonical URL recorded in page)
https://www.pcgamer.com/hyperfeed/,pcgamer.com,2026-09-27,Page fetched: Hyperfeed | PC Gamer,04,fetched (canonical URL recorded in page)
https://www.pcgamer.com/the-best-graphics-cards/,pcgamer.com,2026-09-27,Page fetched: Best graphics cards in 2026: These are the GPUs worth spending money in right now | PC Gamer,04,fetched (canonical URL recorded in page)
https://www.polygon.com/,polygon.com,2026-09-27,"Page fetched: Polygon: Gaming and Entertainment News, Culture, Reviews, and More",04,fetched (canonical URL recorded in page)
https://www.polygon.com/game-of-the-year-goty-game-awards-2026-frontrunners/,polygon.com,2026-09-27,Page fetched: Game Awards 2026: All Game of the Year Front-Runners and Predictions,04,fetched (canonical URL recorded in page)
https://www.polygon.com/gaming-news/,polygon.com,2026-09-27,Page fetched: Gaming News | Polygon.com,04,fetched (canonical URL recorded in page)
https://www.polygon.com/gaming-reviews/,polygon.com,2026-09-27,Page fetched: Gaming Reviews | Polygon.com,04,fetched (canonical URL recorded in page)
https://www.polygon.com/godzilla-minus-zero-review/,polygon.com,2026-09-27,Page fetched: 'Godzilla Minus Zero' Review: The Best Godzilla Movie of All Time — Until Takashi Yamazaki's Next Sequel,04,fetched (canonical URL recorded in page)
https://www.polygon.com/login/,polygon.com,2026-09-27,Page fetched: Polygon.com,04,fetched (canonical URL recorded in page)
https://www.polygon.com/subnautica-2-guides-walkthroughs-tips-locations/,polygon.com,2026-09-27,Page fetched: Subnautica 2 guides and walkthroughs,04,fetched (canonical URL recorded in page)
https://www.purexbox.com/,purexbox.com,2026-09-27,Cited in 04-COMPETITOR-INTELLIGENCE.md,04,cited in research file
https://www.purexbox.com/feeds/latest,purexbox.com,2026-09-27,Cited in 04-COMPETITOR-INTELLIGENCE.md,04,cited in research file
https://www.purexbox.com/games,purexbox.com,2026-09-27,Cited in 04-COMPETITOR-INTELLIGENCE.md,04,cited in research file
https://www.purexbox.com/games/xbox-series-x/control_resonant,purexbox.com,2026-09-27,Cited in 04-COMPETITOR-INTELLIGENCE.md,04,cited in research file
https://www.purexbox.com/guides,purexbox.com,2026-09-27,Cited in 04-COMPETITOR-INTELLIGENCE.md,04,cited in research file
https://www.pushsquare.com/,pushsquare.com,2026-09-27,"Page fetched: Push Square | PS5, PSVR2 News & Reviews 24/7",04,fetched (canonical URL recorded in page)
https://www.pushsquare.com/feeds/latest,pushsquare.com,2026-09-27,Cited in 04-COMPETITOR-INTELLIGENCE.md,04,cited in research file
https://www.pushsquare.com/forums,pushsquare.com,2026-09-27,Cited in 04-COMPETITOR-INTELLIGENCE.md,04,cited in research file
https://www.pushsquare.com/games,pushsquare.com,2026-09-27,Cited in 04-COMPETITOR-INTELLIGENCE.md,04,cited in research file
https://www.pushsquare.com/games/ps5/control_resonant,pushsquare.com,2026-09-27,Cited in 04-COMPETITOR-INTELLIGENCE.md,04,cited in research file
https://www.pushsquare.com/guides,pushsquare.com,2026-09-27,Cited in 04-COMPETITOR-INTELLIGENCE.md,04,cited in research file
https://www.pushsquare.com/guides/these-21plus-ps5-and-ps-plus-games-are-coming-out-next-week-28th-4th-october,pushsquare.com,2026-09-27,Cited in 04-COMPETITOR-INTELLIGENCE.md,04,cited in research file
https://www.pushsquare.com/newsletter(s,pushsquare.com,2026-09-27,Cited in 04-COMPETITOR-INTELLIGENCE.md,04,cited in research file
https://www.pushsquare.com/ps-plus,pushsquare.com,2026-09-27,Cited in 04-COMPETITOR-INTELLIGENCE.md,04,cited in research file
https://www.pushsquare.com/reviews,pushsquare.com,2026-09-27,Cited in 04-COMPETITOR-INTELLIGENCE.md,04,cited in research file
https://www.pushsquare.com/users/get2sammyb,pushsquare.com,2026-09-27,Cited in 04-COMPETITOR-INTELLIGENCE.md,04,cited in research file
https://www.resetera.com/,resetera.com,2026-09-27,Page fetched: ResetEra,04,fetched (canonical URL recorded in page)
https://www.rockpapershotgun.com/arc-raiders-is-testing-a-pve-mode-because-a-large-and-growing-group-refuse-to-hunt-each-other,rockpapershotgun.com,2026-09-27,"Page fetched: Arc Raiders is testing a PvE mode because ""a large and growing group"" refuse to hunt each other | Rock Paper Shotgun",04,fetched (canonical URL recorded in page)
https://www.rockpapershotgun.com/latest,rockpapershotgun.com,2026-09-27,Page fetched: Latest Articles | Rock Paper Shotgun,04,fetched (canonical URL recorded in page)
https://www.rockpapershotgun.com/subscribe,rockpapershotgun.com,2026-09-27,Page fetched: Support Us | Rock Paper Shotgun,04,fetched (canonical URL recorded in page)
https://www.rockpapershotgun.com/supporters,rockpapershotgun.com,2026-09-27,Page fetched: Supporters | Rock Paper Shotgun,04,fetched (canonical URL recorded in page)
https://www.rockpapershotgun.com/the-best-pc-games,rockpapershotgun.com,2026-09-27,Page fetched: The best PC games to play right now | Rock Paper Shotgun,04,fetched (canonical URL recorded in page)
https://www.rockpapershotgun.com/the-blood-of-dawnwalker-review-worthy-to-sip-blood-at-the-top-rpgs-table,rockpapershotgun.com,2026-09-27,Page fetched: The Blood of Dawnwalker review - worthy to sip blood at the top RPGs' table | Rock Paper Shotgun,04,fetched (canonical URL recorded in page)
https://www.rockpapershotgun.com/wordle-hint-and-answer-today-27-09-26,rockpapershotgun.com,2026-09-27,"Page fetched: Today's Wordle hint and answer for Sunday, September 27 | Rock Paper Shotgun",04,fetched (canonical URL recorded in page)
https://www.rogue.site/,rogue.site,2026-09-27,Page fetched: Rogue,04,fetched (canonical URL recorded in page)
https://www.steamhype.com/,steamhype.com,2026-09-27,Cited in 04-COMPETITOR-INTELLIGENCE.md,04,cited in research file
https://www.thegamer.com/,thegamer.com,2026-09-27,"Page fetched: TheGamer - The Leading Source for Gaming News, Reviews, and Interviews",04,fetched (canonical URL recorded in page)
https://www.thegamer.com/control-resonant-how-long-to-beat-hours-100-percent-new-game-plus-what-carries-over-guide/,thegamer.com,2026-09-27,Cited in 04-COMPETITOR-INTELLIGENCE.md,04,cited in research file
https://www.thegamer.com/feed/,thegamer.com,2026-09-27,Cited in 04-COMPETITOR-INTELLIGENCE.md,04,cited in research file
https://www.thegamer.com/page/newsletter/,thegamer.com,2026-09-27,Cited in 04-COMPETITOR-INTELLIGENCE.md,04,cited in research file
https://www.thegamer.com/premium/,thegamer.com,2026-09-27,Cited in 04-COMPETITOR-INTELLIGENCE.md,04,cited in research file
https://www.thegamer.com/tag/control-resonant/,thegamer.com,2026-09-27,Cited in 04-COMPETITOR-INTELLIGENCE.md,04,cited in research file
https://www.thegamer.com/tag/silent-hill-townfall/,thegamer.com,2026-09-27,Cited in 04-COMPETITOR-INTELLIGENCE.md,04,cited in research file
https://www.theouterhaven.net/google-is-hurting-gaming-websites-and-journalists-are-paying-the-price/,theouterhaven.net,2026-09-27,"Page fetched: Google Is Hurting Gaming Websites, and Journalists Are Paying the Price | The Outerhaven",04,fetched (canonical URL recorded in page)
https://www.thewrap.com/fandom-gamespot-layoffs/,thewrap.com,2026-09-27,Page fetched: Fandom Lays Off Another Round of Staff in Latest Restructuring,04,fetched (canonical URL recorded in page)
https://www.timeextension.com/,timeextension.com,2026-09-27,Cited in 04-COMPETITOR-INTELLIGENCE.md,04,cited in research file
https://www.valnetinc.com/en/gaming,valnetinc.com,2026-09-27,Cited in 04-COMPETITOR-INTELLIGENCE.md,04,cited in research file
https://www.vg247.com/,vg247.com,2026-09-27,Page fetched: VG247,04,fetched (canonical URL recorded in page)
https://www.vg247.com/archive/guides,vg247.com,2026-09-27,Cited in 04-COMPETITOR-INTELLIGENCE.md,04,cited in research file
https://www.vg247.com/archive/news,vg247.com,2026-09-27,Cited in 04-COMPETITOR-INTELLIGENCE.md,04,cited in research file
https://www.vg247.com/feed,vg247.com,2026-09-27,Cited in 04-COMPETITOR-INTELLIGENCE.md,04,cited in research file
https://www.vg247.com/newsletters,vg247.com,2026-09-27,Cited in 04-COMPETITOR-INTELLIGENCE.md,04,cited in research file
https://www.videogameschronicle.com/news/games-media-set-for-more-layoffs-as-ign-owned-eurogamer-cuts-editorial-staff/,videogameschronicle.com,2026-09-27,"Page fetched: Games media set for more layoffs, as IGN-owned Eurogamer cuts editorial staff | VGC",04,fetched (canonical URL recorded in page)
https://kotaku.com/,kotaku.com,2026-09-27,"Page fetched: Kotaku - Gaming Reviews, News, Tips and More.",04;06,fetched (canonical URL recorded in page)
https://www.eurogamer.net/xbox-layoffs-activision-rare-halo-ninja-theory,eurogamer.net,2026-09-27,"Page fetched: Xbox confirms 268 more layoffs, further studio closures, and Obsidian's shift to Bethesda as major restructuring continu",04;06,fetched (canonical URL recorded in page)
https://www.gamesradar.com/games/grand-theft-auto/bringing-gta-6-to-nintendo-switch-2-doesnt-make-sense-when-anyone-will-buy-a-ps5-to-get-your-game-says-former-rockstar-dev/,gamesradar.com,2026-09-27,"Page fetched: Bringing GTA 6 to Nintendo Switch 2 ""doesn't make sense"" when ""anyone will buy a PS5 to get your game,"" says former Rock",04;06,fetched (canonical URL recorded in page)
https://www.ign.com/articles/minecraft-is-getting-its-first-new-dimension-in-over-14-years,ign.com,2026-09-27,Page fetched: Minecraft Gets the Sift Dimension in 2027,04;06,fetched (canonical URL recorded in page)
https://www.pcgamer.com/gaming-industry/latest-xbox-layoffs-reportedly-devastated-age-of-empires-developer-and-canceled-its-next-game/,pcgamer.com,2026-09-27,Page fetched: Latest Xbox layoffs reportedly devastated Age of Empires developer and canceled its next game | PC Gamer,04;06,fetched (canonical URL recorded in page)
https://www.polygon.com/patch-notes-xbox-layoffs-restructuring-fall-good-games/,polygon.com,2026-09-27,Page fetched: Xbox Almost Spoiled the Best Time of Year for Games,04;06,fetched (canonical URL recorded in page)
https://www.polygon.com/physint-budget-controversy/,polygon.com,2026-09-27,Page fetched: The Real Budget Of Hideo Kojima's Physint Remains A Mystery,04;06,fetched (canonical URL recorded in page)
https://www.purexbox.com/guides/xbox-game-pass-all-games-coming-soon-in-october-2026,purexbox.com,2026-09-27,Cited in 04-COMPETITOR-INTELLIGENCE.md,04;06,cited in research file
https://www.pushsquare.com/news/2026/09/xbox-allegedly-paying-a-fraction-of-the-usd400-million-budget-kojima-is-rumoured-to-have-quoted-sony-for-physint,pushsquare.com,2026-09-27,Cited in 04-COMPETITOR-INTELLIGENCE.md,04;06,cited in research file
https://gamerant.com/,gamerant.com,2026-09-27,"Page fetched: GameRant - Breaking News, Reviews & Everything Else in the World of Video Games",04;08,fetched (canonical URL recorded in page)
https://www.ign.com/maps,ign.com,2026-09-27,Page fetched: Interactive Maps - IGN,04;10,fetched (canonical URL recorded in page)
https://www.ign.com/upcoming/games,ign.com,2026-09-27,"Page fetched: Upcoming Games - Release Dates, Trailers, Info and more - IGN",04;10,fetched (canonical URL recorded in page)
https://alineaanalytics.substack.com/p/saros-sells-300k-in-its-first-two,Alinea Analytics,2026-09-27,"Saros 300K+ in two weeks, $22M (search result)",05,fetched or search result (agent log)
https://blizzardwatch.com/2026/07/28/wow-12-1-release-date/,Blizzard Watch,2026-09-27,WoW 12.1 11 Aug 2026; Season 2 18 Aug (search result),05,fetched or search result (agent log)
https://blog.playstation.com/,PlayStation Blog,2026-09-27,GTA VI 'plays best on PS5' promo + Extended Look; Lisa x PlayStation DualSense pre-order 2 Oct; Wolverine out 15 Sep,05,fetched or search result (agent log)
https://en.wikipedia.org/wiki/007_First_Light,Wikipedia,2026-09-27,007 First Light 27 May 2026; 4M by Aug 2026; Switch 2 Mar 2027,05,fetched or search result (agent log)
https://en.wikipedia.org/wiki/Apex_Legends,Wikipedia,2026-09-27,Apex Switch version discontinued after Season 29 (announced 30 Jan 2026),05,fetched or search result (agent log)
https://en.wikipedia.org/wiki/Assassin's_Creed,Wikipedia,2026-09-27,Latest AC release: Black Flag Resynced 9 Jul 2026; Hexe unannounced date,05,fetched or search result (agent log)
https://en.wikipedia.org/wiki/BlizzCon,Wikipedia,2026-09-27,BlizzCon 2026 12-13 Sep Anaheim,05,fetched or search result (agent log)
https://en.wikipedia.org/wiki/Bloodborne,Wikipedia,2026-09-27,Bloodborne animated film announced Apr 2026; no remaster,05,fetched or search result (agent log)
https://en.wikipedia.org/wiki/Deadlock_(video_game,Wikipedia,2026-09-27,Deadlock unreleased Valve MOBA-shooter,05,fetched or search result (agent log)
https://en.wikipedia.org/wiki/Electronic_Arts,Wikipedia,2026-09-27,EA $55B buyout by PIF/Silver Lake/Affinity closed 4 Aug 2026; PIF 93.4%,05,fetched or search result (agent log)
https://en.wikipedia.org/wiki/Embracer_Group,Wikipedia,2026-09-27,"Embracer spin-off of Fellowship Entertainment announced 20 May 2026, completing 2027; 6,090 employees",05,fetched or search result (agent log)
https://en.wikipedia.org/wiki/Epic_Games_v._Apple,Wikipedia,2026-09-27,Supreme Court granted cert for Apple v. Epic in 2026 term (contempt question),05,fetched or search result (agent log)
https://en.wikipedia.org/wiki/Esports_World_Cup,Wikipedia,2026-09-27,"EWC 2026 moved to Paris (6 Jul-23 Aug), $75M; 2027 back in Riyadh",05,fetched or search result (agent log)
https://en.wikipedia.org/wiki/Fortnite_Battle_Royale,Wikipedia,2026-09-27,Fortnite 2026 partnerships; Crown Jam,05,fetched or search result (agent log)
https://en.wikipedia.org/wiki/God_of_War_Laufey,Wikipedia,2026-09-27,God of War Laufey 16 Feb 2027 PS5,05,fetched or search result (agent log)
https://en.wikipedia.org/wiki/Golden_Joystick_Awards,Wikipedia,2026-09-27,GJA 2025 held 20 Nov 2025; GTA VI Most Wanted,05,fetched or search result (agent log)
https://en.wikipedia.org/wiki/Kirby_Air_Riders,Wikipedia,2026-09-27,Kirby Air Riders 1.87M by 31 Mar 2026,05,fetched or search result (agent log)
https://en.wikipedia.org/wiki/Light_No_Fire,Wikipedia,2026-09-27,Light No Fire expected after 2026,05,fetched or search result (agent log)
https://en.wikipedia.org/wiki/Marathon_(2026_video_game,Wikipedia,2026-09-27,Marathon released 5 Mar 2026,05,fetched or search result (agent log)
https://en.wikipedia.org/wiki/Metal_Gear,Wikipedia,2026-09-27,MGS Master Collection Vol. 2 27 Aug 2026; 66.4M units,05,fetched or search result (agent log)
https://en.wikipedia.org/wiki/Metroid_Ravenous,Wikipedia,2026-09-27,Metroid Ravenous 28 Jan 2027 Switch 2,05,fetched or search result (agent log)
https://en.wikipedia.org/wiki/Minecraft_Dungeons_II,Wikipedia,2026-09-27,Minecraft Dungeons II 29 Sep 2026,05,fetched or search result (agent log)
https://en.wikipedia.org/wiki/Nintendo_Switch_Online,Wikipedia,2026-09-27,NSO: Virtual Boy Feb 2026; DK Challenge Jun-Sep 2026,05,fetched or search result (agent log)
https://en.wikipedia.org/wiki/Persona_6,Wikipedia,2026-09-27,Persona 6 formally announced Jun 2026,05,fetched or search result (agent log)
https://en.wikipedia.org/wiki/Planet_Zoo_2,Wikipedia,2026-09-27,Planet Zoo 2 13 Oct 2026,05,fetched or search result (agent log)
https://en.wikipedia.org/wiki/PlayStation_5,Wikipedia,2026-09-27,PS5 95M as of 30 Jun 2026; 2 Apr 2026 price rise; Live TV 31 Aug 2026; firmware 14.00 16 Sep 2026,05,fetched or search result (agent log)
https://en.wikipedia.org/wiki/Pokémon_Champions,Wikipedia,2026-09-27,Pokémon Champions released 8 Apr 2026 Switch; mobile 17 Jun,05,fetched or search result (agent log)
https://en.wikipedia.org/wiki/Saros_(video_game,Wikipedia,2026-09-27,"Saros 30 Apr 2026 PS5, MC 87",05,fetched or search result (agent log)
https://en.wikipedia.org/wiki/Star_Fox_(2026_video_game,Wikipedia,2026-09-27,Star Fox released 25 Jun 2026,05,fetched or search result (agent log)
https://en.wikipedia.org/wiki/Stranger_Than_Heaven,Wikipedia,2026-09-27,Stranger Than Heaven 15 Jan 2027,05,fetched or search result (agent log)
https://en.wikipedia.org/wiki/Ubisoft,Wikipedia,2026-09-27,"Ubisoft ownership: Guillemot 14%, Tencent 9.99%; 16,590 employees",05,fetched or search result (agent log)
https://en.wikipedia.org/wiki/Until_Dawn_2,Wikipedia,2026-09-27,Until Dawn 2 28 Jan 2027 PS5,05,fetched or search result (agent log)
"https://en.wikipedia.org/wiki/Warhammer_40,000:_Dawn_of_War_IV",Wikipedia,2026-09-27,DoW IV 3 Dec 2026 PC (delayed from 17 Sep); Commander Edition 30 Nov,05,fetched or search result (agent log)
https://en.wikipedia.org/wiki/World_of_Warcraft:_Midnight,Wikipedia,2026-09-27,Midnight released 2 Mar 2026,05,fetched or search result (agent log)
https://en.wikipedia.org/wiki/Xbox_Game_Pass,Wikipedia,2026-09-27,Game Pass tiers $9.99/$14.99/$13.99/$22.99; ~30M subs Jul 2026; CoD no longer day one; cloud gaming limits from Nov 2026,05,fetched or search result (agent log)
https://en.wikipedia.org/wiki/Xbox_Series_X_and_Series_S,Wikipedia,2026-09-27,Xbox price rises 1 Aug 2026; Series X $649.99; Series X25 Limited Edition Nov 2026; 35M sold Feb 2026,05,fetched or search result (agent log)
https://esports.gg/news/counter-strike-2/schedule-cs2-events-2026/,esports.gg,2026-09-27,CS2 2026 schedule incl. IEM Beijing 2-8 Nov (search result),05,fetched or search result (agent log)
https://forza.net/news/forza-horizon-6-coming-may-2026,Forza,2026-09-27,Forza Horizon 6 19 May 2026 (search result),05,fetched or search result (agent log)
https://gameinformer.com/2027,Game Informer,2026-09-27,2027 release schedule Jan-May with platforms; TBA 2027 list,05,fetched or search result (agent log)
https://gameinformer.com/state-of-play/2026/09/03/everything-announced-at-the-september-2026-playstation-state-of-play,Game Informer,2026-09-27,"State of Play 3 Sep 2026 announcements: FF7 Revelation 8 Apr 2027, Until Dawn 2, Metro 2039, Maneater 2, GTA VI DualSense 19 Nov, Crimson Desert DLC 15 Oct, GT7 Spec IV, Hunter's Moon 26 Oct",05,fetched or search result (agent log)
https://gamerant.com/video-game/release-dates/2026/10/,Game Rant,2026-09-27,October 2026 release list,05,fetched or search result (agent log)
https://gg.deals/news/black-friday-pc-game-deals/,gg.deals,2026-09-27,No coordinated Steam sale near Black Friday 2026 (search result),05,fetched or search result (agent log)
https://lolesports.com/en-US/schedule?leagues=worlds,LoL Esports,2026-09-27,Worlds Oct 15-Nov 14 on official schedule,05,fetched or search result (agent log)
https://marvelrivals.fandom.com/wiki/Season_9:_The_Mystery_of_Thebes,Marvel Rivals Wiki,2026-09-27,Season 10 started 11 Sep 2026 (search result),05,fetched or search result (agent log)
https://news.xbox.com/en-us/2026/03/26/xbox-partner-preview-march-2026-recap/,Xbox Wire,2026-09-27,Last Xbox Partner Preview was 26 Mar 2026; no Oct 2026 edition found (search result),05,fetched or search result (agent log)
https://novacrystallis.com/2026/09/final-fantasy-xiv-previews-patch-7-56-arriving-september-8-2026/,Nova Crystallis,2026-09-27,FFXIV 7.56 on 8 Sep 2026 (search result),05,fetched or search result (agent log)
https://screenrant.com/gta-6-official-release-date-update-september-2026/,Screen Rant,2026-09-27,25 Sep 2026 article: Nov 19 date still confirmed; $400 collector box without game; two official delays,05,fetched or search result (agent log)
https://shopping.yahoo.com/deals/articles/black-friday-2026-dates-expect-160000795.html,Yahoo Shopping,2026-09-27,Black Friday 27 Nov 2026; Cyber Monday 30 Nov 2026 (search result),05,fetched or search result (agent log)
https://store.steampowered.com/news/app/1030300/view/554635692378948961,Steam News (Team Cherry),2026-09-27,Sea of Sorrow coming 2026 (search result),05,fetched or search result (agent log)
https://tech-insider.org/game-pass-vs-playstation-plus-2026/,tech-insider.org,2026-09-27,PS Plus annual price rise applies at renewals from 6 Nov 2026 (search result; low-authority),05,fetched or search result (agent log)
https://tech-insider.org/games-industry-reset-2026-layoffs/,tech-insider.org,2026-09-27,"2026 layoff counts (10,140 by 11 Aug per GamesIndustry.biz; 135 closures per gaminglayoffs.com); low-authority aggregator",05,fetched or search result (agent log)
https://tgs.cesa.or.jp/2026/en,Tokyo Game Show,2026-09-27,"TGS 2026 17-21 Sep, day 5 cancelled for typhoon (search result)",05,fetched or search result (agent log)
https://thegameawards.com/,The Game Awards,2026-09-27,The Game Awards 2026 on Thursday 10 December 2026 Peacock Theater LA (search result),05,fetched or search result (agent log)
https://videocardz.com/newz/nvidia-geforce-rtx-50-super-pushed-back-rtx-60-mass-production-could-move-to-2028,VideoCardz,2026-09-27,RTX 60 mass production could slip to 2028 (search result),05,fetched or search result (agent log)
https://www.callofduty.com/blog,Call of Duty Blog,2026-09-27,"MW4 Season 1 operator toggle, campaign trailer, pre-order live on Switch 2, Warzone S06 patch notes",05,fetched or search result (agent log)
https://www.callofduty.com/blog/2026/05/call-of-duty-modern-warfare-4-announcement,Call of Duty Blog,2026-09-27,MW4 announcement (search result),05,fetched or search result (agent log)
https://www.capcom.co.jp/ir/english/news/html/e260608b.html,Capcom IR,2026-09-27,Ascendance to launch in 2027 (search result),05,fetched or search result (agent log)
https://www.dexerto.com/wikis/battlefield-6/battlefield-6-roadmap/,Dexerto,2026-09-27,BF6 Season 5 fall 2026 three new maps,05,fetched or search result (agent log)
https://www.ea.com/en/games/battlefield/battlefield-6/news/community-update-2026-roadmap-updates-and-season-4,EA,2026-09-27,"BF6 Season 4 Naval Warfare July 2026; Season 5 later 2026 with server browser, platoons, leaderboards",05,fetched or search result (agent log)
https://www.ea.com/games/battlefield/battlefield-6/news,EA,2026-09-27,BF6 Tidal Strike S4 update 14 Sep 2026; anticheat posts,05,fetched or search result (agent log)
https://www.gamespot.com/articles/xbox-game-pass-price-games-tiers/1100-6524825/,GameSpot,2026-09-27,Game Pass 2026 explainer (search result),05,fetched or search result (agent log)
https://www.guildwars2.com/en/news/,ArenaNet,2026-09-27,GW2 Visions of Eternity quarterly releases into 2026 (search result),05,fetched or search result (agent log)
https://www.halowaypoint.com/news/halo-campaign-evolved-story-reveal,Halo Waypoint,2026-09-27,Halo: Campaign Evolved 28 Jul 2026 Xbox/PS5/Steam (search result),05,fetched or search result (agent log)
https://www.minecraft.net/en-us/articles,Minecraft.net,2026-09-27,Minecraft Live recap; Dungeons II; Wilderness Bound drop,05,fetched or search result (agent log)
https://www.nintendo.com/us/nintendo-direct/9-9-2026/,Nintendo,2026-09-27,Nintendo Direct 9.9.2026 official page (search result),05,fetched or search result (agent log)
https://www.playstationlifestyle.net/2026/09/15/games-leaving-ps-plus-extra-premium-october-2026/,PlayStation LifeStyle,2026-09-27,PS Plus October 2026 dates and leaving games (search result),05,fetched or search result (agent log)
https://www.pushsquare.com/features/round-up-what-was-announced-in-sonys-state-of-play-livestream-for-september-2026,Push Square,2026-09-27,State of Play Sep 2026 round-up (search result),05,fetched or search result (agent log)
https://www.rockstargames.com/newswire/article/5171972o3ak5oa/pre-order-grand-theft-auto-vi-on-june-25,Rockstar Newswire,2026-09-27,GTA VI pre-orders opened 25 June 2026 (headline fetched),05,fetched or search result (agent log)
https://www.strayspark.studio/blog/steam-ai-disclosure-rules-2026-indie-developer-guide,StraySpark,2026-09-27,Steam AI disclosure rules rewritten 16 Jan 2026 (search result),05,fetched or search result (agent log)
https://www.talkesport.com/news/xbox-layoffs-consolidate-game-studios-september-2026/,TalkEsport,2026-09-27,22 Sep 2026 reports of hundreds more Xbox layoffs (search result),05,fetched or search result (agent log)
https://www.techradar.com/gaming/gaming-industry/youre-probably-not-playing-the-witcher-4-until-2027-at-the-earliest-per-cd-projekts-latest-financial-update,TechRadar,2026-09-27,CDPR: not before end of 2026 (search result),05,fetched or search result (agent log)
https://www.tomshardware.com/pc-components/gpus/amds-rdna-5-gaming-gpus-are-coming-late-next-year-according-to-aibs-at-computex-manufacturers-expect-new-team-red-cards-in-the-second-half-of-2027-alongside-nvidia,Tom's Hardware,2026-09-27,AIBs expect RDNA 5 and Nvidia next-gen in H2 2027,05,fetched or search result (agent log)
https://www.tweaktown.com/news/110039/amd-ceo-says-its-new-semi-custom-soc-is-ready-for-next-gen-xbox-launching-in-2027/index.html,TweakTown,2026-09-27,Lisa Su: next-gen Xbox SoC progressing for 2027 launch (search result),05,fetched or search result (agent log)
https://www.xda-developers.com/intel-arc-b770-is-dead-long-live-arc-b770/,XDA,2026-09-27,Arc B770 shelved; Arc Pro B70 instead (search result),05,fetched or search result (agent log)
https://x.com/RockstarGames/status/1986540361011880167,Rockstar Games on X,2026-09-27,Rockstar statement moving GTA VI to Thursday 19 Nov 2026 (search result),05,fetched or search result (agent log)
https://www.gamesradar.com/goldenjoystickawards/,GamesRadar+,2026-09-27,Golden Joystick Awards 2026 voting open (ceremony date not on page),05;04,fetched or search result (agent log)
https://gameinformer.com/2026,Game Informer,2026-09-27,Late-Sep 2026 release dates (Minecraft Dungeons II 29 Sep etc.),05;06,fetched or search result (agent log)
https://www.nintendo.com/us/whatsnew/,Nintendo of America,2026-09-27,"Nintendo news feed Sep 2026: Fire Emblem Fortune's Weave 17 Sep, Diablo IV on Switch 2 16 Sep, NBA 2K27, Zelda 40th Direct 8 Sep",05;06,fetched or search result (agent log)
https://en.wikipedia.org/wiki/Battlefield_6,Wikipedia,2026-09-27,BF6 sold 7M in three days; seasons 1-5 schedule,05;09,fetched or search result (agent log)
https://en.wikipedia.org/wiki/Elden_Ring_Nightreign,Wikipedia,2026-09-27,Forsaken Hollows DLC 4 Dec 2025; no 2026 DLC listed,05;09,fetched or search result (agent log)
https://en.wikipedia.org/wiki/GeForce_RTX_50_series,Wikipedia,2026-09-27,DLSS 4.5 Jan 2026; DLSS 5 available 3 Sep 2026 with generative AI criticism,05;09,fetched or search result (agent log)
https://en.wikipedia.org/wiki/Grand_Theft_Auto_VI,Wikipedia,2026-09-27,GTA VI: PS5/XSX|S only; no Windows release scheduled as of Sep 2026; $79.99; 30fps confirmed Aug 2026; The Album 17 Sep 2026; Vice City Collection merch; delays May 2025 and Nov 2025,05;09,fetched or search result (agent log)
https://en.wikipedia.org/wiki/ROG_Xbox_Ally,Wikipedia,2026-09-27,ROG Xbox Ally launched 16 Oct 2025 $599.99/$999.99; Xbox full-screen mode to other Win11 devices Apr 2026,05;09,fetched or search result (agent log)
https://en.wikipedia.org/wiki/Resident_Evil_Requiem,Wikipedia,2026-09-27,Requiem 27 Feb 2026; 8M in six months; DLC in development (Mar 2026),05;09,fetched or search result (agent log)
https://en.wikipedia.org/wiki/Steam_Deck,Wikipedia,2026-09-27,Steam Deck OLED prices raised 27 May 2026 to $789/$949; successor still gated on component leap,05;09,fetched or search result (agent log)
https://en.wikipedia.org/wiki/Steam_Machine,Wikipedia,2026-09-27,Steam Machine released 29 Jun 2026,05;09,fetched or search result (agent log)
https://en.wikipedia.org/wiki/Diablo_IV,Wikipedia,2026-09-27,"Lord of Hatred released 28 Apr 2026 (Paladin, Warlock); ~3-month seasons",05;09;18,fetched or search result (agent log)
https://en.wikipedia.org/wiki/Final_Fantasy_XIV,Wikipedia,2026-09-27,Evercold 8.0 January 2027; Switch 2 version Aug 2026; mobile cancelled Jul 2026,05;09;18,fetched or search result (agent log)
https://en.wikipedia.org/wiki/Hollow_Knight:_Silksong,Wikipedia,2026-09-27,Sea of Sorrow free DLC scheduled 2026; 7M sold by Dec 2025,05;09;18,fetched or search result (agent log)
https://en.wikipedia.org/wiki/Marvel_Rivals,Wikipedia,2026-09-27,Ten seasons by Sep 2026; Switch 2 version in development; 53-54 heroes,05;09;18,fetched or search result (agent log)
https://en.wikipedia.org/wiki/Monster_Hunter_Wilds,Wikipedia,2026-09-27,MH Wilds Switch 2 4 Dec 2026; Ascendance 2027,05;09;18,fetched or search result (agent log)
https://en.wikipedia.org/wiki/Nintendo_Switch_2,Wikipedia,2026-09-27,Switch 2 23M+ as of Jun 2026; price to $499.99 on 1 Sep 2026; production cut >30% (Bloomberg); MKW 15M,05;09;18,fetched or search result (agent log)
https://en.wikipedia.org/wiki/Helldivers_2,Wikipedia,2026-09-27,Helldivers 2 20M+ copies Jan 2026; WH40K Warbond 12 Aug 2026; level cap 300 Aug 2026,05;13;09;12;18,fetched or search result (agent log)
https://partner.steamgames.com/doc/marketing/upcoming_events/nextfest/2026october,Steamworks Documentation,2026-09-27,Steam Next Fest October 2026 runs Oct 19 10:00 PDT to Oct 26 10:00 PDT,05;14,fetched or search result (agent log)
https://en.wikipedia.org/wiki/Game_Developers_Conference,Wikipedia,2026-09-27,"GDC 2026 Festival of Games 9-13 Mar, 20,000 attendees",05;14;15,fetched or search result (agent log)
https://en.wikipedia.org/wiki/Gamescom,Wikipedia,2026-09-27,gamescom 2026 26-30 Aug Cologne,05;14;15,fetched or search result (agent log)
https://en.wikipedia.org/wiki/Summer_Game_Fest,Wikipedia,2026-09-27,SGF 2026 5-8 Jun; Xbox Games Showcase 7 Jun 2026,05;14;15,fetched or search result (agent log)
https://en.wikipedia.org/wiki/2026_in_video_games,Wikipedia,2026-09-27,"2026 major events: Xbox reset & layoffs, EA buyout closed 4 Aug 2026, Sony disc production end Jan 2028, BlizzCon 12-13 Sep 2026, gamescom 26-30 Aug, Steam Machine 29 Jun, Steam Frame 18 Sep, TGS typhoon, Sonic; memory shortage",05;14;15;09,fetched or search result (agent log)
https://blizzardwatch.com/2026/09/09/wow-patch-12-1-5-release-date/,Blizzard Watch,2026-09-27,"WoW 12.1.5 predicted 6 Oct 2026 (8-week cadence), contents",05;18,fetched or search result (agent log)
https://en.wikipedia.org/wiki/2026_League_of_Legends_World_Championship,Wikipedia,2026-09-27,Worlds 2026 15 Oct-14 Nov; LA/Allen TX/NYC; final Barclays Center,05;18,fetched or search result (agent log)
https://en.wikipedia.org/wiki/2026_Valorant_Champions,Wikipedia,2026-09-27,Valorant Champions 2026 Shanghai 24 Sep-18 Oct,05;18,fetched or search result (agent log)
https://en.wikipedia.org/wiki/Call_of_Duty:_Modern_Warfare_4,Wikipedia,2026-09-27,MW4 23 Oct 2026 PS5/XSX|S/PC/Switch 2; campaign early access 16 Oct; beta 21 Aug-1 Sep; not on Game Pass day one; first CoD on Nintendo since Ghosts,05;18,fetched or search result (agent log)
https://en.wikipedia.org/wiki/Crimson_Desert,Wikipedia,2026-09-27,Crimson Desert 19 Mar 2026; 3M first week; Charting the Unknown DLC 15 Oct; Switch 2 early 2027,05;18,fetched or search result (agent log)
https://en.wikipedia.org/wiki/Fable_(2027_video_game,Wikipedia,2026-09-27,Fable moved to 23 Feb 2027 (announced 29 May 2026) to avoid GTA VI; PS5/PC/Xbox; Game Pass day one,05;18,fetched or search result (agent log)
https://en.wikipedia.org/wiki/Final_Fantasy_VII_Revelation,Wikipedia,2026-09-27,FF7 Revelation 8 Apr 2027,05;18,fetched or search result (agent log)
https://en.wikipedia.org/wiki/Gears_of_War:_E-Day,Wikipedia,2026-09-27,Gears E-Day 6 Oct 2026 PC/Xbox Series,05;18,fetched or search result (agent log)
https://en.wikipedia.org/wiki/Guild_Wars_3,Wikipedia,2026-09-27,Guild Wars 3 announced 5 Jun 2026 at SGF; beta fall 2027; premium no battle pass,05;18,fetched or search result (agent log)
https://en.wikipedia.org/wiki/Kingdom_Hearts_IV,Wikipedia,2026-09-27,"KH IV late 2027, Switch 2/PS5/PC/Xbox, Coco world revealed D23 2026",05;18,fetched or search result (agent log)
https://en.wikipedia.org/wiki/List_of_video_games_released_in_2026,Wikipedia,2026-09-27,Full Oct-Dec 2026 release table with platforms/publishers,05;18,fetched or search result (agent log)
https://en.wikipedia.org/wiki/List_of_video_games_released_in_2027,Wikipedia,2026-09-27,Q1 2027 and unscheduled 2027 release tables,05;18,fetched or search result (agent log)
https://en.wikipedia.org/wiki/Marvel's_Wolverine,Wikipedia,2026-09-27,Wolverine 15 Sep 2026 PS5; MC 76; 1.9M copies in 3 days (Alinea),05;18,fetched or search result (agent log)
https://en.wikipedia.org/wiki/Minecraft,Wikipedia,2026-09-27,Minecraft 400M+ sold May 2026; drops 26.1/26.2/26.3; The Sift dimension 2027 announced Sep 2026; Bedrock Switch 2 27 Oct 2026,05;18,fetched or search result (agent log)
https://en.wikipedia.org/wiki/Phantom_Blade_Zero,Wikipedia,2026-09-27,Phantom Blade Zero 29 Oct 2026 PS5/PC,05;18,fetched or search result (agent log)
https://en.wikipedia.org/wiki/Pokémon_Winds_and_Waves,Wikipedia,2026-09-27,"Gen 10 Winds & Waves announced 27 Feb 2026, Switch 2, 2027",05;18,fetched or search result (agent log)
https://en.wikipedia.org/wiki/Resident_Evil_Veronica,Wikipedia,2026-09-27,RE Veronica remake 2027,05;18,fetched or search result (agent log)
https://en.wikipedia.org/wiki/Roblox,Wikipedia,2026-09-27,Roblox mandatory age verification Jan 2026; tiers Jun 2026; PS5 14 Apr 2026; 85.3M DAU (Feb 2025),05;18,fetched or search result (agent log)
https://en.wikipedia.org/wiki/Steam_Frame,Wikipedia,2026-09-27,"Steam Frame released 18 Sep 2026 $1,059/$1,299",05;18,fetched or search result (agent log)
https://en.wikipedia.org/wiki/The_Elder_Scrolls_VI,Wikipedia,2026-09-27,TES VI no release date,05;18,fetched or search result (agent log)
https://en.wikipedia.org/wiki/The_Witcher_IV,Wikipedia,2026-09-27,Witcher IV planned 2028; 513 staff May 2026; PS5/PC/Xbox,05;18,fetched or search result (agent log)
https://en.wikipedia.org/wiki/World_of_Warcraft,Wikipedia,2026-09-27,The Last Titan revealed at BlizzCon 2026 for late 2027; WoW: Forever November 2026,05;18,fetched or search result (agent log)
https://gameinformer.com/nintendo-direct/2026/09/09/every-new-announcement-at-the-september-2026-nintendo-direct,Game Informer,2026-09-27,"Nintendo Direct 9 Sep 2026: Switch 2 Oct-Dec lineup, Metroid Ravenous 28 Jan 2027, Kirby and the World Beyond spring 2027, Persona 4 Revival Switch 2 20 May 2027",05;18,fetched or search result (agent log)
https://news.xbox.com/en-us/2026/09/17/xbox-tokyo-game-show-2026-recap/,Xbox Wire,2026-09-27,"Xbox TGS 2026: MW4 23 Oct, Wo Long 2 4 Mar 2027, Persona 4 Revival 18 Feb 2027 Game Pass, Once Human Isles of Abyss 22 Oct, Edge of Memories 5 Nov, Hope in the City 10 Nov, PHYSINT cast",05;18,fetched or search result (agent log)
https://partner.steamgames.com/doc/marketing/upcoming_events,Steamworks Documentation,2026-09-27,Autumn Sale 1-8 Oct 2026; Winter Sale 17 Dec 2026-4 Jan 2027; Spring Sale 18-25 Mar 2027; Summer Sale 24 Jun-8 Jul 2027; Cooking Fest 12-19 Oct; Scream V 26 Oct-2 Nov; Auto-Battler RPG Fest 16-23 Nov; 2027 fests list; Next Fest Oct 19-26 2026 and Feb 22 2027,05;18,fetched or search result (agent log)
https://seasontimer.live/fortnite/,seasontimer.live,2026-09-27,Fortnite C7S4 ends 1 Nov 2026 (search result; low-authority),05;18,fetched or search result (agent log)
https://store.steampowered.com/search/?filter=popularwishlist,Steam Store,2026-09-27,"Top-wishlisted upcoming games list on 27 Sep 2026 (Deadlock, Light No Fire, Dear Passengers, Fable, Blight: Survival, Phantom Blade Zero...)",05;18,fetched or search result (agent log)
https://www.ea.com/games/ea-sports-fc/fc-27/news/fc-27-editions-and-release-dates,EA,2026-09-27,EA FC 27 launched 25 Sep 2026; Ultimate early access 18 Sep (search result),05;18,fetched or search result (agent log)
https://www.notebookcheck.net/Nvidia-RTX-50-Super-series-launch-tipped-once-again-later-than-expected.1317926.0.html,Notebookcheck,2026-09-27,8 Jun 2026: RTX 50 Super rumored for CES 2027,05;18,fetched or search result (agent log)
https://www.pglesports.com/cs2/pgl-major-singapore-2026/,PGL,2026-09-27,PGL CS2 Major Singapore 25 Nov-13 Dec 2026 (search result),05;18,fetched or search result (agent log)
https://www.rockstargames.com/newswire/article/ak3ak31a49a221/grand-theft-auto-vi-is-now-set-to-launch-november-19-2026,Rockstar Newswire,2026-09-27,GTA VI release date 19 Nov 2026 (headline fetched; body not retrievable),05;18,fetched or search result (agent log)
https://creatordb.app/free-tools/whats-trending-on-youtube/gaming/,creatordb.app,2026-09-27,Page fetched: YouTube Gaming Trending Today | Top Gaming Videos — CreatorDB | CreatorDB,06,fetched (canonical URL recorded in page)
https://gameinformer.com/2026/09/10/xbox-will-now-publish-hideo-kojimas-action-espionage-game-physint-after-playstation,gameinformer,2026-09-27,Headline used in trend analysis: Xbox Will Now Publish Hideo Kojima’s Action Espionage Game Physint After PlayStation Partnership Ends,06,RSS feed item
https://gameinformer.com/2026/09/14/heres-how-to-get-a-steam-frame-valves-vr-headset-and-how-much-it-costs,gameinformer,2026-09-27,"Headline used in trend analysis: Here's How To Get A Steam Frame, Valve's VR Headset, And How Much It Costs",06,RSS feed item
https://gameinformer.com/2026/09/17/bill-skarsgard-cast-as-the-lead-in-physint-kojimas-metal-gear-solid-spiritual-successor,gameinformer,2026-09-27,"Headline used in trend analysis: Bill Skarsgård Cast As The Lead In Physint, Kojima's Metal Gear Solid Spiritual Successor",06,RSS feed item
https://gameinformer.com/2026/09/22/xbox-lays-off-268-more-people-hands-halo-series-to-activision,gameinformer,2026-09-27,"Headline used in trend analysis: Xbox Lays Off 268 More People, Hands Halo Series To Activision",06,RSS feed item
https://gameinformer.com/2026/09/24/control-resonant-launch-patch-will-address-its-biggest-combat-complaints,gameinformer,2026-09-27,Headline used in trend analysis: Control Resonant Launch Patch Will Address Its Biggest Combat Complaints,06,RSS feed item
https://gameinformer.com/review-in-progress/2026/09/18/control-resonant-review-in-progress,gameinformer,2026-09-27,Headline used in trend analysis: Control Resonant – Review In Progress,06,RSS feed item
https://gameinformer.com/review/control-resonant/fun-frustration-and-fun-again,gameinformer,2026-09-27,"Headline used in trend analysis: Control Resonant Review – Fun, Frustration, And Fun Again",06,RSS feed item
https://gameinformer.com/review/marvels-wolverine/relentless-momentum,gameinformer,2026-09-27,Headline used in trend analysis: Marvel's Wolverine Review - Relentless Momentum,06,RSS feed item
https://kotaku.com/comedic-filmmaker-john-wilson-discovers-foundational-metaphor-in-the-history-of-concrete-2000737329,kotaku,2026-09-27,Headline used in trend analysis: Comedic Filmmaker John Wilson Discovers Foundational Metaphor In The History Of Concrete,06,RSS feed item
https://kotaku.com/disgaea-dev-ceo-discussions-sony-physical-discs-2000737194,kotaku,2026-09-27,Headline used in trend analysis: Disgaea Dev CEO Says Company Is Having ‘Discussions’ With Sony About The End Of Physical Discs: ‘I Think That They’re Hearing A Lot Of The Feedback From Custome,06,RSS feed item
https://kotaku.com/fans-react-to-the-sift-minecrafts-first-new-dimension-in-over-a-decade-2000737430,kotaku,2026-09-27,"Headline used in trend analysis: Fans React To The Sift, Minecraft’s First New Dimension In Over A Decade",06,RSS feed item
https://kotaku.com/microsoft-ceo-on-recent-xbox-layoffs-theres-some-amount-of-streamlining-asha-is-doing-which-is-great-to-see-2000737217,kotaku,2026-09-27,Headline used in trend analysis: Microsoft CEO On Recent Xbox Layoffs: ‘There’s Some Amount Of Streamlining Asha Is Doing…Which Is Great To See’,06,RSS feed item
https://kotaku.com/minecraft-live-dungeons-ii-ice-caves-the-sift-microsoft-mojang-2000737181,kotaku,2026-09-27,"Headline used in trend analysis: Everything We Saw At Minecraft Live, Including The First New Dimension In 15 Years",06,RSS feed item
https://kotaku.com/nippon-ichi-nis-america-head-company-researching-ai-2000737211,kotaku,2026-09-27,"Headline used in trend analysis: Nippon Ichi, NIS America Head Says Company Is ‘Researching’ AI But Personally Doesn’t Think It Will Make Development Faster",06,RSS feed item
https://kotaku.com/nvidia-ceo-doesnt-care-that-kids-are-forgetting-basic-math-because-of-ai-i-actually-dont-know-my-address-2000737092,kotaku,2026-09-27,Headline used in trend analysis: Nvidia CEO Doesn’t Care That Kids Are Forgetting Basic Math Because Of AI: ‘I Actually Don’t Know My Address’,06,RSS feed item
https://kotaku.com/uks-largest-tabletop-convention-bans-ai-with-few-exceptions-2000737334,kotaku,2026-09-27,Headline used in trend analysis: UK’s Largest Tabletop Convention Bans AI With Few Exceptions,06,RSS feed item
https://kotaku.com/wild-arms-spiritual-successor-armed-fantasia-seemingly-discontinued-by-publisher-2000737311,kotaku,2026-09-27,Headline used in trend analysis: Wild Arms Spiritual Successor Armed Fantasia Seemingly Discontinued By Publisher,06,RSS feed item
https://newengen.com/insights/september-tiktok-trends/,newengen.com,2026-09-27,Page fetched: September 2026 TikTok Trends: What's Viral Now,06,fetched (canonical URL recorded in page)
https://news.xbox.com/en-us/2026/09/25/next-week-on-xbox-new-games-for-september-28-to-october-2/,news.xbox.com,2026-09-27,Page fetched: Next Week on XBOX: New Games for September 28 to October 2 - XBOX Wire,06,fetched (canonical URL recorded in page)
https://news.xbox.com/en-us/2026/09/26/minecraft-live-fall-2026-recap/,news.xbox.com,2026-09-27,Page fetched: Minecraft LIVE Fall 2026 Recap - XBOX Wire,06,fetched (canonical URL recorded in page)
https://wccftech.com/apple-a20-pro-iphone-18-pro-max-gta-v-gtx-1650-efficiency-comparison/,wccf,2026-09-27,"Headline used in trend analysis: Apple’s A20 Pro Matches The GTX 1650 In GTA 5 At A Modicum Of The Power Draw, Achieving An Unfathomable 1,180% Higher Performance-Per-Watt",06,RSS feed item
https://wccftech.com/elon-musk-admits-grok-trails-anthropic-by-years-yet-claims-his-agentic-ai-is-exploding-100-monthly/,wccf,2026-09-27,"Headline used in trend analysis: Elon Musk admits Grok trails Anthropic by years, yet claims his agentic AI is exploding 100% monthly",06,RSS feed item
https://wccftech.com/gta-6-run-smartphone-rockstar-switch-2-pointless/,wccf,2026-09-27,"Headline used in trend analysis: GTA 6 Could Run On Your Phone, Says Ex-Rockstar Dev, But Dismisses A Switch 2 Port As Pointless",06,RSS feed item
https://wccftech.com/intel-ceo-lip-bu-tan-is-impressed-by-photonic-quantum-computing-says-he-now-leans-on-ai-agents-to-do-his-homework/,wccf,2026-09-27,Headline used in trend analysis: Intel CEO Lip-Bu Tan Is Impressed By Photonic Quantum Computing & Says He Now Leans on AI Agents to Do His “Homework”,06,RSS feed item
https://wccftech.com/microsofts-ceo-nadella-says-he-interrogates-ai-models-rather-than-trusting-output-redefining-how-executives-use-agents/,wccf,2026-09-27,"Headline used in trend analysis: Microsoft’s CEO Nadella Says He Interrogates AI Models Rather Than Trusting Output, Redefining How Executives Use Agents",06,RSS feed item
https://wccftech.com/nadella-xbox-streamlining-layoffs-268-cuts/,wccf,2026-09-27,"Headline used in trend analysis: Nadella Calls Xbox Layoffs “Great to See” as 268 New Cuts Push Microsoft Closer to its Original 3,200 Headcount Goal",06,RSS feed item
https://wccftech.com/obsidian-staff-fear-losing-autonomy-bethesda-xbox-reshuffle/,wccf,2026-09-27,"Headline used in trend analysis: Obsidian Staff Fear Losing Autonomy Under Bethesda, as Xbox Reshuffle Splits Studios Between Activision and ZeniMax",06,RSS feed item
https://wccftech.com/openai-rushes-an-always-on-agent-called-o-after-jp-morgan-crowns-meta-muse-the-top-ai-agent/,wccf,2026-09-27,Headline used in trend analysis: OpenAI Rushes An Always-On Agent Called “o” After JP Morgan Crowns Meta Muse The Top AI Agent,06,RSS feed item
https://wccftech.com/resident-evil-requiem-500m-fastest-selling-zach-cregger-movie/,wccf,2026-09-27,"Headline used in trend analysis: Resident Evil Requiem Crosses $500M as Fastest-Selling Entry, yet the Record-Setting Movie by Zach Cregger Barely Moved its Needle",06,RSS feed item
https://wccftech.com/the-uk-governments-ai-rules-ask-yourself-if-you-really-need-to-use-ai-and-then-choose-the-worst-possible-model/,wccf,2026-09-27,Headline used in trend analysis: The UK Government’s AI Rules: Ask Yourself If You Really Need To Use AI And Then Choose The Worst Possible Model,06,RSS feed item
https://wccftech.com/uncensored-ai-model-patches-software-bypass-trial-restriction/,wccf,2026-09-27,"Headline used in trend analysis: An Uncensored AI Model Was Allegedly Used To Patch A Software And Bypass Its Trial Restriction, User Turned It Into A Fully Activated Version Instead Of Paying ",06,RSS feed item
https://www.bing.com/search?q=is+control+resonant+worth+it,bing.com,2026-09-27,Page fetched: is control resonant worth it - Search,06,fetched (canonical URL recorded in page)
https://www.destructoid.com/all-ability-barriers-in-control-resonant-and-how-to-remove-them/,destructoid,2026-09-27,Headline used in trend analysis: All ability barriers in CONTROL Resonant and how to remove them,06,RSS feed item
https://www.destructoid.com/all-faults-in-control-resonant-and-how-to-find-them/,destructoid,2026-09-27,Headline used in trend analysis: All Faults in CONTROL Resonant and how to find them,06,RSS feed item
https://www.destructoid.com/all-fbc-terminal-answers-in-control-resonant/,destructoid,2026-09-27,Headline used in trend analysis: All FBC terminal answers in CONTROL Resonant,06,RSS feed item
https://www.destructoid.com/all-zone-level-requirements-and-rewards-in-control-resonant/,destructoid,2026-09-27,Headline used in trend analysis: All Zone level requirements and rewards in CONTROL Resonant,06,RSS feed item
https://www.destructoid.com/control-resonant-getting-an-overwhelmingly-requested-addition-and-endgame-improvements-in-the-coming-months/,destructoid,2026-09-27,Headline used in trend analysis: CONTROL Resonant getting an overwhelmingly requested addition and endgame improvements in the coming months,06,RSS feed item
https://www.destructoid.com/does-control-resonant-have-new-game-plus/,destructoid,2026-09-27,Headline used in trend analysis: Does CONTROL Resonant have New Game Plus?,06,RSS feed item
https://www.destructoid.com/halo-projects-canceled/,destructoid,2026-09-27,"Headline used in trend analysis: Several Halo projects have been canceled, including remakes of Halo 2 and 3",06,RSS feed item
https://www.destructoid.com/minecraft-new-dimension/,destructoid,2026-09-27,Headline used in trend analysis: Minecraft is getting its first new dimension in nearly a decade and a half—and the portal better be made of glowstones and water,06,RSS feed item
https://www.destructoid.com/nisa-chief-comments-on-sony-disc-possible-backtrack/,destructoid,2026-09-27,Headline used in trend analysis: ‘The discussion may change:’Disgaea studio chief claims Sony is ‘hearing’ fan backlash to discless future,06,RSS feed item
https://www.destructoid.com/physint-budget-rumors/,destructoid,2026-09-27,"Headline used in trend analysis: Kojima’s PHYSINT won’t cost $400 million to develop, but it won’t be cheap either",06,RSS feed item
https://www.dlcompare.com/gaming-news/this-week-s-video-game-releases-september-2026-week-39,dlcompare.com,2026-09-27,Page fetched: This Week's Video Game Releases - September 2026 (Week 39),06,fetched (canonical URL recorded in page)
https://www.dsogaming.com/news/gta-liberty-city-stories-unofficial-pc-port-released/,dsog,2026-09-27,Headline used in trend analysis: GTA: Liberty City Stories Unofficial PC Port Released,06,RSS feed item
https://www.eurogamer.net/activision-new-halo-game-fans-worried-lore-reboot,eurogamer,2026-09-27,"Headline used in trend analysis: As Halo goes to Activision, fans worry about a potential lore reboot from the Call of Duty publisher, but at least Halo Fest lives on",06,RSS feed item
https://www.eurogamer.net/activision-video-game-cheat-market-8-5-billion-a-year,eurogamer,2026-09-27,Headline used in trend analysis: Call of Duty maker Activision claims video game cheating is now a £6.3 billion ($8.5 billion) a year industry,06,RSS feed item
https://www.eurogamer.net/age-of-empire-worlds-edge-studio-xbox-cuts,eurogamer,2026-09-27,"Headline used in trend analysis: Age of Empires studio World's Edge reportedly lost ""nearly half"" of its staff during yesterday's Xbox cuts and move to Activision",06,RSS feed item
https://www.eurogamer.net/blizzard-layoffs-xbox-cuts,eurogamer,2026-09-27,"Headline used in trend analysis: Blizzard layoffs are reportedly imminent,  days after an exciting BlizzCon and a seemingly popular World of Warcraft: Forever beta",06,RSS feed item
https://www.eurogamer.net/community-reaction-xbox-restructuring-rare-ninja-theory-obsidian,eurogamer,2026-09-27,"Headline used in trend analysis: ""It genuinely breaks my heart""- Confusion and frustration reign as gaming communities react to Xbox's drastic restructuring this week",06,RSS feed item
https://www.eurogamer.net/control-resonant-post-launch-plan-new-game-plus,eurogamer,2026-09-27,"Headline used in trend analysis: Control Resonant's post-launch plan includes a Photo Mode and New Game Plus Plus coming next month: ""Do 665 runs if you want!""",06,RSS feed item
https://www.eurogamer.net/control-resonant-review,eurogamer,2026-09-27,Headline used in trend analysis: Control Resonant review,06,RSS feed item
https://www.eurogamer.net/discord-controversial-age-verification-privacy-preserving,eurogamer,2026-09-27,"Headline used in trend analysis: Discord launches controversial age-verification system ""using the most privacy-preserving approach we could build"" months after first delay",06,RSS feed item
https://www.eurogamer.net/double-fine-tim-schafer-xbox-greedy,eurogamer,2026-09-27,"Headline used in trend analysis: ""I assume someone is being greedy somewhere"" - Tim Schafer discusses  current game industry woes following Double Fine's split with Xbox",06,RSS feed item
https://www.eurogamer.net/gears-of-war-e-day-story-director-laid-off-xbox-cuts,eurogamer,2026-09-27,Headline used in trend analysis: Xbox lays off Gears of War: E-Day's story director barely two weeks before the game's launch,06,RSS feed item
https://www.eurogamer.net/gta-6-collectible-suspicious-mirror-keychain-spoon,eurogamer,2026-09-27,Headline used in trend analysis: Rockstar reveals a £350 box of naughty GTA 6 collectables you definitely wouldn't get through airport security,06,RSS feed item
https://www.eurogamer.net/gta-6-rockstar-games-mod-guidelines-restrictions,eurogamer,2026-09-27,"Headline used in trend analysis: Weeks before GTA 6, Rockstar Games imposes new guidelines that restrict mods for missions, maps, updated storylines, and third-party IP",06,RSS feed item
https://www.eurogamer.net/halo-studios-closure-xbox-cuts-kiki-wolfkill-bonnie-ross,eurogamer,2026-09-27,"Headline used in trend analysis: Former Halo leaders lament effective closure of Halo Studios, as one employee finds themselves promoted and fired in same week",06,RSS feed item
https://www.eurogamer.net/hideo-kojima-loves-sony-playstation-physint,eurogamer,2026-09-27,"Headline used in trend analysis: Hideo Kojima responds to accusations of Physint being over budget and late on deadline, says he still ""loves Sony"" despite collapse of publishing deal",06,RSS feed item
https://www.eurogamer.net/hideo-kojima-physint-playstation-release-decima-engine,eurogamer,2026-09-27,"Headline used in trend analysis: Hideo Kojima doesn't know if Physint will be released on PS5, and he hasn't decided if it's going to use Sony's Decima game engine",06,RSS feed item
https://www.eurogamer.net/insomniac-denies-generative-ai-marvels-wolverine-bathroom-sign,eurogamer,2026-09-27,Headline used in trend analysis: Wolverine developer Insomniac denies using generative AI after fans spot strange restroom sign,06,RSS feed item
https://www.eurogamer.net/marvel-wolverine-sales-ps5-physical-controversial-reviews,eurogamer,2026-09-27,"Headline used in trend analysis: Despite controversial reviews and online mockery, Marvel's Wolverine looks to have sold 1.9m on PS5 - and over 1 in 5 sales are physical",06,RSS feed item
https://www.eurogamer.net/marvels-wolverine-mystique-lgbtq-censored-middle-east,eurogamer,2026-09-27,Headline used in trend analysis: Mystique's lesbian relationship in Marvel's Wolverine is seemingly censored in certain parts of the world,06,RSS feed item
https://www.eurogamer.net/marvels-wolverine-patch-fart-gas-scent-trails-crashes,eurogamer,2026-09-27,"Headline used in trend analysis: Marvel's Wolverine ""fart gas"" scent trails addressed by a surprise update",06,RSS feed item
https://www.eurogamer.net/microsoft-patent-ads-in-gameplay,eurogamer,2026-09-27,"Headline used in trend analysis: Microsoft patents idea for in-game PC and Xbox adverts shown during downtime ""trigger events""",06,RSS feed item
https://www.eurogamer.net/mindseye-build-a-rocket-boy-administration-insolvency,eurogamer,2026-09-27,"Headline used in trend analysis: GTA veteran's MindsEye studio Build a Rocket Boy has entered administration, following yet more reports of layoffs",06,RSS feed item
https://www.eurogamer.net/minecraft-300000-new-players-daily-minecraft,eurogamer,2026-09-27,"Headline used in trend analysis: Minecraft still gains around 300,000 new players a day, Xbox boss reveals",06,RSS feed item
https://www.eurogamer.net/minecraft-the-sift-new-dimension-2027,eurogamer,2026-09-27,"Headline used in trend analysis: Minecraft is getting its first new dimension in 14 years, and it's called The Sift",06,RSS feed item
https://www.eurogamer.net/new-gta-5-leak-rockstar-liberty-city-dlc-early-gta-6,eurogamer,2026-09-27,"Headline used in trend analysis: New 200GB GTA 5 leak suggests Rockstar Games scrapped a massive Liberty City DLC, and reportedly includes very early GTA 6 work",06,RSS feed item
https://www.eurogamer.net/next-halo-game-developer-call-of-duty-stuidio-xbox-restructuring,eurogamer,2026-09-27,"Headline used in trend analysis: Next major Halo game being developed by Activision, as Halo Studios all but closes as part of Microsoft's Xbox restructuring",06,RSS feed item
https://www.eurogamer.net/ninja-theory-closed-shut-down-xbox-layoffs,eurogamer,2026-09-27,"Headline used in trend analysis: Hellblade developer Ninja Theory heading towards closure in new wave of Xbox cuts, as two separate agreements collapse",06,RSS feed item
https://www.eurogamer.net/resident-evil-requiem-500-film-capcom-price,eurogamer,2026-09-27,"Headline used in trend analysis: Resident Evil Requiem's made over $500m since release, but the new film didn't have as big of an impact as Capcom's price drops",06,RSS feed item
https://www.eurogamer.net/satya-nadella-xbox-streamlining-great-to-see-layoffs,eurogamer,2026-09-27,"Headline used in trend analysis: Microsoft CEO says Xbox's ""streamlining"" is ""great to see"" despite cuts and layoffs",06,RSS feed item
https://www.eurogamer.net/sony-playstation-disc-ending-survey-report,eurogamer,2026-09-27,Headline used in trend analysis: Sony reportedly surveying developers about PlayStation disc-ending decision - is it having second thoughts?,06,RSS feed item
https://www.eurogamer.net/undead-labs-independent-xbox-restructuring-state-of-decay,eurogamer,2026-09-27,"Headline used in trend analysis: State of Decay studio Undead Labs goes independent after Xbox restructuring, but lays off ""a significant number"" of the team in doing so",06,RSS feed item
https://www.eurogamer.net/world-of-warcraft-forever-pants-smelter-professions,eurogamer,2026-09-27,Headline used in trend analysis: Player discovers game-changing pair of pants in World of Warcraft: Forever,06,RSS feed item
https://www.eurogamer.net/xbox-kojima-physint-budget-fraction-400-million,eurogamer,2026-09-27,"Headline used in trend analysis: Xbox is reportedly paying a ""fraction"" of the $400 million Kojima quoted Sony for Physint",06,RSS feed item
https://www.eurogamer.net/xbox-mythic-platinum-achievement,eurogamer,2026-09-27,"Headline used in trend analysis: Xbox's version of PlayStation's Platinum Trophy achievement seems to leak, and it's got a sound-effect that's 15 seconds long",06,RSS feed item
https://www.eurogamer.net/xbox-second-wave-cuts-layoffs-report,eurogamer,2026-09-27,"Headline used in trend analysis: Second wave of Xbox cuts reported to be happening this week, with ""several"" studios apparently facing consolidation",06,RSS feed item
https://www.gamegrin.com/news/weekly-top-selling-games-on-steam-15th22nd-of-september-2026/,gamegrin.com,2026-09-27,Page fetched: Weekly Top Selling Games on Steam (15th–22nd of September 2026) | GameGrin,06,fetched (canonical URL recorded in page)
https://www.gamegrin.com/news/weekly-top-trending-games-on-steam-14th20th-of-september-2026/,gamegrin.com,2026-09-27,Page fetched: Weekly Top Trending Games on Steam (14th–20th of September 2026) | GameGrin,06,fetched (canonical URL recorded in page)
https://www.gamerbolt.com/this-week-in-gaming-news-september-14th-september-20th-2026/,gamerbolt.com,2026-09-27,"Page fetched: This Week in Gaming News: September 14th - September 20th, 2026 - GamerBolt",06,fetched (canonical URL recorded in page)
https://www.gamerbolt.com/this-week-in-gaming-news-september-7th-september-13th-2026/,gamerbolt.com,2026-09-27,"Page fetched: This Week in Gaming News: September 7th - September 13th, 2026 - GamerBolt",06,fetched (canonical URL recorded in page)
https://www.gamesindustry.biz/,gamesindustry.biz,2026-09-27,Page fetched: GamesIndustry.biz,06,fetched (canonical URL recorded in page)
https://www.gamesindustry.biz/activision-cites-data-claiming-cheating-in-games-is-an-85bn-industry-69-of-online-multiplayer-studios-consider-cheating-a-significant-or-very-significant-problem,gib,2026-09-27,"Headline used in trend analysis: Activision cites data claiming cheating in games is an $8.5bn industry; 69% of online multiplayer studios consider cheating ""a significant or very significant p",06,RSS feed item
https://www.gamesindustry.biz/age-of-empires-developer-worlds-edge-hit-with-layoffs-following-move-to-activision,gib,2026-09-27,Headline used in trend analysis: Age of Empires developer World's Edge hit with layoffs following move to Activision,06,RSS feed item
https://www.gamesindustry.biz/discord-re-launches-age-verification-following-backlash-over-privacy-concerns,gib,2026-09-27,Headline used in trend analysis: Discord re-launches age verification following backlash over privacy concerns,06,RSS feed item
https://www.gamesindustry.biz/gta-6-netflix-preview-drove-more-than-100000-sign-ups-during-its-six-hour-exclusivity-window,gib,2026-09-27,"Headline used in trend analysis: GTA 6 Netflix preview drove more than 100,000 sign-ups during its six-hour exclusivity window",06,RSS feed item
https://www.gamesindustry.biz/heart-machine-faces-possible-closure-after-publishing-deal-falls-through-majority-of-staff-laid-off,gib,2026-09-27,Headline used in trend analysis: Heart Machine faces possible closure after publishing deal falls through; majority of staff laid off,06,RSS feed item
https://www.gamesindustry.biz/hideo-kojima-couldnt-understand-why-physint-would-be-on-the-list-of-being-cancelled-by-sony,gib,2026-09-27,"Headline used in trend analysis: Hideo Kojima ""couldn't understand"" why Physint ""would be on the list of being cancelled"" by Sony",06,RSS feed item
https://www.gamesindustry.biz/its-sad-and-devastating-black-myth-wukongs-physical-publisher-is-mourning-the-loss-of-playstation-discs,gib,2026-09-27,"Headline used in trend analysis: ""It's sad and devastating"" – Black Myth: Wukong's physical publisher is mourning the loss of PlayStation discs",06,RSS feed item
https://www.gamesindustry.biz/level-5-ceo-admits-using-generative-ai-in-recent-showcase,gib,2026-09-27,Headline used in trend analysis: Level-5 CEO admits using generative AI in recent showcase,06,RSS feed item
https://www.gamesindustry.biz/meta-unveils-ai-powered-game-tools-for-mobile-devices-and-browsers-announces-vr-glasses-with-day-one-unity-support,gib,2026-09-27,Headline used in trend analysis: Meta unveils AI-powered game tools for mobile devices and browsers; announces VR Glasses with day-one Unity support,06,RSS feed item
https://www.gamesindustry.biz/microsoft-files-patent-for-ad-credit-system-to-show-ads-on-pc-and-xbox-without-disrupting-gameplay,gib,2026-09-27,"Headline used in trend analysis: Microsoft files patent for ""ad-credit"" system to show ads on PC and Xbox without disrupting gameplay",06,RSS feed item
https://www.gamesindustry.biz/mindseye-developers-report-new-round-of-layoffs-at-build-a-rocket-boy,gib,2026-09-27,Headline used in trend analysis: MindsEye developers report new round of layoffs at Build A Rocket Boy,06,RSS feed item
https://www.gamesindustry.biz/more-than-40-of-people-cancelling-xbox-game-pass-playstation-plus-and-nintendo-switch-online-subscriptions-blame-rising-costs,gib,2026-09-27,"Headline used in trend analysis: More than 40% of people cancelling Xbox Game Pass, PlayStation Plus and Nintendo Switch Online subscriptions blame rising costs",06,RSS feed item
https://www.gamesindustry.biz/moss-developer-polyarc-games-announces-closure,gib,2026-09-27,Headline used in trend analysis: Moss developer Polyarc Games announces closure,06,RSS feed item
https://www.gamesindustry.biz/new-publisher-publsh-launches-with-disco-elysium-inspired-title-pera-coda,gib,2026-09-27,Headline used in trend analysis: New publisher PUBLSH launches with Disco Elysium-inspired title Pera Coda,06,RSS feed item
https://www.gamesindustry.biz/playstation-allegedly-had-concerns-over-budget-potential-profitability-and-exclusivity-over-kojima-productions-physint,gib,2026-09-27,"Headline used in trend analysis: PlayStation allegedly had ""concerns over budget, potential profitability, and exclusivity"" over Kojima Productions' Physint",06,RSS feed item
https://www.gamesindustry.biz/remedys-arhi-makkonen-on-designing-the-biggest-world-we-have-ever-done-for-control-resonant,gib,2026-09-27,"Headline used in trend analysis: Remedy's Arhi Makkonen on designing the ""biggest world we have ever done"" for Control Resonant",06,RSS feed item
https://www.gamesindustry.biz/rockstar-and-iwgb-outline-arguments-at-start-of-tribunal,gib,2026-09-27,Headline used in trend analysis: Rockstar and IWGB outline arguments at start of tribunal,06,RSS feed item
https://www.gamesindustry.biz/saber-interactives-chief-creative-officer-says-weve-never-replaced-anybody-with-ai,gib,2026-09-27,"Headline used in trend analysis: Saber Interactive's chief creative officer says ""We've never replaced anybody with AI""",06,RSS feed item
https://www.gamesindustry.biz/saber-interactives-tim-willits-on-generative-ai-moving-development-out-of-north-america-and-embracing-recognisable-ip,gib,2026-09-27,"Headline used in trend analysis: Saber Interactive's Tim Willits on generative AI, moving development out of North America, and embracing recognisable IP",06,RSS feed item
https://www.gamesindustry.biz/sensor-tower-pc-and-playstation-unit-sales-in-japan-rise-13-to-21m-during-h1-2026-led-by-resident-evil-requiem,gib,2026-09-27,"Headline used in trend analysis: Sensor Tower: PC and PlayStation unit sales in Japan rise 13% to 21m during H1 2026, led by Resident Evil Requiem",06,RSS feed item
https://www.gamesindustry.biz/sessions-on-managing-ai-impact-neurodivergent-teams-and-personal-resilience-confirmed-for-gamesindustrybiz-hr-summit,gib,2026-09-27,"Headline used in trend analysis: Sessions on managing AI impact, neurodivergent teams and personal resilience confirmed for GamesIndustry.biz HR Summit",06,RSS feed item
https://www.gamesindustry.biz/strauss-zelnick-stresses-a-well-known-franchise-like-gta-still-needs-marketing-you-always-have-to-go-out-and-create-enthusiasm,gib,2026-09-27,"Headline used in trend analysis: Strauss Zelnick stresses a well-known franchise like GTA still needs marketing: ""You always have to go out and create enthusiasm""",06,RSS feed item
https://www.gamesindustry.biz/the-eu-kids-act-what-game-developers-need-to-know,gib,2026-09-27,Headline used in trend analysis: The EU KIDS Act: What game developers need to know,06,RSS feed item
https://www.gamesindustry.biz/theyve-watched-so-many-people-lose-their-jobs-that-has-an-impact-managing-morale-in-the-wake-of-layoffs,gib,2026-09-27,"Headline used in trend analysis: ""They've watched so many people lose their jobs, that has an impact"" – Managing morale in the wake of layoffs",06,RSS feed item
https://www.gamesindustry.biz/undead-labs-confirms-it-is-now-an-employee-owned-studio,gib,2026-09-27,"Headline used in trend analysis: Undead Labs confirms it is now an ""employee-owned studio"", a ""significant number"" of employees face layoffs",06,RSS feed item
https://www.gamesindustry.biz/valve-opens-waiting-list-for-steam-frame-starting-at-1059,gib,2026-09-27,"Headline used in trend analysis: Valve opens waiting list for Steam Frame, starting at $1059",06,RSS feed item
https://www.gamesindustry.biz/xbox-reportedly-set-to-announce-second-round-of-layoffs-this-week,gib,2026-09-27,Headline used in trend analysis: Xbox reportedly set to announce second round of layoffs this week,06,RSS feed item
https://www.gamesindustry.biz/xbox-to-publish-kojima-productions-physint-after-it-unexpectedly-received-notice-from-playstation-that-it-would-cancel-the-project,gib,2026-09-27,"Headline used in trend analysis: Xbox to publish Kojima Productions' Physint after it ""unexpectedly received notice"" from PlayStation that it would cancel the project",06,RSS feed item
https://www.gamesindustry.biz/xbox-transfers-rare-and-halo-franchise-to-activision-proposes-closure-of-ninja-theory-and-confirms-another-268-roles-cut-amid-studio-restructure,gib,2026-09-27,"Headline used in trend analysis: Xbox transfers Rare and Halo franchise to Activision, proposes closure of Ninja Theory, and confirms another 268 roles cut amid studio restructure",06,RSS feed item
https://www.gamespot.com/articles/control-resonant-is-making-dylan-stronger-even-if-he-just-woke-up-from-a-coma/,gamespot,2026-09-27,"Headline used in trend analysis: Control Resonant Is Making Dylan Stronger, Even If He Just Woke Up From A Coma",06,RSS feed item
https://www.gamespot.com/articles/discord-begins-rolling-out-age-verification-and-a-sponsorship-with-fanduel/,gamespot,2026-09-27,Headline used in trend analysis: Discord Begins Rolling Out Age Verification–And A Sponsorship With FanDuel,06,RSS feed item
https://www.gamespot.com/articles/gta-6-400-collectors-edition-comes-with-everything-except-the-game/,gamespot,2026-09-27,Headline used in trend analysis: GTA 6 $400 Collector’s Edition Comes With Everything Except The Game,06,RSS feed item
https://www.gamespot.com/articles/marvels-wolverine-claws-are-real-now-and-your-groceries-dont-stand-a-chance/,gamespot,2026-09-27,"Headline used in trend analysis: Marvel’s Wolverine Claws Are Real Now, And Your Groceries Don’t Stand A Chance",06,RSS feed item
https://www.gamespot.com/articles/meta-1300-vr-glasses-could-be-the-most-expensive-way-to-play-xbox-games/,gamespot,2026-09-27,"Headline used in trend analysis: Meta’s $1,300 VR Glasses Could Be The Most Expensive Way To Play Xbox Games",06,RSS feed item
https://www.gamespot.com/articles/microsoft-ceo-attempts-to-kill-remaining-xbox-goodwill/,gamespot,2026-09-27,Headline used in trend analysis: Microsoft CEO Attempts To Kill Remaining Xbox Goodwill,06,RSS feed item
https://www.gamespot.com/articles/minecraft-is-getting-its-first-new-dimension-in-over-15-years/,gamespot,2026-09-27,Headline used in trend analysis: Minecraft Is Getting Its First New Dimension In Over 15 Years,06,RSS feed item
https://www.gamespot.com/articles/rainbow-six-siege-dev-on-competing-with-gta-6-and-why-there-are-no-plans-for-siege-2/,gamespot,2026-09-27,Headline used in trend analysis: Rainbow Six Siege Dev On Competing With GTA 6 And Why There Are No Plans For Siege 2,06,RSS feed item
https://www.gamespot.com/articles/steams-punk-games-showcase-hates-ai-slop-loves-blowing-up-nazis/,gamespot,2026-09-27,"Headline used in trend analysis: Steam’s Punk Games Showcase Hates AI Slop, Loves Blowing Up Nazis",06,RSS feed item
https://www.gamespot.com/articles/stranger-than-heaven-studio-made-the-tupac-resurrection-less-weird-by-not-using-ai/,gamespot,2026-09-27,Headline used in trend analysis: Stranger Than Heaven Studio Made The Tupac Resurrection Less Weird By Not Using AI,06,RSS feed item
https://www.gamespot.com/articles/the-next-minecraft-update-adds-ice-caves-a-new-mob-and-more/,gamespot,2026-09-27,"Headline used in trend analysis: The Next Minecraft Update Adds Ice Caves, A New Mob, And More",06,RSS feed item
https://www.gamespot.com/articles/xboxs-new-mythic-achievements-take-15-seconds-to-tell-you-good-job/,gamespot,2026-09-27,Headline used in trend analysis: Xbox’s New Mythic Achievements Take 15 Seconds To Tell You “Good Job”,06,RSS feed item
https://www.gamesradar.com/games/007-first-light-big-walk-and-resident-evil-requiem-lead-the-golden-joystick-awards-nominations/,gamesradar,2026-09-27,"Headline used in trend analysis: 007: First Light, Big Walk, and Resident Evil: Requiem lead the Golden Joystick Awards nominations",06,RSS feed item
https://www.gamesradar.com/games/action-rpg/control-resonant-codes/,gamesradar,2026-09-27,Headline used in trend analysis: Control Resonant codes and how to redeem them for skins and outfits,06,RSS feed item
https://www.gamesradar.com/games/action-rpg/control-resonant-power-lines/,gamesradar,2026-09-27,Headline used in trend analysis: How to reroute the Power Lines in Control Resonant,06,RSS feed item
https://www.gamesradar.com/games/action/marvels-wolverine-finally-lets-you-turn-off-overbearing-scent-trails-for-side-content-but-story-critical-senses-will-still-appear-in-the-world/,gamesradar,2026-09-27,Headline used in trend analysis: Marvel's Wolverine finally lets you turn off overbearing Scent Trails for side content,06,RSS feed item
https://www.gamesradar.com/games/amid-mass-xbox-layoffs-microsoft-ceo-satya-nadella-says-the-streamlining-is-great-to-see/,gamesradar,2026-09-27,"Headline used in trend analysis: Amid mass Xbox layoffs, Microsoft CEO Satya Nadella says the ""streamlining"" is ""great to see""",06,RSS feed item
https://www.gamesradar.com/games/an-xbox-thats-only-good-for-launching-steam-is-like-subsidizing-valves-cash-register-ground-zero-xbox-veteran-says-microsoft-needs-to-pick-a-lane-before-project-helix-hits-a-wall/,gamesradar,2026-09-27,"Headline used in trend analysis: ""An Xbox that's only good for launching Steam is like subsidizing Valve's cash,"" says Microsoft vet",06,RSS feed item
https://www.gamesradar.com/games/grand-theft-auto/gta-6-scalpers-are-already-trying-to-resell-rockstars-usd400-collectors-box-for-upwards-of-usd1-500-even-though-its-still-in-stock/,gamesradar,2026-09-27,"Headline used in trend analysis: GTA 6 scalpers try to resell Rockstar's $400 Collector's Box for $1,500, but it's still in stock",06,RSS feed item
https://www.gamesradar.com/games/grand-theft-auto/manor-lords-publisher-isnt-worried-about-launching-a-game-on-gta-6s-release-date-pc-players-looking-to-steal-cars-might-check-out-its-new-management-sim-instead/,gamesradar,2026-09-27,Headline used in trend analysis: Manor Lords publisher isn't worried about launching a game on GTA 6's release date,06,RSS feed item
https://www.gamesradar.com/games/grand-theft-auto/rockstar-reportedly-reminded-gta-6s-voice-cast-theyre-still-under-nda-after-actor-stephen-root-let-slip-hes-in-the-game/,gamesradar,2026-09-27,Headline used in trend analysis: Rockstar reportedly reminded GTA 6's voice cast they're still under NDA,06,RSS feed item
https://www.gamesradar.com/games/jrpg/playstation-is-hearing-the-feedback-from-customers-on-discs-says-jrpg-boss-whose-business-is-built-on-physical-games/,gamesradar,2026-09-27,"Headline used in trend analysis: PlayStation is ""hearing the feedback from customers"" on discs, says JRPG boss",06,RSS feed item
https://www.gamesradar.com/games/minecraft/as-minecraft-sells-over-425-million-copies-and-attracts-300-000-new-players-a-day-the-evergreen-sandbox-game-is-getting-its-first-dimension-in-14-years/,gamesradar,2026-09-27,Headline used in trend analysis: Minecraft sells over 425 million copies and gets its first new dimension in 14 years,06,RSS feed item
https://www.gamesradar.com/games/resident-evil/resident-evil-2-remake-sales-nearly-double-on-ps5-after-capcom-discount-coincides-with-zach-creggers-biggest-opening-in-the-24-year-history-of-resident-evil-movies-says-analyst/,gamesradar,2026-09-27,"Headline used in trend analysis: Resident Evil 2 remake sales double on PS5 after Zach Cregger movie and discounts, says analyst",06,RSS feed item
https://www.gamesradar.com/games/xbox-ceo-asha-sharma-called-out-for-kojima-maxxing-just-before-latest-layoffs-former-age-of-empires-studio-boss-says-shes-crushed/,gamesradar,2026-09-27,"Headline used in trend analysis: Xbox CEO Asha Sharma called out for ""Kojima-maxxing"" just before latest layoffs",06,RSS feed item
https://www.gamesradar.com/hardware/gaming-controllers/attention-music-fans-the-crkd-les-paul-guitar-controller-works-with-stage-tour-and-it-just-got-a-record-low-discount-at-woot/,gamesradar,2026-09-27,"Headline used in trend analysis: Attention music fans - the CRKD Les Paul guitar controller works with Stage Tour, and it just got a record-low discount at Woot",06,RSS feed item
https://www.hooked.so/trends/tiktok/gaming,hooked.so,2026-09-27,Page fetched: TikTok Gaming Trends & Top Creators 2026 | Hooked,06,fetched (canonical URL recorded in page)
https://www.ign.com/articles/as-resident-evil-requiem-passes-500m-revenue-analysis-shows-86-sales-were-on-xbox-with-remaining-91-shared-between-ps5-and-steam,ign,2026-09-27,"Headline used in trend analysis: As Resident Evil Requiem Passes $500m Revenue, Analysis Shows 8.6% Sales Were on Xbox, With Remaining 91% Shared Between PS5 and Steam",06,RSS feed item
https://www.ign.com/articles/gta-6-fans-are-already-3d-printing-items-in-the-games-400-collectors-edition,ign,2026-09-27,Headline used in trend analysis: GTA 6 Fans Are Already 3D Printing Items in the Game's $400 Collector's Edition,06,RSS feed item
https://www.ign.com/articles/marvels-wolverine-dev-adds-option-to-turn-off-controversial-scent-trails-and-more-in-new-update,ign,2026-09-27,Headline used in trend analysis: Marvel's Wolverine Dev Adds Option to Turn Off Controversial Scent Trails and More in New Update,06,RSS feed item
https://www.ign.com/articles/minecraft-confirms-ice-caves-as-next-game-drop-adds-frozen-zombies-ice-balls-and-more,ign,2026-09-27,"Headline used in trend analysis: Minecraft Confirms Ice Caves as Next Game Drop, Adds Frozen Zombies, Ice Balls, and More",06,RSS feed item
https://www.ign.com/articles/minecraft-live-september-2026-everything-announced,ign,2026-09-27,Headline used in trend analysis: Minecraft LIVE September 2026 — Everything Announced,06,RSS feed item
https://www.ign.com/articles/worlds-first-official-minecraft-hotel-revealed-for-2027-first-ever-minecraft-rollercoaster-named,ign,2026-09-27,"Headline used in trend analysis: World's First Official Minecraft Hotel Revealed for 2027, First Ever Minecraft Rollercoaster Named",06,RSS feed item
https://www.nintendolife.com/news/2026/09/surprise-minecraft-is-getting-its-first-new-dimension-in-over-14-years,nintendolife,2026-09-27,Headline used in trend analysis: Surprise! Minecraft Is Getting Its First New Dimension In Over 14 Years,06,RSS feed item
https://www.pcgamer.com/games/grand-theft-auto/i-made-the-hot-dog-vendors-in-gta-5-work-because-rockstar-never-did/,pcgamer,2026-09-27,Headline used in trend analysis: I made the hot dog vendors in GTA 5 work because Rockstar never did,06,RSS feed item
https://www.pcgamer.com/games/halo/what-insiders-say-halo-studios-was-up-to-before-losing-halo-the-next-halo-game-was-years-away/,pcgamer,2026-09-27,Headline used in trend analysis: What insiders say Halo Studios was up to before losing Halo: 'The next Halo game was years away',06,RSS feed item
https://www.pcgamer.com/games/live/news/what-are-the-ai-guys-saying-now/,pcgamer,2026-09-27,Headline used in trend analysis: A running tally of the most ridiculous things AI bigwigs have said so far,06,RSS feed item
https://www.pcgamer.com/games/mmo/the-elder-scrolls-onlines-devs-are-pushing-through-hard-times-after-layoffs-and-delays-we-didnt-want-to-rush-to-just-hit-a-date/,pcgamer,2026-09-27,Headline used in trend analysis: The Elder Scrolls Online's devs are pushing through hard times after layoffs and delays: 'We didn't want to rush to just hit a date',06,RSS feed item
https://www.pcgamer.com/games/survival-crafting/minecraft-is-getting-its-first-new-dimension-in-15-years-and-it-is-riotously-pink/,pcgamer,2026-09-27,"Headline used in trend analysis: Minecraft is getting its first new dimension in 15 years, and it is riotously pink",06,RSS feed item
https://www.pcgamer.com/games/third-person-shooter/gears-of-war-story-director-laid-off-mere-days-after-e-day-went-gold/,pcgamer,2026-09-27,Headline used in trend analysis: Gears of War story director laid off mere days after E-Day went gold,06,RSS feed item
https://www.pcgamer.com/gaming-industry/game-development/for-warhorses-15th-birthday-we-chatted-with-its-co-founder-about-the-demand-for-grown-up-rpgs-ai-why-games-are-too-cheap-and-his-role-in-the-collapse-of-communism/,pcgamer,2026-09-27,"Headline used in trend analysis: For Warhorse's 15th birthday, we chatted with its co-founder about the demand for 'grown-up' RPGs, AI, why games are too cheap, and his role in the collapse of ",06,RSS feed item
https://www.pcgamer.com/gaming-industry/microsoft-ceo-says-xboxs-streamlining-process-is-great-to-see-following-its-most-recent-round-of-layoffs/,pcgamer,2026-09-27,Headline used in trend analysis: Microsoft CEO says Xbox's 'streamlining' process is 'great to see' following its most recent round of layoffs,06,RSS feed item
https://www.pcgamer.com/hardware/microphones/i-found-a-use-of-ai-that-doesnt-make-me-cringe-and-shudder-and-its-in-the-mic-everyones-waited-over-a-decade-for/,pcgamer,2026-09-27,"Headline used in trend analysis: I found a use of AI that doesn't make me cringe and shudder, and it's in the mic everyone's waited over a decade for",06,RSS feed item
https://www.pcgamer.com/software/ai/everything-is-hard-but-it-turns-out-thats-not-societys-problem-thats-my-problem-says-jensen-huang-about-ai-development/,pcgamer,2026-09-27,"Headline used in trend analysis: 'Everything is hard. But it turns out that’s not society’s problem, that’s my problem,' says Jensen Huang about AI development",06,RSS feed item
https://www.polygon.com/control-resonant-biggest-issue-oldest-house/,polygon,2026-09-27,Headline used in trend analysis: Control Resonant's Completely Ignores The Most Interesting Character,06,RSS feed item
https://www.polygon.com/control-resonant-goty-game-of-the-year-game-awards/,polygon,2026-09-27,Headline used in trend analysis: Control Resonant Has a Secret Weapon in the GOTY Race,06,RSS feed item
https://www.polygon.com/gaming/,polygon.com,2026-09-27,Page fetched: Gaming | Polygon.com,06,fetched (canonical URL recorded in page)
https://www.purexbox.com/features/25plus-of-the-best-discounted-games-from-xboxs-open-world-sale,purexbox,2026-09-27,Headline used in trend analysis: Feature: 25+ Of The Best Discounted Games From Xbox's Open World Sale,06,RSS feed item
https://www.purexbox.com/features/poll-what-do-you-think-of-dune-awakening-on-xbox-game-pass-so-far,purexbox,2026-09-27,Headline used in trend analysis: Poll: What Do You Think Of Dune: Awakening On Xbox Game Pass So Far?,06,RSS feed item
https://www.purexbox.com/features/talking-point-what-do-you-think-the-future-holds-for-a-potential-halo-2-remake,purexbox,2026-09-27,Headline used in trend analysis: Talking Point: What Do You Think The Future Holds For A Potential Halo 2 Remake?,06,RSS feed item
https://www.purexbox.com/features/these-30plus-games-are-coming-to-xbox-next-week-september-28-october-2,purexbox,2026-09-27,Headline used in trend analysis: Feature: These 30+ Games Are Coming To Xbox Next Week (September 28-October 2),06,RSS feed item
https://www.purexbox.com/guides/gears-of-war-e-day-release-date-release-times-and-everything-you-need-to-know-on-xbox-and-pc,purexbox,2026-09-27,"Headline used in trend analysis: Guide: Gears Of War E-Day Release Date, Release Times & Everything You Need To Know On Xbox & PC",06,RSS feed item
https://www.purexbox.com/news/2026/09/10plus-xbox-games-are-out-today-plus-a-pair-of-bangers-across-various-tiers-of-game-pass-september-25,purexbox,2026-09-27,"Headline used in trend analysis: 10+ Xbox Games Are Out Today, Plus A Pair Of Bangers Across Various Tiers Of Game Pass (September 25)",06,RSS feed item
https://www.purexbox.com/news/2026/09/15plus-xbox-games-are-out-today-including-one-of-the-biggest-releases-of-the-year-september-24,purexbox,2026-09-27,"Headline used in trend analysis: 15+ Xbox Games Are Out Today, Including One Of The Biggest Releases Of The Year (September 24)",06,RSS feed item
https://www.purexbox.com/news/2026/09/free-play-days-try-these-xbox-games-for-free-september-24-27,purexbox,2026-09-27,Headline used in trend analysis: Free Play Days: Try These Xbox Games For Free (September 24-27),06,RSS feed item
https://www.purexbox.com/news/2026/09/lots-of-ubisoft-games-are-discounted-by-85-90percent-in-xboxs-new-publisher-sale,purexbox,2026-09-27,Headline used in trend analysis: Lots Of Ubisoft Games Are Discounted By 85-90% In Xbox's New Publisher Sale,06,RSS feed item
https://www.purexbox.com/news/2026/09/microsoft-ceo-discusses-his-goals-for-the-future-of-xbox-feels-fantastic-about-the-ip-portfolio,purexbox,2026-09-27,"Headline used in trend analysis: Microsoft CEO Discusses His Goals For The Future Of Xbox, Feels 'Fantastic' About The IP Portfolio",06,RSS feed item
https://www.purexbox.com/news/2026/09/multiple-games-from-the-90s-are-making-their-xbox-debuts-this-week,purexbox,2026-09-27,Headline used in trend analysis: Multiple Games From The '90s Are Making Their Xbox Debuts This Week,06,RSS feed item
https://www.purexbox.com/news/2026/09/report-xbox-studio-rare-working-on-various-projects-but-activision-will-decide-their-future,purexbox,2026-09-27,"Headline used in trend analysis: Report: Xbox Studio 'Rare' Working On Various Projects, But Activision Will Decide Their Future",06,RSS feed item
https://www.purexbox.com/news/2026/09/two-xbox-games-are-shutting-down-their-servers-across-october-and-november-2026,purexbox,2026-09-27,Headline used in trend analysis: Two Xbox Games Are Shutting Down Their Servers Across October & November 2026,06,RSS feed item
https://www.purexbox.com/news/2026/09/were-not-resetting-our-roadmap-bethesda-boss-on-obsidian-and-the-xbox-studios-shakeup,purexbox,2026-09-27,Headline used in trend analysis: 'We're Not Resetting Our Roadmap' - Bethesda Boss On Obsidian And The Xbox Studios Shakeup,06,RSS feed item
https://www.purexbox.com/news/2026/09/xbox-bulks-november-2026s-game-pass-lineup-with-another-day-one-console-release,purexbox,2026-09-27,Headline used in trend analysis: Xbox Bulks November 2026's Game Pass Lineup With Another Day One Console Release,06,RSS feed item
https://www.purexbox.com/news/2026/09/xbox-cso-issues-response-to-report-about-gta-6-sales-being-heavily-skewed-towards-ps5,purexbox,2026-09-27,Headline used in trend analysis: Xbox CSO Issues Response To Report About GTA 6 Sales Being 'Heavily Skewed' Towards PS5,06,RSS feed item
https://www.purexbox.com/news/2026/09/xbox-fans-begin-spotting-new-microsoft-rewards-tracker-in-latest-insider-update,purexbox,2026-09-27,Headline used in trend analysis: Xbox Fans Begin Spotting New Microsoft Rewards Tracker In Latest Insider Update,06,RSS feed item
https://www.purexbox.com/news/2026/09/xbox-is-adding-new-game-tile-tags-to-help-track-achievements-and-other-things,purexbox,2026-09-27,Headline used in trend analysis: Xbox Is Adding New 'Game Tile Tags' To Help Track Achievements And Other Things,06,RSS feed item
https://www.purexbox.com/news/2026/09/xbox-quietly-pushed-out-a-small-console-update-to-everyone-this-week,purexbox,2026-09-27,Headline used in trend analysis: Xbox Quietly Pushed Out A Small Console Update To Everyone This Week,06,RSS feed item
https://www.purexbox.com/news/2026/09/xbox-studio-worlds-edge-may-have-cancelled-a-game-as-part-of-activision-shift,purexbox,2026-09-27,Headline used in trend analysis: Xbox Studio 'World's Edge' May Have Cancelled A Game As Part Of Activision Shift,06,RSS feed item
https://www.pushsquare.com/features/poll-what-review-score-would-you-give-marvels-wolverine,pushsquare,2026-09-27,Headline used in trend analysis: Poll: What Review Score Would You Give Marvel's Wolverine?,06,RSS feed item
https://www.pushsquare.com/news/2026/09/gta-6-cant-completely-sweep-this-years-goty-awards-anymore,pushsquare,2026-09-27,Headline used in trend analysis: GTA 6 Can't Completely Sweep This Year's GOTY Awards Anymore,06,RSS feed item
https://www.pushsquare.com/news/2026/09/gta-6-fronts-next-game-informer-cover-with-new-info-and-screenshots,pushsquare,2026-09-27,Headline used in trend analysis: GTA 6 Fronts Next Game Informer Cover with New Info and Screenshots,06,RSS feed item
https://www.pushsquare.com/news/2026/09/infinite-new-gameplus-photo-mode-on-the-way-to-control-resonant-no-word-on-proper-ps5-dlc,pushsquare,2026-09-27,"Headline used in trend analysis: Infinite New Game+, Photo Mode on the Way to Control Resonant, No Word on Proper PS5 DLC",06,RSS feed item
https://www.pushsquare.com/news/2026/09/newest-wolverine-ps5-update-wipes-out-scent-trails-to-collectibles,pushsquare,2026-09-27,Headline used in trend analysis: Newest Wolverine PS5 Update Wipes Out Scent Trails to Collectibles,06,RSS feed item
https://www.pushsquare.com/news/2026/09/ps5-fans-encouraged-to-give-feedback-on-discs-in-new-sony-survey,pushsquare,2026-09-27,Headline used in trend analysis: PS5 Fans Encouraged to Give Feedback on Discs in New Sony Survey,06,RSS feed item
https://www.rockpapershotgun.com/a-dried-husk-of-a-product-former-doom-producer-berates-microsoft-for-making-halo-a-mid-tier-game-and-mourns-the-financialisation-of-aaa,rps,2026-09-27,"Headline used in trend analysis: ""A dried husk of a product"": former Doom producer berates Microsoft for making Halo a ""mid-tier"" game and mourns the ""financialisation"" of AAA",06,RSS feed item
https://www.rockpapershotgun.com/after-eighteen-years-of-jaggedy-bowling-a-new-mod-bestows-gta-4-with-dlss-and-fsr-support,rps,2026-09-27,"Headline used in trend analysis: After eighteen years of jaggedy bowling, a new mod bestows GTA 4 with DLSS and FSR support",06,RSS feed item
https://www.rockpapershotgun.com/age-of-empires-studio-worlds-edge-reportedly-lose-nearly-half-their-staff-and-a-new-game-project-in-mass-xbox-layoffs,rps,2026-09-27,Headline used in trend analysis: Age of Empires studio World's Edge reportedly lose nearly half their staff and a new game project in mass Xbox layoffs,06,RSS feed item
https://www.rockpapershotgun.com/ahead-of-gta-6-rockstar-warn-modders-against-against-making-unofficial-main-story-expansions-unauthorised-ports-and-mods-that-combine-gta-maps,rps,2026-09-27,"Headline used in trend analysis: Ahead of GTA 6, Rockstar warn modders against making unofficial main story expansions, unauthorised ports and mods that combine GTA maps",06,RSS feed item
https://www.rockpapershotgun.com/control-resonant-review,rps,2026-09-27,Headline used in trend analysis: Control Resonant review: A superbly strange action-RPG that'll make you feel tiny and godly at once,06,RSS feed item
https://www.rockpapershotgun.com/discord-roll-out-revised-age-verification-following-delay-due-to-pushback-pledging-to-be-safer-for-teens-same-discord-for-adults,rps,2026-09-27,"Headline used in trend analysis: Discord roll out revised age verification following delay due to pushback, pledging to be ""safer for teens, same Discord for Adults""",06,RSS feed item
https://www.rockpapershotgun.com/do-665-runs-if-you-want-control-resonant-is-getting-a-new-game-mode-next-month-and-dont-worry-you-happy-snappers-a-photo-mode-is-on-the-way-too,rps,2026-09-27,"Headline used in trend analysis: ""Do 665 runs if you want!"": Control Resonant is getting a new game++ mode next month, and don't worry you happy snappers, a photo mode is on the way too",06,RSS feed item
https://www.rockpapershotgun.com/following-id-layoffs-quake-champions-drops-free-to-play-nonsense-and-becomes-a-9-game-on-steam,rps,2026-09-27,"Headline used in trend analysis: Following id layoffs, Quake Champions drops free-to-play nonsense and becomes a £9 game on Steam",06,RSS feed item
https://www.rockpapershotgun.com/good-luck-today-halo-friends-after-years-of-rivalry-call-of-dutys-creators-have-taken-charge-of-xboxs-defining-fps-series-amid-yet-more-layoffs,rps,2026-09-27,"Headline used in trend analysis: ""Good luck today, Halo friends"": After years of rivalry, Call of Duty's creators have taken charge of Xbox's defining FPS series amid yet more layoffs",06,RSS feed item
https://www.rockpapershotgun.com/i-thought-people-would-leave-hideo-kojima-offers-his-account-of-physints-switch-from-playstation-to-xbox-as-his-studio-insist-theyre-in-a-healthy-profitable-state,rps,2026-09-27,"Headline used in trend analysis: ""I thought people would leave"": Hideo Kojima offers his account of Physint's switch from PlayStation to Xbox, as his studio insist they're in a ""healthy, profit",06,RSS feed item
https://www.rockpapershotgun.com/im-still-blown-away-by-the-amount-of-talent-hellblade-devs-ninja-theory-face-closure-after-microsoft-fail-to-reach-a-deal-with-buyers,rps,2026-09-27,"Headline used in trend analysis: ""I'm still blown away by the amount of talent"": Hellblade devs Ninja Theory face closure after Microsoft fail to reach a deal with buyers",06,RSS feed item
https://www.rockpapershotgun.com/love-alt-delete-is-a-y2k-horror-visual-novel-where-you-use-one-ai-chatbot-to-help-you-date-another-that-dont-worry-doesnt-use-the-nasty-generative-stuff,rps,2026-09-27,"Headline used in trend analysis: LOVE alt delete is a Y2K horror visual novel where you use one AI chatbot to help you date another that, don't worry, doesn't use the nasty generative stuff",06,RSS feed item
https://www.rockpapershotgun.com/microsoft-want-to-record-your-face-and-feed-it-to-a-generative-ai-telling-it-to-go-off-and-design-a-game-from-your-frown,rps,2026-09-27,"Headline used in trend analysis: Microsoft want to record your face and feed it to a generative AI, telling it to go off and design a game from your frown",06,RSS feed item
https://www.rockpapershotgun.com/nearly-everyone-laid-off-at-hyper-light-drifter-devs-heart-machine-after-publisher-drops-unannounced-game,rps,2026-09-27,"Headline used in trend analysis: ""Nearly everyone"" laid off at Hyper Light Drifter devs Heart Machine after publisher drops unannounced game",06,RSS feed item
https://www.rockpapershotgun.com/single-player-games-might-require-age-verification-if-they-use-steam-under-eu-kids-acts-current-draft-according-to-meps-senior-policy-adviser,rps,2026-09-27,"Headline used in trend analysis: Single player games might require age verification if they use Steam under EU Kids Act's current draft, according to MEP's senior policy adviser",06,RSS feed item
https://www.rockpapershotgun.com/state-of-decay-3-studio-undead-labs-lay-off-a-significant-number-of-exceptionally-talented-developers-after-gaining-independence-from-xbox,rps,2026-09-27,"Headline used in trend analysis: State of Decay 3 studio Undead Labs lay off ""a significant number"" of ""exceptionally talented developers"" after gaining independence from Xbox",06,RSS feed item
https://www.rockpapershotgun.com/steam-frame-ready-vr-rhythm-game-beat-saber-is-adding-hand-tracking-and-a-punchy-new-mode-in-its-biggest-update-ever,rps,2026-09-27,"Headline used in trend analysis: Steam Frame-ready VR rhythm game Beat Saber is adding hand-tracking and a punchy new mode in its ""biggest update ever""",06,RSS feed item
https://www.rockpapershotgun.com/the-steam-frames-first-post-launch-update-speeds-up-charging-and-ungarbles-a-mic-bug,rps,2026-09-27,Headline used in trend analysis: The Steam Frame’s first post-launch update speeds up charging and ungarbles a mic bug,06,RSS feed item
https://www.rockpapershotgun.com/the-steam-machine-handles-control-resonant-capably-but-the-promised-steam-deck-support-is-a-letdown,rps,2026-09-27,"Headline used in trend analysis: The Steam Machine handles Control Resonant capably, but the promised Steam Deck support is a letdown",06,RSS feed item
https://www.rockpapershotgun.com/twitch-ceo-expects-gta-6-online-multiplayer-will-launch-next-year-which-if-accurate-would-leave-only-the-pc-ports-arrival-point-up-in-the-air,rps,2026-09-27,"Headline used in trend analysis: Twitch CEO expects GTA 6 online multiplayer will launch next year, which if accurate would leave only the PC port's arrival point up in the air",06,RSS feed item
https://www.rockpapershotgun.com/were-trying-to-make-it-easier-valve-confirm-the-steam-frame-is-just-the-start-of-plans-to-get-steam-games-working-on-compatibility-challenged-arm-pcs,rps,2026-09-27,"Headline used in trend analysis: ""We're trying to make it easier"": Valve confirm the Steam Frame is just the start of plans to get Steam games working on compatibility-challenged ARM PCs",06,RSS feed item
https://www.rockpapershotgun.com/xbox-lay-off-268-people-as-activision-take-over-halo-and-rare-while-obsidian-become-part-of-bethesda-plus-forza-and-fable-studios-merge,rps,2026-09-27,"Headline used in trend analysis: Xbox lay off 268 people as Activision take over Halo and Rare, while Obsidian become part of Bethesda, plus Forza and Fable studios merge",06,RSS feed item
https://www.rockpapershotgun.com/xbox-reportedly-set-to-lay-off-hundreds-more-staff-and-consolidate-several-game-studios-in-second-round-of-major-cuts-this-year,rps,2026-09-27,"Headline used in trend analysis: Xbox reportedly set to lay off hundreds more staff and ""consolidate"" several game studios in second round of major cuts this year",06,RSS feed item
https://www.rockpapershotgun.com/xboxs-consolidation-plans-might-mean-you-get-a-new-halo-sooner-but-history-shows-production-line-development-makes-for-boring-games,rps,2026-09-27,"Headline used in trend analysis: Today's changes might get Xbox a new Halo sooner, but history shows production line development makes for boring games",06,RSS feed item
https://www.theverge.com/games/1000818/control-resonant-reading-collectibles-documents-logs,theverge,2026-09-27,Headline used in trend analysis: Control Resonant is a great game — it’s even better when you read everything,06,RSS feed item
https://www.theverge.com/games/999464/control-resonant-assist-mode,theverge,2026-09-27,"Headline used in trend analysis: Control Resonant gets tough, but gives you the tools to deal with it",06,RSS feed item
https://www.theverge.com/games/999972/meta-horizon-create-studio-ai-games,theverge,2026-09-27,Headline used in trend analysis: Meta is going to let you build games with AI right on your phone,06,RSS feed item
https://www.theverge.com/news/999404/xbox-mythic-achievement-feature,theverge,2026-09-27,Headline used in trend analysis: Xbox’s Mythic Achievements sound like PlayStation’s Platinum trophy,06,RSS feed item
https://www.theverge.com/tech/999919/microsoft-xbox-reorganization-activision-notepad,theverge,2026-09-27,Headline used in trend analysis: The Xbox reset gets ugly,06,RSS feed item
https://www.timeextension.com/features/all-the-classic-gaming-news-from-the-past-week-september-20th-2026,timeextension.com,2026-09-27,Page fetched: All The Classic Gaming News From The Past Week (September 20th 2026) | Time Extension,06,fetched (canonical URL recorded in page)
https://www.tomshardware.com/pc-components/air-cooling/deepcool-ak620-and-ak400-g2-review,tomshw,2026-09-27,Headline used in trend analysis: GMKtec Evo-X3 review: Strix Halo in a brand new suit,06,RSS feed item
https://www.tomshardware.com/pc-components/gpus/thieves-steal-nvidia-labeled-trailers-expecting-massive-ai-gpu-payday-but-score-40-000-pounds-of-sand-instead-crooks-duped-by-20-tons-of-ballast-sand,tomshw,2026-09-27,"Headline used in trend analysis: Thieves steal Nvidia-labeled trailers expecting massive AI GPU payday, but score 40,000 pounds of sand instead",06,RSS feed item
https://www.tomshardware.com/pc-components/ram/micron-discontinues-2gb-gddr7-chips-for-gaming-gpus-as-it-pivots-toward-higher-density-memory-for-ai-chipmaker-reportedly-pivots-to-high-margin-3gb-silicon-for-ai-gpus,tomshw,2026-09-27,Headline used in trend analysis: Micron discontinues 2GB GDDR7 chips for gaming GPUs as it pivots toward higher-density memory for AI,06,RSS feed item
https://www.tomshardware.com/peripherals/microphones/logitech-refreshes-legendary-blue-yeti-microphone-with-3d-voice-tracking-and-ai-denoising-usd160-blue-yeti-2-sequel-features-real-time-auto-gain-and-color-mascot-screen,tomshw,2026-09-27,Headline used in trend analysis: Logitech refreshes legendary Blue Yeti microphone with 3D voice tracking and AI denoising,06,RSS feed item
https://www.tomshardware.com/tech-industry/artificial-intelligence/developer-says-jev-decision-model-beat-pokemon-red-in-under-a-week-non-llm-engine-succeeds-where-traditional-chatbots-stalled-for-months-but-claude-opus-5-coached-the-model-through-its-dead-ends,tomshw,2026-09-27,Headline used in trend analysis: Developer says AI decision model Jev beat Pokémon Red in under a week,06,RSS feed item
https://www.tomshardware.com/tech-industry/artificial-intelligence/japanese-used-bookstores-see-5x-sales-surge-as-books-are-being-bought-by-the-ton-one-50-ton-order-sent-to-the-us-for-ai-scanning-and-destruction-multitude-of-suspicious-bulk-buys-thought-to-end-up-in-foreign-ai-scan-and-shred-facilities,tomshw,2026-09-27,"Headline used in trend analysis: Japanese used bookstores see 5x sales surge as books are being bought by the ton, one 50-ton order sent to the US for AI scanning and destruction",06,RSS feed item
https://www.tomshardware.com/tech-industry/big-tech/nvidia-ceo-says-we-have-to-shut-the-labs-down-if-ai-experiments-are-unsafe-jensen-huang-says-frontier-ai-lab-fears-are-a-distraction-not-a-call-for-regulation,tomshw,2026-09-27,Headline used in trend analysis: Nvidia CEO says 'we have to shut the labs down' if AI experiments are unsafe,06,RSS feed item
https://www.tomshardware.com/tech-industry/data-centers/elon-musks-spacexai-to-add-another-660-000-ai-gpus-this-year-nearing-a-total-of-1-44-million-in-operation-firm-is-building-1-2-gigawatt-power-plant-to-bring-systems-fully-online,tomshw,2026-09-27,"Headline used in trend analysis: Elon Musk's SpaceXAI to add another 660,000 AI GPUs this year, nearing a total of 1.44 million in operation",06,RSS feed item
https://www.tomshardware.com/tech-industry/data-centers/google-is-blasting-an-experimental-ai-data-center-into-orbit-first-satellite-will-feature-just-four-tensor-processing-units,tomshw,2026-09-27,"Headline used in trend analysis: Google's orbital AI data center test packs four TPUs and 1,000W of solar power",06,RSS feed item
https://www.tomshardware.com/tech-industry/data-centers/new-jersey-fines-data-center-for-using-unpermitted-power-generators-microsoft-linked-site-also-in-trouble-with-community-for-noise-pollution-other-issues,tomshw,2026-09-27,"Headline used in trend analysis: New Jersey hits Microsoft-linked AI data center with record fine for 62 unpermitted power generators, issues 45-day shutdown deadline",06,RSS feed item
https://www.tomshardware.com/video-games/pc-gaming/27-year-old-gta-2-gets-full-path-tracing-and-60-fps-frame-generation-via-rtx-remix-custom-direct3d-9-wrapper-modernizes-classic-with-custom-direct3d-9-bridge-unlocks-dynamic-lighting,tomshw,2026-09-27,Headline used in trend analysis: 27-year-old GTA 2 gets full path tracing and 60 FPS frame generation via RTX Remix,06,RSS feed item
https://www.tomshardware.com/video-games/pc-gaming/an-nvidia-chatbot-could-one-day-help-developers-better-optimize-their-games-patent-filing-show-requests-can-be-made-in-plain-english,tomshw,2026-09-27,Headline used in trend analysis: Nvidia patents AI chatbot to streamline PC game optimization,06,RSS feed item
https://www.videogameschronicle.com/,videogameschronicle.com,2026-09-27,Page fetched: VGC - Video Games Chronicle,06,fetched (canonical URL recorded in page)
https://www.videogameschronicle.com/blog/podcast/podcast-halo-under-activision-whats-next-for-xbox/,vgc,2026-09-27,Headline used in trend analysis: Podcast: Halo under Activision – What’s next for Xbox?,06,RSS feed item
https://www.videogameschronicle.com/news/microsoft-ceo-says-streamlining-of-xbox-business-is-great-to-see/,vgc,2026-09-27,Headline used in trend analysis: Microsoft CEO says ‘streamlining’ of Xbox business is ‘great to see’,06,RSS feed item
https://www.videogameschronicle.com/news/minecraft-is-officially-getting-its-first-new-dimension-in-15-years/,vgc,2026-09-27,Headline used in trend analysis: Minecraft is officially getting its first new dimension in 15 years,06,RSS feed item
https://about.flipboard.com/,about.flipboard.com,2026-09-27,Page fetched: Home - About Flipboard,07,fetched (canonical URL recorded in page)
https://about.flipboard.com/fediverse-house/,about.flipboard.com,2026-09-27,Page fetched: SXSW '25 - About Flipboard,07,fetched (canonical URL recorded in page)
https://blog.google/products-and-platforms/products/search/,blog.google,2026-09-27,Page fetched: Official Google Search news and updates | Google Blog,07,fetched (canonical URL recorded in page)
https://business.pinterest.com/,business.pinterest.com,2026-09-27,Page fetched: Marketing on Pinterest | Pinterest Business,07,fetched (canonical URL recorded in page)
https://business.pinterest.com/pinterest-predicts/,business.pinterest.com,2026-09-27,Page fetched: Pinterest Predicts™: Top Trends for 2026,07,fetched (canonical URL recorded in page)
https://creators.snapchat.com/,creators.snapchat.com,2026-09-27,"Page fetched: Snapchat Creators | Learn to Create, Grow & Monetize",07,fetched (canonical URL recorded in page)
https://developers.google.com/search/blog,developers.google.com,2026-09-27,Page fetched: Search and SEO Blog | Google Search Central | Google Search Central Blog | Google for Developers,07,fetched (canonical URL recorded in page)
https://developers.google.com/search/docs,developers.google.com,2026-09-27,Page fetched: Documentation to Improve SEO | Google Search Central | Google for Developers,07,fetched (canonical URL recorded in page)
https://developers.google.com/search/docs/crawling-indexing/sitemaps/news-sitemap,developers.google.com,2026-09-27,Page fetched: Create a News Sitemap | Google Search Central | Documentation | Google for Developers,07,fetched (canonical URL recorded in page)
https://developers.google.com/search/docs/fundamentals/creating-helpful-content,developers.google.com,2026-09-27,"Page fetched: Creating Helpful, Reliable, People-First Content | Google Search Central | Documentation | Google for Developers",07,fetched (canonical URL recorded in page)
https://documentation.onesignal.com/docs/en/permission-requests,documentation.onesignal.com,2026-09-27,Page fetched: Web permission prompts - OneSignal,07,fetched (canonical URL recorded in page)
https://documentation.onesignal.com/docs/en/web-sdk-setup,documentation.onesignal.com,2026-09-27,Page fetched: Web SDK setup - OneSignal,07,fetched (canonical URL recorded in page)
https://feedly.com/resources,feedly.com,2026-09-27,Page fetched: Resources | Feedly,07,fetched (canonical URL recorded in page)
https://fextralife.com/,fextralife.com,2026-09-27,Page fetched: Fextralife | Delve Deeper. Explore Further.,07,fetched (canonical URL recorded in page)
https://fextralife.com/page/about/,fextralife.com,2026-09-27,Page fetched: About | Fextralife,07,fetched (canonical URL recorded in page)
https://flipboard.com/tools,flipboard.com,2026-09-27,Page fetched: Flipboard: Your Social Magazine,07,fetched (canonical URL recorded in page)
https://forbusiness.snapchat.com/,forbusiness.snapchat.com,2026-09-27,Page fetched: Snapchat Ads: Reach Gen Z and Millennials | Snapchat for Business,07,fetched (canonical URL recorded in page)
https://gravitec.net/blog/,gravitec.net,2026-09-27,Page fetched: Blog Gravitec.net - Push notifications for returning visitors to your site,07,fetched (canonical URL recorded in page)
https://help.nexusmods.com/article/18-terms-of-service,help.nexusmods.com,2026-09-27,Page fetched: Terms of Service - Nexus Mods Site Help,07,fetched (canonical URL recorded in page)
https://help.steampowered.com/en/faqs/view/6862-8119-C23E-EA7B,help.steampowered.com,2026-09-27,"Page fetched: Steam Support :: Rules and Guidelines For Steam: Discussions, Reviews, and User Generated Content",07,fetched (canonical URL recorded in page)
https://joinmastodon.org/servers,joinmastodon.org,2026-09-27,Page fetched: Servers - Mastodon,07,fetched (canonical URL recorded in page)
https://news.opera.com/,news.opera.com,2026-09-27,Page fetched: Opera News - Latest News In United States of America-English | Breaking News,07,fetched (canonical URL recorded in page)
https://newsroom.pinterest.com/,newsroom.pinterest.com,2026-09-27,Page fetched: Pinterest Newsroom,07,fetched (canonical URL recorded in page)
https://newsroom.snap.com/,newsroom.snap.com,2026-09-27,"Page fetched: Snapchat News, Announcements, & Updates | Snap Newsroom",07,fetched (canonical URL recorded in page)
https://redditinc.com/news,redditinc.com,2026-09-27,Page fetched: Reddit Inc Blog Homepage,07,fetched (canonical URL recorded in page)
https://redditinc.com/policies/reddit-rules,redditinc.com,2026-09-27,Page fetched: Reddit Rules,07,fetched (canonical URL recorded in page)
https://support.apple.com/guide/news-publisher/welcome/icloud,support.apple.com,2026-09-27,Page fetched: News Publisher User Guide - Apple Support,07,fetched (canonical URL recorded in page)
https://support.google.com/news/publisher-center/answer/9607025?hl=en,support.google.com,2026-09-27,Page fetched: News content across Google - Publisher Center Help,07,fetched (canonical URL recorded in page)
https://webkit.org/blog/13878/web-push-for-web-apps-on-ios-and-ipados/,webkit.org,2026-09-27,Page fetched: Web Push for Web Apps on iOS and iPadOS | WebKit,07,fetched (canonical URL recorded in page)
https://www.apple.com/apple-news/,apple.com,2026-09-27,Page fetched: Apple News+ - Apple,07,fetched (canonical URL recorded in page)
https://www.bing.com/search?q=Discord server discovery requirements 1000 members 2026&setlang=en&cc=US,bing.com,2026-09-27,Page fetched: Discord server discovery requirements 1000 members 2026 - Search,07,fetched (canonical URL recorded in page)
https://www.bing.com/search?q=Google Discover desktop rollout 2026&setlang=en&cc=US,bing.com,2026-09-27,Page fetched: Google Discover desktop rollout 2026 - Search,07,fetched (canonical URL recorded in page)
https://www.bing.com/search?q=Google Discover social media posts YouTube videos publishers 2025&setlang=en&cc=US,bing.com,2026-09-27,Page fetched: Google Discover social media posts YouTube videos publishers 2025 - Search,07,fetched (canonical URL recorded in page)
https://www.bing.com/search?q=LinkedIn newsletter create requirements 2026 help&setlang=en&cc=US,bing.com,2026-09-27,Page fetched: LinkedIn newsletter create requirements 2026 help - Search,07,fetched (canonical URL recorded in page)
https://www.bing.com/search?q=Microsoft Start partner hub MSN publisher apply 2026&setlang=en&cc=US,bing.com,2026-09-27,Page fetched: Microsoft Start partner hub MSN publisher apply 2026 - Search,07,fetched (canonical URL recorded in page)
https://www.bing.com/search?q=Reddit Answers 2026 search Google Reddit traffic publishers&setlang=en&cc=US,bing.com,2026-09-27,Page fetched: Reddit Answers 2026 search Google Reddit traffic publishers - Search,07,fetched (canonical URL recorded in page)
https://www.bing.com/search?q=Snapchat Discover publisher program apply 2026&setlang=en&cc=US,bing.com,2026-09-27,Page fetched: Snapchat Discover publisher program apply 2026 - Search,07,fetched (canonical URL recorded in page)
https://www.bing.com/search?q=Twitch affiliate requirements 2026 50 followers&setlang=en&cc=US,bing.com,2026-09-27,Page fetched: Twitch affiliate requirements 2026 50 followers - Search,07,fetched (canonical URL recorded in page)
https://www.bing.com/search?q=linkedin+newsletter+help+publish+newsletter,bing.com,2026-09-27,Page fetched: linkedin newsletter help publish newsletter - Search,07,fetched (canonical URL recorded in page)
https://www.bing.com/search?q=r/Games rules self-promotion news sources&setlang=en&cc=US,bing.com,2026-09-27,Page fetched: r/Games rules self-promotion news sources - Search,07,fetched (canonical URL recorded in page)
https://www.bing.com/search?q=r/gaming rules no self promotion&setlang=en&cc=US,bing.com,2026-09-27,Page fetched: r/gaming rules no self promotion - Search,07,fetched (canonical URL recorded in page)
https://www.bing.com/search?q=r/pcgaming rules blogspam original source&setlang=en&cc=US,bing.com,2026-09-27,Page fetched: r/pcgaming rules blogspam original source - Search,07,fetched (canonical URL recorded in page)
https://www.bing.com/search?q=web push notification opt-in rate 2026 benchmark news publishers&setlang=en&cc=US,bing.com,2026-09-27,Page fetched: web push notification opt-in rate 2026 benchmark news publishers - Search,07,fetched (canonical URL recorded in page)
https://www.business.reddit.com/,business.reddit.com,2026-09-27,Page fetched: Reach your customers on Reddit | Reddit for Business,07,fetched (canonical URL recorded in page)
https://www.business.reddit.com/pro,business.reddit.com,2026-09-27,Page fetched: Reddit Pro,07,fetched (canonical URL recorded in page)
https://www.inoreader.com/blog/,inoreader.com,2026-09-27,Page fetched: Blog | Inoreader,07,fetched (canonical URL recorded in page)
https://www.linkedin.com/help/linkedin,linkedin.com,2026-09-27,Page fetched: LinkedIn Help,07,fetched (canonical URL recorded in page)
https://www.linkedin.com/help/linkedin/answer/a1338380,linkedin.com,2026-09-27,Page fetched: See a list of who you blocked | LinkedIn Help,07,fetched (canonical URL recorded in page)
https://www.pushengage.com/case-studies/,pushengage.com,2026-09-27,Page fetched: PushEngage Case Studies - Why Customers love PushEngage,07,fetched (canonical URL recorded in page)
https://www.seroundtable.com/archives,seroundtable.com,2026-09-27,Page fetched: Archives : Search Engine Roundtable,07,fetched (canonical URL recorded in page)
https://www.seroundtable.com/category/google-discover,seroundtable.com,2026-09-27,Page fetched: Error 404 - Resource not found,07,fetched (canonical URL recorded in page)
https://www.seroundtable.com/google-september-2026-spam-update-42163.html,seroundtable.com,2026-09-27,Page fetched: Google September 2026 Spam Update Is Rolling Out,07,fetched (canonical URL recorded in page)
https://www.seroundtable.com/video-09-25-2026-42164.html,seroundtable.com,2026-09-27,"Page fetched: Video: Google September 2026 Spam Update Is Here, Goodbye Discover Traffic, Multimodal Search Reporting & CrUX Ad Metric",07,fetched (canonical URL recorded in page)
https://www.twitch.tv/ign,twitch.tv,2026-09-27,Page fetched: IGN - Twitch,07,fetched (canonical URL recorded in page)
https://www.upday.com/uk,upday.com,2026-09-27,Page fetched: The latest National and International News - upday News,07,fetched (canonical URL recorded in page)
https://duckduckgo.com/,duckduckgo.com,2026-09-27,Page fetched: DuckDuckGo,07;03;06,fetched (canonical URL recorded in page)
https://www.eurogamer.net/,eurogamer.net,2026-09-27,Page fetched: Eurogamer.net,07;04;06,fetched (canonical URL recorded in page)
https://www.ign.com,ign.com,2026-09-27,"Page fetched: Video Game News, Reviews, and Walkthroughs - IGN",07;04;06,fetched (canonical URL recorded in page)
https://www.pcgamer.com/,pcgamer.com,2026-09-27,Page fetched: PC Gamer | THE GLOBAL AUTHORITY ON PC GAMES,07;04;06,fetched (canonical URL recorded in page)
https://www.rockpapershotgun.com/,rockpapershotgun.com,2026-09-27,Page fetched: Rock Paper Shotgun,07;04;06,fetched (canonical URL recorded in page)
https://developers.google.com/search/blog/2026/02/discover-core-update,developers.google.com,2026-09-27,Page fetched: Google's February 2026 Discover Core Update | Google Search Central Blog | Google for Developers,07;08,fetched (canonical URL recorded in page)
https://developers.google.com/search/docs/appearance/google-discover,developers.google.com,2026-09-27,Page fetched: Get on Discover | Google Search Central | Documentation | Google for Developers,07;12;13,fetched (canonical URL recorded in page)
https://discord.com/community,discord.com,2026-09-27,Page fetched: Discord Communities,07;12;13,fetched (canonical URL recorded in page)
https://discord.com/community/become-official,discord.com,2026-09-27,Page fetched: Become Discord Official,07;12;13,fetched (canonical URL recorded in page)
https://discord.com/community/community-admin,discord.com,2026-09-27,Page fetched: Community Admin,07;12;13,fetched (canonical URL recorded in page)
https://developers.google.com/search/blog/2024/03/core-update-spam-policies,developers.google.com,2026-09-27,Page fetched: What web creators should know about our March 2024 core update and new spam policies | Google Search Central Blog | Goog,08,fetched (canonical URL recorded in page)
https://developers.google.com/search/blog/2024/11/site-reputation-abuse,developers.google.com,2026-09-27,Page fetched: Updating our site reputation abuse policy | Google Search Central Blog | Google for Developers,08,fetched (canonical URL recorded in page)
https://developers.google.com/search/blog/2026/05/a-new-resource-for-optimizing,developers.google.com,2026-09-27,Page fetched: A new resource for optimizing for generative AI in Google Search | Google Search Central Blog | Google for Developers,08,fetched (canonical URL recorded in page)
https://developers.google.com/search/blog/2026/08/update-site-reputation-policy,developers.google.com,2026-09-27,Page fetched: Update to the Site Reputation Policy | Google Search Central Blog | Google for Developers,08,fetched (canonical URL recorded in page)
https://game8.co/games/Genshin-Impact,game8.co,2026-09-27,Page fetched: Genshin Impact Walkthrough & Guides Wiki｜Game8,08,fetched (canonical URL recorded in page)
https://game8.co/games/Genshin-Impact/archives/297465,game8.co,2026-09-27,Page fetched: 7.1 Tier List and the Best Characters as of September 2026 | Genshin Impact｜Game8,08,fetched (canonical URL recorded in page)
https://howlongtobeat.com/game/68151,howlongtobeat.com,2026-09-27,Page fetched: How long is Elden Ring? | HowLongToBeat,08,fetched (canonical URL recorded in page)
https://techplay.gg/games/blood-on-the-clocktower,techplay.gg,2026-09-27,Page fetched: Blood on the Clocktower (2022) | TechPlay,08,fetched (canonical URL recorded in page)
https://techplay.gg/games/series/final-fantasy,techplay.gg,2026-09-27,Page fetched: Final Fantasy Games in Order — All 94 Titles | TechPlay,08,fetched (canonical URL recorded in page)
https://techplay.gg/games/the-blood-of-dawnwalker,techplay.gg,2026-09-27,"Page fetched: The Blood of Dawnwalker — release date, trailers and platforms",08,fetched (canonical URL recorded in page)
https://techplay.gg/guides/how-to-get-finale-of-the-deep-in-genshin-impact-full-guide,techplay.gg,2026-09-27,Page fetched: How to get Finale of The Deep in Genshin Impact (FULL GUIDE) | TechPlay,08,fetched (canonical URL recorded in page)
https://techplay.gg/guides/sandrone-full-guide-genshin-impact-character-guide,techplay.gg,2026-09-27,Page fetched: Sandrone Full Guide - Genshin Impact Character Guide | TechPlay,08,fetched (canonical URL recorded in page)
https://techplay.gg/hardware/iphone-18-pro-and-duo-bring-familiar-android-features,techplay.gg,2026-09-27,Page fetched: iPhone 18 Pro and Duo bring familiar Android features,08,fetched (canonical URL recorded in page)
https://techplay.gg/hardware/nvidia-ceo-rejects-ai-apocalypse-warnings-for-2030,techplay.gg,2026-09-27,Page fetched: Nvidia CEO rejects AI apocalypse warnings for 2030,08,fetched (canonical URL recorded in page)
https://techplay.gg/news/minecraft-has-sold-425-million-copies-and-keeps-growing,techplay.gg,2026-09-27,Page fetched: Minecraft has sold 425 million copies and keeps growing,08,fetched (canonical URL recorded in page)
https://techplay.gg/news/the-new-cs2-update-adds-rush-mode-silent-reload-and-raising-chickens,techplay.gg,2026-09-27,"Page fetched: The new CS2 update adds Rush Mode, silent reload and",08,fetched (canonical URL recorded in page)
https://techplay.gg/news/xbox-wants-you-to-watch-in-game-ads-and-has-just-patented-it,techplay.gg,2026-09-27,Page fetched: Xbox wants you to watch in-game ads and has just patented,08,fetched (canonical URL recorded in page)
https://techplay.gg/reviews/diablo-iv-lord-of-hatred-review,techplay.gg,2026-09-27,Page fetched: Diablo IV: Lord of Hatred review,08,fetched (canonical URL recorded in page)
https://techplay.gg/reviews/windrose-early-access-review,techplay.gg,2026-09-27,Page fetched: Windrose Early Access - review,08,fetched (canonical URL recorded in page)
https://techplay.gg/reviews/world-of-warcraft-midnight-review,techplay.gg,2026-09-27,Page fetched: World of Warcraft: Midnight review - Void and Light,08,fetched (canonical URL recorded in page)
https://www.digitalfoundry.net/reviews/control-resonant-an-impressive-pc-version-with-superb-scalability,digitalfoundry.net,2026-09-27,Page fetched: Review: Control Resonant: An Impressive PC Version With Superb Scalability | Digital Foundry,08,fetched (canonical URL recorded in page)
https://www.eurogamer.net/topics/digital-foundry,eurogamer.net,2026-09-27,Page fetched: Digital Foundry | Eurogamer.net,08,fetched (canonical URL recorded in page)
https://www.eurogamer.net/topics/tech,eurogamer.net,2026-09-27,Page fetched: Tech | Eurogamer.net,08,fetched (canonical URL recorded in page)
https://www.ign.com/wikis/elden-ring,ign.com,2026-09-27,Page fetched: Elden Ring Guide - IGN,08,fetched (canonical URL recorded in page)
https://www.pcgamer.com/search/,pcgamer.com,2026-09-27,Page fetched: Search results for best settings | Search | PC Gamer,08,fetched (canonical URL recorded in page)
https://www.pcgamesn.com/league-of-legends/system-requirements,pcgamesn.com,2026-09-27,Page fetched: League of Legends system requirements 2026,08,fetched (canonical URL recorded in page)
https://www.pcgamesn.com/life-is-strange-2/release-date,pcgamesn.com,2026-09-27,Page fetched: Life is Strange 2 is twice the price of the previous game,08,fetched (canonical URL recorded in page)
https://www.pushsquare.com/guides/new-ps5-games-release-dates-in-2026,pushsquare.com,2026-09-27,Page fetched: New PS5 Games Release Dates in 2026 | Push Square,08,fetched (canonical URL recorded in page)
https://www.rockpapershotgun.com/guides,rockpapershotgun.com,2026-09-27,Page fetched: Guides | Rock Paper Shotgun,08,fetched (canonical URL recorded in page)
https://techplay.gg/hardware/windows-11-is-finally-getting-a-more-modern-look,techplay.gg,2026-09-27,Page fetched: Windows 11 is finally getting a more modern look,08;03,fetched (canonical URL recorded in page)
https://gamerant.com/graveyard-keeper-2-battle-guide/,gamerant.com,2026-09-27,Page fetched: How do Battles Work in Graveyard Keeper 2?,08;04,fetched (canonical URL recorded in page)
"https://www.tomshardware.com/reviews/gpu-hierarchy,4388.html",tomshardware.com,2026-09-27,Page fetched: GPU Benchmarks Hierarchy 2026 - Graphics Card Rankings | Tom's Hardware,08;14,fetched (canonical URL recorded in page)
https://accountshark.net/blog/ffxiv-beginner-guide-2026-best-server-class-starting-tips,accountshark.net,2026-09-27,Account-seller blog ranks for FFXIV beginner guide,09,fetched or search result (agent log)
https://baldursgate3.wiki.fextralife.com/Trophy_&_Achievement_Guide,Fextralife,2026-09-27,BG3 trophy guide SERP,09,fetched or search result (agent log)
https://beebom.com/gta-5-cheat-codes/,Beebom,2026-09-27,Tech blog ranks for GTA 5 cheats,09,fetched or search result (agent log)
https://boostroom.com/blog/path-of-exile-2-best-classes-for-beginners-which-class-should-you-play,BoostRoom,2026-09-27,Boost-site blog ranks for PoE2 beginner class,09,fetched or search result (agent log)
https://bottleneckcalculator.us.com/knowledge-base/gaming-performance/shader-compilation/,bottleneckcalculator.us.com,2026-09-27,EA-008: Low GPU usage / CPU bottleneck diagnosis in games,09,agent log (evergreen row source)
https://bulbapedia.bulbagarden.net/wiki/Pok%C3%A9mon_Champions,Bulbapedia,2026-09-27,Champions reference,09,fetched or search result (agent log)
https://caniplaythat.com/,caniplaythat.com,2026-09-27,"EA-130: Accessibility features database: per-game tags (subtitles, remap, colorblind, difficulty, motion)",09,agent log (evergreen row source)
https://deltiasgaming.com/helldivers-2-crossplay-explained-how-to-play-across-pc-xbox-and-ps5/,Deltia's Gaming,2026-09-27,Helldivers 2 crossplay SERP #1,09,fetched or search result (agent log)
https://diabolical.substack.com/p/12-games-you-really-need-to-play,Substack,2026-09-27,Substack post ranks for games like BG3,09,fetched or search result (agent log)
https://displaylag.com/reduce-input-lag-in-pc-games-the-definitive-guide/,displaylag.com,2026-09-27,"EA-012: Frame pacing and micro-stutter: V-Sync, frame caps, Reflex, Anti-Lag explained",09,agent log (evergreen row source)
https://eldenringnightreign.wiki.fextralife.com/Multiplayer_Coop_and_Online,Fextralife,2026-09-27,Nightreign multiplayer wiki,09,fetched or search result (agent log)
https://en.wikipedia.org/wiki/Call_of_Duty,en.wikipedia.org,2026-09-27,EA-050: Best settings: Call of Duty: Modern Warfare 4 (Oct 23 2026),09,agent log (evergreen row source)
https://en.wikipedia.org/wiki/Call_of_Duty_(video_game_series,Wikipedia,2026-09-27,Modern Warfare 4 scheduled 23 Oct 2026; Black Ops 7 released 14 Nov 2025,09,fetched or search result (agent log)
https://en.wikipedia.org/wiki/Clair_Obscur:_Expedition_33,Wikipedia,2026-09-27,Expedition 33 24 Apr 2025; 8M by Apr 2026; 9 TGA wins; free update announced,09,fetched or search result (agent log)
https://en.wikipedia.org/wiki/Death_Stranding_2:_On_the_Beach,Wikipedia,2026-09-27,DS2 PS5 26 Jun 2025; Windows port 19 Mar 2026 (Nixxes),09,fetched or search result (agent log)
https://en.wikipedia.org/wiki/EA_Sports_FC_27,Wikipedia,2026-09-27,EA FC 27 released 25 Sep 2026 on PC/PS4/PS5/Xbox/Switch/Switch 2,09,fetched or search result (agent log)
https://en.wikipedia.org/wiki/Forza_Horizon_6,en.wikipedia.org,2026-09-27,"EA-055: Best settings: Forza Horizon 6 (PC/Xbox, PS5 later 2026)",09,agent log (evergreen row source)
https://en.wikipedia.org/wiki/Ghost_of_Y%C5%8Dtei,Wikipedia,2026-09-27,Ghost of Yotei released 2 Oct 2025 PS5; Legends co-op 10 Mar 2026; PC port cancelled Mar 2026,09,fetched or search result (agent log)
https://en.wikipedia.org/wiki/Guild_Wars_2,Wikipedia,2026-09-27,Visions of Eternity 28 Oct 2025; Guild Wars 3 announced Jun 2026; GW2 expansion development paused,09,fetched or search result (agent log)
https://en.wikipedia.org/wiki/Kingdom_Come:_Deliverance_II,Wikipedia,2026-09-27,KCD2 4 Feb 2025; 6M by Jun 2026; Switch 2 2027; Royal Edition Nov 2025,09,fetched or search result (agent log)
https://en.wikipedia.org/wiki/Lenovo_Legion_Go,en.wikipedia.org,2026-09-27,EA-062: Lenovo Legion Go 2 / Legion Go S settings and TDP,09,agent log (evergreen row source)
https://en.wikipedia.org/wiki/List_of_2026_video_games,en.wikipedia.org,2026-09-27,EA-056: Best settings: Crimson Desert,09,agent log (evergreen row source)
https://en.wikipedia.org/wiki/List_of_best-selling_Nintendo_Switch_2_games,Wikipedia,2026-09-27,Mario Kart World 15.39M by 30 Jun 2026,09,fetched or search result (agent log)
https://en.wikipedia.org/wiki/Marvel%27s_Wolverine,en.wikipedia.org,2026-09-27,EA-080: Availability: Marvel's Wolverine on PC / Xbox (PS5 exclusive),09,agent log (evergreen row source)
https://en.wikipedia.org/wiki/Path_of_Exile_2,Wikipedia,2026-09-27,PoE2 still early access; 1.0 set for 11 Dec 2026; 0.5.0 Return of the Ancients 29 May 2026,09,fetched or search result (agent log)
https://en.wikipedia.org/wiki/Pok%C3%A9mon_Legends:_Z-A,Wikipedia,2026-09-27,Legends Z-A 16 Oct 2025; 12.3M by year-end; Mega Dimension DLC 10 Dec 2025,09,fetched or search result (agent log)
https://en.wikipedia.org/wiki/Radeon_RX_9000_series,en.wikipedia.org,2026-09-27,EA-113: Compare: RTX 5060 vs RX 9060 XT (8GB vs 16GB),09,agent log (evergreen row source)
https://en.wikipedia.org/wiki/Video_game_console_emulator,en.wikipedia.org,2026-09-27,EA-126: Is emulation legal? Clean-room emulators vs ROMs vs BIOS — what US case law says,09,agent log (evergreen row source)
https://fandomwire.com/diablo-4-classes-tier-list/,FandomWire,2026-09-27,D4 tier list SERP,09,fetched or search result (agent log)
https://fortnite.gg/season-countdown,Fortnite.GG,2026-09-27,C7S4 countdown; ends 1 Nov 2026,09,fetched or search result (agent log)
https://game.capcom.com/residentevil/en/re-history.html,Capcom,2026-09-27,Official RE history page in SERP,09,fetched or search result (agent log)
https://game8.co/games/Hollow-Knight-Silksong/archives/546268,Game8,2026-09-27,Silksong 52 achievements / 34 trophies; Very Hard; ~130h,09,fetched or search result (agent log)
https://game8.co/games/Monster-Hunter-Wilds/archives/481402,Game8,2026-09-27,MH Wilds multiplayer SERP #1; Link Party 4 players,09,fetched or search result (agent log)
https://game8.co/games/Pokemon-Champions/archives/591745,Game8,2026-09-27,Type chart for Pokémon Champions ranks,09,fetched or search result (agent log)
https://gameluster.com/every-nintendo-switch-2-game-available-in-2026-the/,GameLuster,2026-09-27,Small site ranks for Switch 2 games list,09,fetched or search result (agent log)
https://gamerant.com/assassins-creed-games-play-order-chronological-release-options/,GameRant,2026-09-27,AC order SERP,09,fetched or search result (agent log)
https://gamerant.com/does-helldivers-2-have-crossplay/,GameRant,2026-09-27,Helldivers 2 crossplay SERP,09,fetched or search result (agent log)
https://gamerant.com/final-fantasy-series-mainline-best-order/,GameRant,2026-09-27,FF order SERP,09,fetched or search result (agent log)
https://gamerant.com/metal-gear-solid-series-chronology/,GameRant,2026-09-27,MGS chronology SERP,09,fetched or search result (agent log)
https://gamerant.com/persona-series-recommended-play-order-canon-timeline/,GameRant,2026-09-27,Persona order SERP,09,fetched or search result (agent log)
https://gamerant.com/ps5-games-easiest-platinum-trophies/,GameRant,2026-09-27,Easiest platinums SERP,09,fetched or search result (agent log)
https://gamerant.com/rollback-netcode-explained/,gamerant.com,2026-09-27,"EA-032: Glossary: Netcode: rollback vs delay-based, client/server, peer-to-peer",09,agent log (evergreen row source)
https://gameye.com/glossary/tick-rate/,gameye.com,2026-09-27,EA-031: Glossary: Tick rate and server update rate,09,agent log (evergreen row source)
https://gamingpromax.com/is-wow-worth-playing-2026-honest-review-midnight/,gamingpromax.com,2026-09-27,Small blog ranks for 'is WoW worth playing 2026',09,fetched or search result (agent log)
https://genpkm.com/blog/mega-evolution-pokemon-legends-za-complete-guide,genpkm.com,2026-09-27,93 Megas incl. 26 new; Mega Gauge mechanics,09,fetched or search result (agent log)
https://ggseason.com/marvelrivals/,ggseason.com,2026-09-27,Countdown micro-site ranks for season end,09,fetched or search result (agent log)
https://gtaside.com/tips/gta5/quick-money/,gtaside.com,2026-09-27,Fan site ranks; Sep 2026 Business Rivalries event,09,fetched or search result (agent log)
https://insider-gaming.com/marvel-rivals-season-8-start-date-new-heroes-marvel-rivals-season-7-5-end-date-explained/,Insider Gaming,2026-09-27,Marvel Rivals season dates SERP,09,fetched or search result (agent log)
https://iscrossplay.com/games/palworld,iscrossplay.com,2026-09-27,Crossplay database site ranks; PS5 crossplay at 1.0 (10 Jul 2026),09,fetched or search result (agent log)
https://kotaku.com/pokemon-legends-z-a-mega-evolutions-abilities-champions-2000683952,Kotaku,2026-09-27,Z-A Megas in Champions,09,fetched or search result (agent log)
https://learn.microsoft.com/en-us/minecraft/creator/documents/redstoneguide?view=minecraft-bedrock-stable,Microsoft Learn,2026-09-27,Official redstone guide ranks #1,09,fetched or search result (agent log)
https://lootandgrind.com/best-mmorpgs-to-play/,lootandgrind.com,2026-09-27,Small site ranks for best MMO 2026,09,fetched or search result (agent log)
https://maxroll.gg/d4/tierlists,Maxroll,2026-09-27,D4 tier list SERP,09,fetched or search result (agent log)
https://medium.com/@carolrodriguez598oscarol7rtkql/40-best-mmorpgs-to-play-in-2026-the-definitive-guide-a4e02c05a590,Medium,2026-09-27,Medium post ranks #1 for best MMO 2026,09,fetched or search result (agent log)
https://minecraft.wiki/w/Tutorial:Redstone,Minecraft Wiki,2026-09-27,Redstone tutorial canonical,09,fetched or search result (agent log)
https://na.finalfantasyxiv.com/lodestone/character/25180863/blog/5699362/,Lodestone blog,2026-09-27,Player blog ranks #1 for FFXIV beginner guide 2026,09,fetched or search result (agent log)
https://narrativeatlas.studio/blog/zelda/complete-timeline/,Narrative Atlas,2026-09-27,Small site ranks for Zelda timeline,09,fetched or search result (agent log)
https://news.blizzard.com/en-us/article/24243639/world-of-warcraft-midnighttm-goes-live-march-2,Blizzard News,2026-09-27,Midnight goes live 2 Mar 2026,09,fetched or search result (agent log)
https://news.ubisoft.com/en-us/article/6ceMaQ0MpYMPeN1mJxXlLF/how-to-play-the-assassins-creed-games-in-order,Ubisoft News,2026-09-27,Publisher ranks for AC order,09,fetched or search result (agent log)
https://nightreignwiki.com/guides/co-op-faq/,nightreignwiki.com,2026-09-27,Independent wiki ranks for Nightreign crossplay; no crossplay as of 1.03.4,09,fetched or search result (agent log)
https://platprices.com/quick-and-easy-platinum-trophies,PlatPrices,2026-09-27,Easy platinum list ranks,09,fetched or search result (agent log)
https://pokemondb.net/type,Pokémon Database,2026-09-27,Canonical type chart,09,fetched or search result (agent log)
https://primagames.com/gaming/how-to-play-the-persona-games-in-order,Prima Games,2026-09-27,Persona order SERP #1,09,fetched or search result (agent log)
https://psnprofiles.com/guide/14008-elden-ring-trophy-guide,PSNProfiles,2026-09-27,Elden Ring trophy guide SERP,09,fetched or search result (agent log)
https://redstone.build/,redstone.build,2026-09-27,Small site ranks for redstone basics,09,fetched or search result (agent log)
https://screenrant.com/split-fiction-play-co-op-required-query/,Screen Rant,2026-09-27,Split Fiction 2-player only,09,fetched or search result (agent log)
https://screenrant.com/yakuza-like-dragon-games-best-order/,Screen Rant,2026-09-27,Yakuza order SERP,09,fetched or search result (agent log)
https://starter-guide.finalfantasyxiv.com/en_US,Square Enix,2026-09-27,Official FFXIV starter guide,09,fetched or search result (agent log)
https://steamcommunity.com/sharedfiles/filedetails/?id=3564612330,Steam Community guide,2026-09-27,Steam guide ranks #1 for Silksong achievements,09,fetched or search result (agent log)
https://store.steampowered.com/charts/mostplayed,store.steampowered.com,2026-09-27,EA-048: Best settings: Counter-Strike 2,09,agent log (evergreen row source)
https://store.steampowered.com/charts/topselling/global,store.steampowered.com,2026-09-27,"EA-099: How Steam release times work (10am PT default, 'unlocks in approximately', regional unlock)",09,agent log (evergreen row source)
https://store.steampowered.com/hwsurvey,store.steampowered.com,2026-09-27,"EA-004: Windows 11 gaming settings checklist (Game Mode, VBS/Memory Integrity, HAGS, Xbox Mode)",09,agent log (evergreen row source)
https://support.microsoft.com/en-us/windows/hdr-settings-in-windows-2d767185-38ec-7fdc-6f97-bbc6c5ef24e6,support.microsoft.com,2026-09-27,"EA-010: HDR on PC: Auto HDR, Windows HDR Calibration, RTX HDR, why HDR looks washed out",09,agent log (evergreen row source)
https://support.raider.io/kb/frequently-asked-questions/how-do-you-rank-characters-for-mythic-plus,Raider.IO support,2026-09-27,Score = sum of best run per dungeon,09,fetched or search result (agent log)
https://support.raider.io/kb/raider-dot-io-mythic-plus-addon/what-are-the-different-colors-that-correspond-to-rating-for-raider-dot-io,Raider.IO support,2026-09-27,Score percentile tiers Common/Uncommon/Superior/Legendary,09,fetched or search result (agent log)
https://support.xbox.com/en-US/help/errors/error-codes,support.xbox.com,2026-09-27,EA-015: Xbox Series X|S error codes and 'something went wrong' fixes,09,agent log (evergreen row source)
https://timesaver.gg/blog/gta-online-make-money-fast-2026,timesaver.gg,2026-09-27,Small site ranks for GTA Online money 2026,09,fetched or search result (agent log)
https://tubbz.com/a/blog/resident-evil-timeline-explained-every-game-in-order,tubbz.com,2026-09-27,Small blog ranks #1 for RE order,09,fetched or search result (agent log)
https://turbosmurfs.gg/article/wow-midnight-review,Turbosmurfs,2026-09-27,Boosting-site blog ranks for 'is WoW worth it 2026',09,fetched or search result (agent log)
https://us.forums.blizzard.com/en/wow/t/so-nay-or-yay-about-midnight-worth-playing/2259454,Blizzard Forums,2026-09-27,Forum thread ranks for 'is Midnight worth playing',09,fetched or search result (agent log)
https://vrykerion.com/kingdom-hearts-story-summary-in-chronological-order/,vrykerion.com,2026-09-27,Small blog ranks for KH story,09,fetched or search result (agent log)
https://warcraft.wiki.gg/wiki/World_of_Warcraft:_Midnight,Warcraft Wiki,2026-09-27,Midnight live 2 Mar 2026; latest release 12.1.0; PTR 12.1.5; The Last Titan 2027,09,fetched or search result (agent log)
https://webnetic.sk/en-US/blogs/nintendo-switch-2-games-list,webnetic.sk,2026-09-27,Agency blog ranks for Switch 2 games list,09,fetched or search result (agent log)
https://wow.gg/meta/mythic-plus/dps,wow.gg,2026-09-27,M+ tier list SERP,09,fetched or search result (agent log)
https://www.archon.gg/wow/tier-list/dps-rankings/mythic-plus/10/windrunner-spire/this-week,Archon,2026-09-27,M+ tier list SERP #1 (data-driven),09,fetched or search result (agent log)
https://www.bing.com/search?q=assassin%27s+creed+games+in+order,Bing SERP,2026-09-27,TechGuided IGN FictionHorizon TrueAchievements gametimeline playinorder ScreenRant consolepulse Wikipedia Driffle,09,fetched or search result (agent log)
https://www.bing.com/search?q=baldur%27s+gate+3+best+class+for+beginners,Bing SERP,2026-09-27,Misparsed 'baldur'; not usable,09,fetched or search result (agent log)
https://www.bing.com/search?q=best+wow+addons+2026,Bing SERP,2026-09-27,Misparsed 'best'; not usable,09,fetched or search result (agent log)
https://www.bing.com/search?q=call+of+duty+games+in+order,Bing SERP,2026-09-27,TrueAchievements DotEsports TechGuided esports.gg IGN GameSpot Wikipedia,09,fetched or search result (agent log)
https://www.bing.com/search?q=cyberpunk+2077+best+build+2026,Bing SERP,2026-09-27,gamestegy nukesdragons alcasthq technwz exitlag earlyguides Game8 cyberpunk2077.wiki,09,fetched or search result (agent log)
https://www.bing.com/search?q=does+switch+2+play+switch+games,Bing SERP,2026-09-27,Misparsed 'does'; not usable,09,fetched or search result (agent log)
https://www.bing.com/search?q=eevee+evolutions+how+to+evolve,Bing SERP,2026-09-27,pokemondb Bulbapedia Serebii pokemon.com Fandom PokemonGoHub,09,fetched or search result (agent log)
https://www.bing.com/search?q=elden+ring+best+build+for+beginners,Bing SERP,2026-09-27,Navigational-only results (wikis and official),09,fetched or search result (agent log)
https://www.bing.com/search?q=elden+ring+lore+explained,Bing SERP,2026-09-27,Fextralife RPS GameSpot consolepulse Fandom sevenswords Reddit choostgames VaatiVidya wiki.gg,09,fetched or search result (agent log)
https://www.bing.com/search?q=fallout+games+in+order,Bing SERP,2026-09-27,Wikipedia Bethesda TV-series pages Fandom; no order guide,09,fetched or search result (agent log)
https://www.bing.com/search?q=games+like+elden+ring,Bing SERP,2026-09-27,Top 10: GameSpot Eneba FictionHorizon GameRant Gameranx GameVoyagers GamesRadar GameSpew Reddit,09,fetched or search result (agent log)
https://www.bing.com/search?q=games+like+hollow+knight,Bing SERP,2026-09-27,Top 10 incl. GamesAkin and SteamPeek similarity engines,09,fetched or search result (agent log)
https://www.bing.com/search?q=games+like+stardew+valley,Bing SERP,2026-09-27,Top 10 incl. hercozygaming cozygamereviews farmgamehub Steam-similar-items Ranker Polygon,09,fetched or search result (agent log)
https://www.bing.com/search?q=games+like+the+witcher+3,Bing SERP,2026-09-27,Returned browser-game portals; not usable,09,fetched or search result (agent log)
https://www.bing.com/search?q=gta+6+map+size,Bing SERP,2026-09-27,gtabase gtavispot ScreenRant grandtheft.gg Vice IGN x2 gtajournal Gfinity iGeeksBlog,09,fetched or search result (agent log)
https://www.bing.com/search?q=halo+games+in+order,Bing SERP,2026-09-27,Official/Halopedia/Wikipedia only; no order guide in top 10,09,fetched or search result (agent log)
https://www.bing.com/search?q=hardest+platinum+trophies,Bing SERP,2026-09-27,Misparsed to World's Hardest Game; not usable,09,fetched or search result (agent log)
https://www.bing.com/search?q=how+long+to+beat+expedition+33,Bing SERP,2026-09-27,Misparsed 'long'; not usable,09,fetched or search result (agent log)
https://www.bing.com/search?q=is+battlefield+6+crossplay,Bing SERP,2026-09-27,Navigational EA/Steam/Wikipedia only,09,fetched or search result (agent log)
https://www.bing.com/search?q=marvel+rivals+player+count+2026,Bing SERP,2026-09-27,Misparsed 'marvel'; not usable,09,fetched or search result (agent log)
https://www.bing.com/search?q=mass+effect+games+in+order,Bing SERP,2026-09-27,Misparsed 'mass'; not usable,09,fetched or search result (agent log)
https://www.bing.com/search?q=minecraft+enchanting+guide+best+enchantments,Bing SERP,2026-09-27,Collapsed to navigational Minecraft results,09,fetched or search result (agent log)
https://www.bing.com/search?q=pokemon+champions+tier+list,Bing SERP,2026-09-27,Game8 OP.GG pokemon-zone pokechamps metavgc simbozz champdex suckerpunch stratadex,09,fetched or search result (agent log)
https://www.bing.com/search?q=stardew+valley+marriage+candidates+best+spouse,Bing SERP,2026-09-27,Collapsed to navigational Stardew results,09,fetched or search result (agent log)
https://www.bing.com/search?q=terraria+class+guide+best+class,Bing SERP,2026-09-27,Collapsed to navigational Terraria results,09,fetched or search result (agent log)
https://www.bing.com/search?q=what+game+should+i+play+next+quiz,Bing SERP,2026-09-27,Only browser-game portals rank (Poki CrazyGames MSN),09,fetched or search result (agent log)
https://www.bing.com/search?q=witcher+games+in+order,Bing SERP,2026-09-27,SERP polluted by Netflix series; thewitcher.com Witcher 4 page,09,fetched or search result (agent log)
https://www.bing.com/search?q=wow+server+population+2026+most+populated+realms,Bing SERP,2026-09-27,Navigational Blizzard/Wowhead/forums; no realm-pop guide,09,fetched or search result (agent log)
https://www.co-op.gg/arcade/game/split-fiction,co-op.gg,2026-09-27,Co-op database ranks #1 for Split Fiction,09,fetched or search result (agent log)
https://www.co-optimus.com/game/16271/pc/split-fiction.html,Co-Optimus,2026-09-27,Co-op database ranks for Split Fiction,09,fetched or search result (agent log)
https://www.croma.com/unboxed/gta-5-cheat-codes,Croma Unboxed,2026-09-27,Electronics retailer blog ranks for GTA 5 cheats,09,fetched or search result (agent log)
https://www.crunchyroll.com/news/guides/2025/2/25/yakuza-like-a-dragon-games-in-order,Crunchyroll,2026-09-27,Yakuza order SERP,09,fetched or search result (agent log)
https://www.dexerto.com/gaming/how-many-yakuza-games-are-there-2369321/,Dexerto,2026-09-27,Yakuza order SERP #1,09,fetched or search result (agent log)
https://www.digitaltrends.com/gaming/zelda-games-order/,Digital Trends,2026-09-27,Zelda order SERP,09,fetched or search result (agent log)
https://www.drivereasy.com/knowledge/solved-dxgi_error_device_removed/,drivereasy.com,2026-09-27,EA-009: Game crashes to desktop with no error: universal triage,09,agent log (evergreen row source)
https://www.eneba.com/hub/games/best-mmorpg/,Eneba hub,2026-09-27,Retailer hub ranks for best MMO 2026,09,fetched or search result (agent log)
https://www.eneba.com/hub/games/best-poe-2-class/,Eneba hub,2026-09-27,Retailer hub ranks for PoE2 class,09,fetched or search result (agent log)
https://www.eneba.com/hub/games/games-like-baldurs-gate-3/,Eneba hub,2026-09-27,Retailer hub ranks for games like BG3,09,fetched or search result (agent log)
https://www.eneba.com/hub/games/resident-evil-games-in-order/,Eneba hub,2026-09-27,Retailer hub ranks #2 for RE order,09,fetched or search result (agent log)
https://www.epicgames.com/help/fortnite-battle-royale-c-202300000001636/c-Trending_0/when-does-the-current-fortnite-season-end-a202300000013709,Epic Games Help,2026-09-27,Official 'when does the season end' page,09,fetched or search result (agent log)
https://www.esportstales.com/marvel-rivals/season-end-date,Esports Tales,2026-09-27,Marvel Rivals S10 end est. 13 Nov 2026 (unconfirmed by NetEase),09,fetched or search result (agent log)
https://www.g2a.com/news/features/guide/zelda-games-in-order/,G2A News,2026-09-27,Retailer blog ranks for Zelda order,09,fetched or search result (agent log)
https://www.gamerevolution.com/guides/932068-dark-souls-play-order-connected-standalone,GameRevolution,2026-09-27,Souls order SERP #1,09,fetched or search result (agent log)
https://www.gamespot.com/articles/does-monster-hunter-wilds-have-cross-play-and-cross-save/1100-6529521/,GameSpot,2026-09-27,MH Wilds full crossplay; Hunter ID,09,fetched or search result (agent log)
https://www.gamespot.com/articles/elden-ring-nightreign-multiplayer-solo-and-co-op-explained/1100-6531697/,GameSpot,2026-09-27,Nightreign 3-player; duos in 1.02; solo,09,fetched or search result (agent log)
https://www.gamespot.com/articles/palworld-multiplayer-and-cross-play-explained/1100-6520474/,GameSpot,2026-09-27,Palworld multiplayer SERP #1,09,fetched or search result (agent log)
https://www.gamesradar.com/games-like-baldurs-gate-3/,GamesRadar,2026-09-27,Games like BG3 SERP #1,09,fetched or search result (agent log)
https://www.gamesradar.com/games/assassins-creed-games-in-order/,GamesRadar,2026-09-27,AC order SERP #1,09,fetched or search result (agent log)
https://www.gamesradar.com/games/monster-hunter/monster-hunter-wilds-crossplay-cross-platform/,GamesRadar,2026-09-27,MH Wilds crossplay SERP,09,fetched or search result (agent log)
https://www.gamesradar.com/gta-5-cheats/,GamesRadar,2026-09-27,GTA 5 cheats SERP #1,09,fetched or search result (agent log)
https://www.gamesradar.com/helldivers-2-crossplay-multiplayer-friends/,GamesRadar,2026-09-27,Helldivers 2 crossplay how-to; friend codes,09,fetched or search result (agent log)
https://www.gamingbible.com/news/best-games-like-baldurs-gate-3-333569-20260806,GamingBible,2026-09-27,Aug 2026 games-like-BG3 article,09,fetched or search result (agent log)
https://www.gamingonlinux.com/2026/09/the-most-highly-rated-steam-deck-verified-games-for-august-2026/,gamingonlinux.com,2026-09-27,"EA-059: Best Steam Deck Verified games (living list, by genre, by price)",09,agent log (evergreen row source)
https://www.greenmangaming.com/blog/every-metal-gear-solid-game-in-chronological-order/,Green Man Gaming blog,2026-09-27,Retailer blog ranks for MGS order,09,fetched or search result (agent log)
https://www.gtaboom.com/every-gta-5-cheat-console-code-and-phone-number-0740,GTABoom,2026-09-27,Fan site ranks for GTA 5 cheats,09,fetched or search result (agent log)
https://www.hdmi.org/spec2sub/variablerefreshrate,hdmi.org,2026-09-27,EA-029: Glossary: VRR / G-Sync / FreeSync / HDMI 2.1 VRR,09,agent log (evergreen row source)
https://www.icy-veins.com/d4/guides/class-tier-list/,Icy Veins,2026-09-27,Search title: Diablo 4 Season 15 tier list; direct fetch 403,09,fetched or search result (agent log)
https://www.icy-veins.com/wow/midnight-expansion-guide,Icy Veins,2026-09-27,Fetch returned HTTP 403 - Midnight season dates unverified,09,fetched or search result (agent log)
https://www.icy-veins.com/wow/mythic-dps-tier-list,Icy Veins,2026-09-27,M+ DPS tier list title references Midnight Season 2 / 12.1,09,fetched or search result (agent log)
https://www.ign.com/wikis/elden-ring-nightreign/Nightreign_Crossplay_Explained,ign.com,2026-09-27,EA-066: Crossplay: Elden Ring Nightreign,09,agent log (evergreen row source)
https://www.itechpost.com/articles/236712/20260716/palworld-crossplay-multiplayer-guide-how-play-cross-platform-using-invite-codes-dedicated.htm,iTech Post,2026-09-27,Palworld 1.0 crossplay guide Jul 2026,09,fetched or search result (agent log)
https://www.makeuseof.com/dxgi-error-device-removed-error-windows/,makeuseof.com,2026-09-27,EA-002: DXGI_ERROR_DEVICE_REMOVED and DEVICE_HUNG crashes explained,09,agent log (evergreen row source)
https://www.method.gg/guides/tier-list/mythic-plus,Method,2026-09-27,M+ tier list; title references Season 2,09,fetched or search result (agent log)
https://www.military.com/ps5-games-with-the-easiest-platinum-trophies,military.com,2026-09-27,Odd syndication ranks #1 for easiest platinums,09,fetched or search result (agent log)
https://www.mmoexp.com/News/diablo-4-season-15-class-tier-list-2026-best-classes-ranked-from-s-to-b.html,mmoexp,2026-09-27,Gold-seller blog ranks; Season 15; Warlock top,09,fetched or search result (agent log)
https://www.mmorpg.com/play-now,MMORPG.com,2026-09-27,Best free MMOs 2026,09,fetched or search result (agent log)
https://www.mmorpg.com/reviews/world-of-warcraft-midnight-review-a-second-golden-age-for-wow-2000137741,MMORPG.com,2026-09-27,"Midnight review: Delves, housing, Prey system",09,fetched or search result (agent log)
https://www.newsweek.com/entertainment/video-games/pokemon-champions-release-date-release-time-platforms-price-11793043,Newsweek,2026-09-27,Champions Switch release 7/8 Apr 2026,09,fetched or search result (agent log)
https://www.nintendo.com/us/gaming-systems/switch-2/tech-specs/,nintendo.com,2026-09-27,"EA-016: Switch 2 setup: 120Hz, VRR (handheld only vs docked), HDR, microSD Express",09,agent log (evergreen row source)
https://www.nintendolife.com/guides/hollow-knight-silksong-all-achievements,Nintendo Life,2026-09-27,Silksong achievements SERP,09,fetched or search result (agent log)
https://www.nintendolife.com/guides/nintendo-switch-2-all-confirmed-games-and-release-dates,Nintendo Life,2026-09-27,Switch 2 confirmed games list,09,fetched or search result (agent log)
https://www.nintendolife.com/guides/pokemon-legends-z-a-all-mega-evolutions-and-mega-stone-locations,Nintendo Life,2026-09-27,Z-A all Megas & stone locations,09,fetched or search result (agent log)
https://www.nvidia.com/en-us/geforce/technologies/dlss/,nvidia.com,2026-09-27,"EA-007: GPU driver questions: DDU clean install, Game Ready vs Studio, roll back a bad driver",09,agent log (evergreen row source)
https://www.palworld.tools/guides/multiplayer-guide,palworld.tools,2026-09-27,"Fan tool site ranks; 4-player invite co-op, 32 dedicated",09,fetched or search result (agent log)
https://www.pcgamer.com/the-best-mmos/,PC Gamer,2026-09-27,Best MMO SERP,09,fetched or search result (agent log)
https://www.pcgamesn.com/path-of-exile-2/classes-best,PCGamesN,2026-09-27,PoE2 best classes SERP #1,09,fetched or search result (agent log)
https://www.pcgamingwiki.com/wiki/Home,pcgamingwiki.com,2026-09-27,EA-011: Steam Cloud save conflict / lost save recovery,09,agent log (evergreen row source)
https://www.playstation.com/en-us/ps-plus/,playstation.com,2026-09-27,EA-093: PS Plus tiers explained (Essential $10.99 / Extra $16.99 / Premium $19.99) and catalog churn,09,agent log (evergreen row source)
https://www.playstation.com/en-us/ps5/ps5-pro/,playstation.com,2026-09-27,"EA-013: PS5 / PS5 Pro best display settings (120Hz, VRR, HDR, PSSR modes)",09,agent log (evergreen row source)
https://www.playstation.com/en-us/support/error-codes/,playstation.com,2026-09-27,"EA-014: PS5 error codes explained (CE-108255, CE-107928, WS-116331, NP-102946)",09,agent log (evergreen row source)
https://www.playstationtrophies.org/forum/topic/327848-estimated-platinum-difficulty-and-time-to-platinum/,PlayStationTrophies,2026-09-27,Elden Ring platinum difficulty thread ranks #1,09,fetched or search result (agent log)
https://www.pokemon.com/us/pokemon-news/pokemon-champions-comes-to-android-and-ios-on-june-17,Pokemon.com,2026-09-27,Champions mobile 17 Jun 2026; free-to-start,09,fetched or search result (agent log)
https://www.powerpyx.com/elden-ring-trophy-guide-roadmap/,PowerPyx,2026-09-27,Elden Ring trophy guide SERP,09,fetched or search result (agent log)
https://www.slashgear.com/1819041/steam-content-file-locked-error-causes-fixes/,slashgear.com,2026-09-27,EA-003: Steam 'content file locked' and other Steam update/download errors,09,agent log (evergreen row source)
https://www.sportskeeda.com/mmo/wow-vows-long-term-commitment-improving-new-player-experience-midnight-last-titan-and-beyond,Sportskeeda,2026-09-27,Blizzard new-player-experience commitment,09,fetched or search result (agent log)
https://www.square-enix-games.com/en_US/news/final-fantasy-game-should-play-first,Square Enix,2026-09-27,Publisher owns 'which FF first',09,fetched or search result (agent log)
https://www.steamdeck.com/en/verified,steamdeck.com,2026-09-27,EA-058: Steam Deck Verified explained + how to read Playable/Unsupported and ProtonDB,09,agent log (evergreen row source)
https://www.switchbladegaming.com/minecraft/redstone-guide/,Switchblade Gaming,2026-09-27,Small site ranks for redstone basics,09,fetched or search result (agent log)
https://www.systemrequirementslab.com/cyri,systemrequirementslab.com,2026-09-27,EA-091: System requirements: Programmatic 'Can my PC run [game]?' across the games DB with a GPU/CPU tier picker,09,agent log (evergreen row source)
https://www.techradar.com/computing/gpu/what-is-frame-generation,techradar.com,2026-09-27,EA-026: Glossary: What is frame generation (and multi-frame generation),09,agent log (evergreen row source)
https://www.techradar.com/news/what-is-vrr-variable-refresh-rate-explained,techradar.com,2026-09-27,"EA-021: VRR on consoles: which games support it, how to enable, 'VRR unsupported' fixes",09,agent log (evergreen row source)
https://www.techspot.com/article/2485-path-tracing-vs-ray-tracing/,techspot.com,2026-09-27,EA-028: Glossary: Ray tracing vs path tracing,09,agent log (evergreen row source)
https://www.techspot.com/article/2629-shader-compilation-explained/,techspot.com,2026-09-27,EA-001: Shader compilation stutter: what it is and every fix that works,09,agent log (evergreen row source)
https://www.techspot.com/review/2860-amd-fsr-31-versus-dlss/,techspot.com,2026-09-27,EA-027: Glossary: Upscaling explained: DLSS vs FSR vs XeSS vs PSSR (and which to pick per GPU),09,agent log (evergreen row source)
https://www.techtimes.com/articles/317813/20260605/how-make-money-fast-gta-online-beginner-tips-tricks-get-you-started-2026.htm,TechTimes,2026-09-27,GTA Online money Jun 2026,09,fetched or search result (agent log)
https://www.thegamer.com/best-order-play-soulsborne-games/,TheGamer,2026-09-27,Souls order SERP,09,fetched or search result (agent log)
https://www.thegamer.com/guild-wars-2-vs-world-of-warcraft-which-is-better/,TheGamer,2026-09-27,Only editorial result for GW2 vs WoW,09,fetched or search result (agent log)
https://www.thegamer.com/kingdom-hearts-games-order-play-best/,TheGamer,2026-09-27,KH order SERP,09,fetched or search result (agent log)
https://www.thegamer.com/kingdom-hearts-timeline-explained-every-game-in-chronological-order/,TheGamer,2026-09-27,KH timeline SERP,09,fetched or search result (agent log)
https://www.thegamer.com/pokemon-types-weakness-chart/,TheGamer,2026-09-27,Type chart SERP #1,09,fetched or search result (agent log)
https://www.thegamer.com/the-legend-of-zelda-timeline-explained-all-zelda-timeline-splits/,TheGamer,2026-09-27,Zelda timeline SERP #1,09,fetched or search result (agent log)
https://www.themarysue.com/if-you-liked-baldurs-gate-3-check-out-these-similar-games/,The Mary Sue,2026-09-27,Games like BG3 SERP,09,fetched or search result (agent log)
https://www.thepopverse.com/gaming-final-fantasy-ff-16-15-14-13-12-11-10-9-8-7-6-5-4-3-2-play-order-watch-release-chronological,Popverse,2026-09-27,FF order SERP,09,fetched or search result (agent log)
https://www.thepopverse.com/gaming-metal-gear-solid-how-to-play-release-order-chronological-order,Popverse,2026-09-27,MGS order SERP,09,fetched or search result (agent log)
https://www.thepopverse.com/gaming-resident-evil-play-order-capcom,Popverse,2026-09-27,RE order SERP,09,fetched or search result (agent log)
https://www.tomsguide.com/news/gta-online-how-to-make-money-fast,Tom's Guide,2026-09-27,GTA Online money SERP,09,fetched or search result (agent log)
https://www.trueachievements.com/game/Baldurs-Gate-III/achievements,TrueAchievements,2026-09-27,BG3 achievements SERP,09,fetched or search result (agent log)
https://www.unrealengine.com/tech-blog/game-engines-and-shader-stuttering-unreal-engines-solution-to-the-problem,unrealengine.com,2026-09-27,"EA-036: Glossary: Shader cache, shader pre-compilation, Steam pre-caching, Advanced Shader Delivery",09,agent log (evergreen row source)
https://www.vice.com/en/article/when-does-current-fortnite-season-end-chapter-7-season-4-downtime/,Vice,2026-09-27,C7S4 Override 20 Aug-1 Nov 2026,09,fetched or search result (agent log)
https://www.videogameschronicle.com/guide/pokemon-legends-z-a-mega-dimension-new-mega-evolutions/,VGC,2026-09-27,Mega Dimension new Megas SERP #1,09,fetched or search result (agent log)
https://www.windowscentral.com/gaming/does-elden-ring-nightreign-have-crossplay-or-cross-platform-play,Windows Central,2026-09-27,Nightreign no crossplay,09,fetched or search result (agent log)
https://www.wowhead.com/news/how-to-improve-your-mythic-raider-io-score-316961,Wowhead,2026-09-27,Raider.IO score guide in SERP,09,fetched or search result (agent log)
https://www.xbox.com/en-US/community/for-everyone/accessibility,xbox.com,2026-09-27,"EA-024: Controller drift and repair: DualSense, Xbox, Switch 2 Joy-Con 2 — fixes and warranty",09,agent log (evergreen row source)
https://www.xbox.com/en-US/xbox-game-pass,xbox.com,2026-09-27,EA-073: Cross-save matrix: which games carry saves across PC/PS5/Xbox/Switch 2,09,agent log (evergreen row source)
https://www.xboxachievements.com/game/baldurs-gate-3/guide/,XboxAchievements,2026-09-27,BG3 achievement roadmap SERP #1,09,fetched or search result (agent log)
https://www.gamesradar.com/upcoming-switch-2-games/,GamesRadar,2026-09-27,Upcoming Switch 2 games SERP #1,09;04,fetched or search result (agent log)
https://howlongtobeat.com/,howlongtobeat.com,2026-09-27,EA-078: Backloggd / HLTB / Steam CSV import: move your backlog to a new tracker,09;11;14,agent log (evergreen row source)
https://www.rockstargames.com/newswire,Rockstar Newswire,2026-09-27,Fetch failed (redirect loop) - GTA 6 price/trailer unverified,09;17,fetched or search result (agent log)
https://apidocs.cheapshark.com/,apidocs.cheapshark.com,2026-09-27,Page fetched: CheapShark API,10,fetched (canonical URL recorded in page)
https://blitz.gg/,blitz.gg,2026-09-27,Page fetched: Blitz,10,fetched (canonical URL recorded in page)
https://mapgenie.io,mapgenie.io,2026-09-27,Page fetched: MapGenie | Awesome Interactive Game Maps,10,fetched (canonical URL recorded in page)
https://maxroll.gg/d4/planner,maxroll.gg,2026-09-27,Page fetched: D4planner Diablo 4 Character D4Planner - Diablo 4 maxroll.gg,10,fetched (canonical URL recorded in page)
https://pathofbuilding.community/,pathofbuilding.community,2026-09-27,Page fetched: Path of Building Community Fork | Path of Building Community,10,fetched (canonical URL recorded in page)
https://poe.ninja/,poe.ninja,2026-09-27,Page fetched: poe.ninja,10,fetched (canonical URL recorded in page)
https://raider.io,raider.io,2026-09-27,Page fetched: World of Warcraft Rankings for Mythic+ and Raid Progress,10,fetched (canonical URL recorded in page)
https://versus.com/en,versus.com,2026-09-27,Page fetched: Versus | Compare everything,10,fetched (canonical URL recorded in page)
https://www.logicalincrements.com/,logicalincrements.com,2026-09-27,Page fetched: Logical Increments,10,fetched (canonical URL recorded in page)
https://www.raidbots.com/,raidbots.com,2026-09-27,Page fetched: Raidbots - Optimize Your WoW Characters,10,fetched (canonical URL recorded in page)
https://www.gamesradar.com/video-game-release-dates/,gamesradar.com,2026-09-27,Page fetched: New games 2026 release schedule | GamesRadar+,10;14;15,fetched (canonical URL recorded in page)
https://backloggd.com/,backloggd.com,2026-09-27,Cited in 11-REGISTRATION-INTELLIGENCE.md,11,cited in research file
https://backloggd.com/about/,backloggd.com,2026-09-27,Cited in 11-REGISTRATION-INTELLIGENCE.md,11,cited in research file
https://discord.com/blog/discord-orbs,discord.com,2026-09-27,Cited in 11-REGISTRATION-INTELLIGENCE.md,11,cited in research file
https://discord.com/quests,discord.com,2026-09-27,Cited in 11-REGISTRATION-INTELLIGENCE.md,11,cited in research file
https://en.wikipedia.org/wiki/Internet_Game_Database,en.wikipedia.org,2026-09-27,Cited in 11-REGISTRATION-INTELLIGENCE.md,11,cited in research file
https://en.wikipedia.org/wiki/ResetEra,en.wikipedia.org,2026-09-27,Cited in 11-REGISTRATION-INTELLIGENCE.md,11,cited in research file
https://partner.steamgames.com/doc/features/auth,partner.steamgames.com,2026-09-27,Cited in 11-REGISTRATION-INTELLIGENCE.md,11,cited in research file
https://partner.steamgames.com/doc/marketing/wishlist,partner.steamgames.com,2026-09-27,Cited in 11-REGISTRATION-INTELLIGENCE.md,11,cited in research file
https://steamcommunity.com/dev,steamcommunity.com,2026-09-27,Cited in 11-REGISTRATION-INTELLIGENCE.md,11,cited in research file
https://store.steampowered.com/replay/,store.steampowered.com,2026-09-27,Cited in 11-REGISTRATION-INTELLIGENCE.md,11,cited in research file
https://www.goodreads.com/about/us,goodreads.com,2026-09-27,Cited in 11-REGISTRATION-INTELLIGENCE.md,11,cited in research file
https://www.microsoft.com/en-us/rewards,microsoft.com,2026-09-27,Cited in 11-REGISTRATION-INTELLIGENCE.md,11,cited in research file
https://www.nintendolife.com/users/register,nintendolife.com,2026-09-27,Cited in 11-REGISTRATION-INTELLIGENCE.md,11,cited in research file
https://www.pushsquare.com/users/register,pushsquare.com,2026-09-27,Cited in 11-REGISTRATION-INTELLIGENCE.md,11,cited in research file
https://www.serializd.com/,serializd.com,2026-09-27,Cited in 11-REGISTRATION-INTELLIGENCE.md,11,cited in research file
https://blog.duolingo.com/how-duolingo-streak-builds-habit/,blog.duolingo.com,2026-09-27,Page fetched: The Duolingo Streak Uses Habit Research to Keep You Motivated,12;13,fetched (canonical URL recorded in page)
https://blog.duolingo.com/hub/design/,blog.duolingo.com,2026-09-27,Page fetched: Articles about Design,12;13,fetched (canonical URL recorded in page)
https://blog.duolingo.com/tag/design/,blog.duolingo.com,2026-09-27,Page fetched: Duolingo Blog (Page 1),12;13,fetched (canonical URL recorded in page)
https://blog.duolingo.com/tag/streaks/,blog.duolingo.com,2026-09-27,Page fetched: Duolingo Blog (Page 1),12;13,fetched (canonical URL recorded in page)
https://deceptive.design/types/,deceptive.design,2026-09-27,Page fetched: Types of deceptive pattern | Deceptive Patterns,12;13,fetched (canonical URL recorded in page)
https://en.wikipedia.org/wiki/Backloggd,en.wikipedia.org,2026-09-27,Page fetched: Backloggd - Wikipedia,12;13,fetched (canonical URL recorded in page)
https://en.wikipedia.org/wiki/Deep_Rock_Galactic,en.wikipedia.org,2026-09-27,Page fetched: Deep Rock Galactic - Wikipedia,12;13,fetched (canonical URL recorded in page)
https://en.wikipedia.org/wiki/IGDB,en.wikipedia.org,2026-09-27,Page fetched: IGDB - Wikipedia,12;13,fetched (canonical URL recorded in page)
https://en.wikipedia.org/wiki/Mailchimp,en.wikipedia.org,2026-09-27,Page fetched: Mailchimp - Wikipedia,12;13,fetched (canonical URL recorded in page)
https://en.wikipedia.org/wiki/NeoGAF#ResetEra,en.wikipedia.org,2026-09-27,Page fetched: NeoGAF - Wikipedia,12;13,fetched (canonical URL recorded in page)
https://en.wikipedia.org/wiki/Screenshot_Saturday,en.wikipedia.org,2026-09-27,Page fetched: Screenshot Saturday - Wikipedia,12;13,fetched (canonical URL recorded in page)
https://en.wikipedia.org/wiki/Twitch_(service,en.wikipedia.org,2026-09-27,Page fetched: Twitch (service) - Wikipedia,12;13,fetched (canonical URL recorded in page)
https://en.wikipedia.org/wiki/Wordle,en.wikipedia.org,2026-09-27,Page fetched: Wordle - Wikipedia,12;13,fetched (canonical URL recorded in page)
https://mailchimp.com/about/brand-assets/,mailchimp.com,2026-09-27,Page fetched: Mailchimp Brand Assets and Resources Guidelines | Mailchimp,12;13,fetched (canonical URL recorded in page)
https://mailchimp.com/resources/email-marketing-benchmarks/,mailchimp.com,2026-09-27,Page fetched: Email Marketing Benchmarks & Industry Statistics | Mailchimp,12;13,fetched (canonical URL recorded in page)
https://redditinc.com/brand,redditinc.com,2026-09-27,Page fetched: Reddit Inc Brand Page,12;13,fetched (canonical URL recorded in page)
https://reutersinstitute.politics.ox.ac.uk/digital-news-report/2025/dnr-executive-summary,reutersinstitute.politics.ox.ac.uk,2026-09-27,Page fetched: Overview and key findings of the 2025 Digital News Report | Reuters Institute for the Study of Journalism,12;13,fetched (canonical URL recorded in page)
https://thegameawards.com,thegameawards.com,2026-09-27,"Page fetched: The Game Awards - December 10, 2026",12;13,fetched (canonical URL recorded in page)
https://thegameawards.com/nominees,thegameawards.com,2026-09-27,Page fetched: Nominees | The Game Awards,12;13,fetched (canonical URL recorded in page)
https://wrapup.playstation.com/en-us/undefined,wrapup.playstation.com,2026-09-27,Page fetched: Wrap-Up 2025 | PlayStation,12;13,fetched (canonical URL recorded in page)
https://www.gamedle.wtf/,gamedle.wtf,2026-09-27,"Page fetched: Gamedle - Guess the Game from Covers, Characters & Clues",12;13,fetched (canonical URL recorded in page)
https://www.nintendolife.com/register,nintendolife.com,2026-09-27,Page fetched: Nintendo Life - Create Account,12;13,fetched (canonical URL recorded in page)
https://www.pushsquare.com/register,pushsquare.com,2026-09-27,Page fetched: Push Square - Create Account,12;13,fetched (canonical URL recorded in page)
https://www.serializd.com,serializd.com,2026-09-27,Page fetched: Serializd | Track all things TV,12;13,fetched (canonical URL recorded in page)
https://www.backloggd.com,backloggd.com,2026-09-27,Page fetched: Backloggd - A Video Game Collection Tracker,12;13;04,fetched (canonical URL recorded in page)
https://techplay.gg,techplay.gg,2026-09-27,"Page fetched: TechPlay — One Game Library for PC, PlayStation & Xbox",12;13;04;08;17;03;02,fetched (canonical URL recorded in page)
https://howlongtobeat.com,howlongtobeat.com,2026-09-27,"Page fetched: HowLongToBeat.com | Game Lengths, Backlogs and more!",12;13;04;10;14;15,fetched (canonical URL recorded in page)
https://www.ign.com/daily-games,ign.com,2026-09-27,Page fetched: IGN Daily Games - IGN,12;13;04;11,fetched (canonical URL recorded in page)
https://www.ign.com/playlist,ign.com,2026-09-27,Page fetched: Playlist - Discover - IGN,12;13;04;11,fetched (canonical URL recorded in page)
https://en.wikipedia.org/wiki/Goodreads,en.wikipedia.org,2026-09-27,Page fetched: Goodreads - Wikipedia,12;13;11,fetched (canonical URL recorded in page)
https://en.wikipedia.org/wiki/TrueAchievements,en.wikipedia.org,2026-09-27,Page fetched: TrueAchievements - Wikipedia,12;13;11,fetched (canonical URL recorded in page)
https://www.ign.com/register,ign.com,2026-09-27,Page fetched: IGN,12;13;11,fetched (canonical URL recorded in page)
https://www.playstation.com/en-us/playstation-stars/,playstation.com,2026-09-27,Page fetched: PlayStation Stars™ (US),12;13;11,fetched (canonical URL recorded in page)
https://en.wikipedia.org/wiki/HowLongToBeat,en.wikipedia.org,2026-09-27,Page fetched: HowLongToBeat - Wikipedia,12;13;14;15,fetched (canonical URL recorded in page)
https://discord.com/api/v10/invites/eurogamer?with_counts=true,Discord invite API (Eurogamer Official),2026-09-27,"1,775 members; verified",13,fetched or search result (agent log)
https://discord.com/api/v10/invites/fortnite?with_counts=true,Discord invite API (Official Fortnite),2026-09-27,"1,908,464 members; description lists news, LFG, chat",13,fetched or search result (agent log)
https://discord.com/api/v10/invites/giantbomb?with_counts=true,Discord invite API (Giant Bomb),2026-09-27,"9,716 members / 3,728 online; verified; onboarding enabled",13,fetched or search result (agent log)
https://discord.com/api/v10/invites/helldivers?with_counts=true,Discord invite API (HELLDIVERS Official),2026-09-27,"1,316,474 members; verified; onboarding + discoverable",13,fetched or search result (agent log)
https://discord.com/api/v10/invites/kindafunny?with_counts=true,Discord invite API (Kinda Funny Community),2026-09-27,"8,692 members; partnered; discoverable",13,fetched or search result (agent log)
https://discord.com/api/v10/invites/larianstudios?with_counts=true,Discord invite API (Larian Studios),2026-09-27,"232,544 members; verified + partnered",13,fetched or search result (agent log)
https://discord.com/api/v10/invites/minecraft?with_counts=true,Discord invite API (Minecraft),2026-09-27,"4,027,291 members",13,fetched or search result (agent log)
https://discord.com/api/v10/invites/pathofexile?with_counts=true,Discord invite API (Path of Exile),2026-09-27,"264,954 members; partnered; onboarding",13,fetched or search result (agent log)
https://discord.com/api/v10/invites/pcgamer?with_counts=true,Discord invite API (PC Gamer Official),2026-09-27,948 members; verified,13,fetched or search result (agent log)
https://discord.com/api/v10/invites/secondwind?with_counts=true,Discord invite API (Second Wind),2026-09-27,"20,859 members / 7,703 online; onboarding enabled",13,fetched or search result (agent log)
https://discord.com/api/v10/invites/techplay?with_counts=true,Discord invite API,2026-09-27,discord.gg/techplay (SiteSettingSeeder default) returns Unknown Invite,13,fetched or search result (agent log)
https://discord.com/api/v10/invites/techplaygg?with_counts=true,Discord invite API,2026-09-27,discord.gg/techplaygg returns Unknown Invite (dead link used in RoadmapCTA and Gta6NewsletterCTA),13,fetched or search result (agent log)
https://discord.com/api/v10/invites/valorant?with_counts=true,Discord invite API (VALORANT),2026-09-27,"2,697,326 members",13,fetched or search result (agent log)
https://discord.com/api/v10/invites/warframe?with_counts=true,Discord invite API (Warframe community-run),2026-09-27,"335,881 members; partnered; description says community-run",13,fetched or search result (agent log)
https://discord.com/branding,Discord brand guidelines,2026-09-27,Clyde is Discord's trademarked logo character,13,fetched or search result (agent log)
https://discord.com/community/automating-moderation-community-support,Discord Community Resources,2026-09-27,"Explicit media filter, verification levels, AutoMod wildcards, moderation bots as support not replacement",13,fetched or search result (agent log)
https://discord.com/community/case-study-photography-community,Discord Community Resources,2026-09-27,Weekly themed photo contest voted by members; winners get server points and roles; prune 30-day inactive; introductions channel keeps retention 20-30%,13,fetched or search result (agent log)
https://discord.com/community/case-study-rocket-league-germany,Discord Community Resources,2026-09-27,"28,000-member server; 15 moderators; suggestion channel; peer connections",13,fetched or search result (agent log)
https://discord.com/community/channel-categories-and-names,Discord Community Resources,2026-09-27,"Rules/info channels on top, 4-5 channels per category, vanity URL points at top channel",13,fetched or search result (agent log)
https://discord.com/community/developing-server-rules,Discord Community Resources,2026-09-27,How to derive server rules from Community Guidelines; partnered-server extra restrictions,13,fetched or search result (agent log)
https://discord.com/community/getting-the-most-out-of-stages,Discord Community Resources,2026-09-27,"Stage event formats: AMAs, roundtables, town halls, live shows, weekly 15-minute chats, morning coffee",13,fetched or search result (agent log)
https://discord.com/community/growing-your-community-through-member-referrals,Discord Community Resources,2026-09-27,"Permanent invite links, invite templates, reward top inviters with roles, events as the reason to join",13,fetched or search result (agent log)
https://discord.com/community/keeping-your-community-safe,Discord Community Resources,2026-09-27,"Rule-writing tips (spirit over specificity), escalation ladder Time Out > Kick > Ban",13,fetched or search result (agent log)
https://discord.com/community/understanding-event-metrics,Discord Community Resources,2026-09-27,"1-2% participation increase is progress, 3-5% gold standard; community-run events draw 30-50 vs 200-300 for mod-run",13,fetched or search result (agent log)
https://discord.com/community/understanding-server-insights,Discord Community Resources,2026-09-27,Benchmark: 30% communicators healthy; aim ~50% visiting and 50% of visitors communicating; new member retention after a week,13,fetched or search result (agent log)
https://mailchimp.com/design/,Mailchimp design/brand page,2026-09-27,Freddie icon always paired with company name; always winking,13,fetched or search result (agent log)
https://octodex.github.com/,GitHub Octodex,2026-09-27,"162 numbered Octocat variants (Bombacat, Securitocat, etc.)",13,fetched or search result (agent log)
https://styleguide.mailchimp.com/voice-and-tone/,Mailchimp Content Style Guide,2026-09-27,"Voice vs tone; plainspoken, genuine, translators; subtle over noisy, wry over farcical",13,fetched or search result (agent log)
https://support.discord.com/hc/en-us/articles/11074987197975-Community-Onboarding-FAQ,Discord Help Center,2026-09-27,"Onboarding: default channels (min 7, 5 open to @everyone), customization questions assign roles/channels, remove bot verification gates",13,fetched or search result (agent log)
https://support.discord.com/hc/en-us/articles/13497665141655-Server-Guide-FAQ,Discord Help Center,2026-09-27,"Server Guide: welcome sign, 3-5 new member to-dos, resource pages; replaces Welcome Screen",13,fetched or search result (agent log)
https://support.discord.com/hc/en-us/articles/21334461140375-Using-Apps-on-Discord,Discord Help Center,2026-09-27,"Activities are apps that open in a window in voice calls/text chats: games, quizzes, whiteboards",13,fetched or search result (agent log)
https://support.discord.com/hc/en-us/articles/213530048-Advanced-Community-Server-Setup,Discord Help Center,2026-09-27,Role/category design example for a community server,13,fetched or search result (agent log)
https://support.discord.com/hc/en-us/articles/22163184112407-Polls-FAQ,Discord Help Center,2026-09-27,"Native polls: up to 10 answers, durations 1h to 1 week, multi-select, AutoMod applies",13,fetched or search result (agent log)
https://support.discord.com/hc/en-us/articles/23187611406999-Guilds-FAQ,Discord Help Center,2026-09-27,Guilds experiment (200-member squads with tags) closed,13,fetched or search result (agent log)
https://support.discord.com/hc/en-us/articles/33023827550359-Discord-Server-Setup-Guide,Discord Help Center,2026-09-27,"Community server tooling list: insights, raid protection, rules and onboarding",13,fetched or search result (agent log)
https://support.discord.com/hc/en-us/articles/360030843331-Enabling-Server-Discovery,Discord Help Center,2026-09-27,"6 Discovery requirements: 1000 members, 8 weeks old, activity, clean names, 2FA for mods, safety settings",13,fetched or search result (agent log)
https://support.discord.com/hc/en-us/articles/360032807371-Server-Insights-FAQ,Discord Help Center,2026-09-27,Server Insights available to Community servers with more than 500 members,13,fetched or search result (agent log)
https://support.discord.com/hc/en-us/articles/360035969312-Community-Server-Guidelines,Discord Help Center,2026-09-27,"Community servers must have accurate description, posted rules, moderator team",13,fetched or search result (agent log)
https://support.discord.com/hc/en-us/articles/360047132851-Enabling-Your-Community-Server,Discord Help Center,2026-09-27,"Community Server requirements and tools; Discovery limited to 1000+ members; Welcome Screen no longer editable, use Onboarding",13,fetched or search result (agent log)
https://support.discord.com/hc/en-us/articles/41832532728215-How-to-Use-the-LFG-Channels-to-Find-Game-Sessions-on-Discord,Discord Help Center,2026-09-27,LFG Channels experiment (ARC Raiders server only) with live session cards,13,fetched or search result (agent log)
https://support.discord.com/hc/en-us/articles/4409308485271-Discovery-Guidelines,Discord Help Center,2026-09-27,Discovery guidelines incl. moderator team requirement and 13+ appropriateness,13,fetched or search result (agent log)
https://support.discord.com/hc/en-us/articles/4409494125719-Scheduled-Events,Discord Help Center,2026-09-27,"Scheduled Events: voice/stage/somewhere else, Interested notifications, 99 participant voice limit, auto-removed if not started within an hour",13,fetched or search result (agent log)
https://support.discord.com/hc/en-us/articles/4421269296535-AutoMod-FAQ,Discord Help Center,2026-09-27,"AutoMod keyword filters, Commonly Flagged Words presets (insults/slurs, sexual content, severe profanity), alerts channel, exemptions",13,fetched or search result (agent log)
https://support.discord.com/hc/en-us/articles/6208479917079-Forum-Channels-FAQ,Discord Help Center,2026-09-27,"Forum channels: community-only, tags (can be required), post guidelines, list vs gallery view, auto-hide 3 days default, AutoMod and slow mode",13,fetched or search result (agent log)
https://support.patreon.com/hc/en-us/articles/212052266-Getting-Discord-access,Patreon Help Center,2026-09-27,Patreon-Discord integration: tier-gated roles and server access,13,fetched or search result (agent log)
https://us.forums.blizzard.com/en/wow/c/recruitment/43/l/latest.json,Blizzard WoW Recruitment forum,2026-09-27,"Guild recruitment post format: faction/realm tags, progression (8/8H, 2/8M, AOTC, CE), raid nights and times, roles needed",13,fetched or search result (agent log)
https://us.forums.blizzard.com/en/wow/categories.json,Blizzard WoW forums category list,2026-09-27,"Forum structure: Community, Support, Guides, Gameplay, PVP, Lore, Off-Topic, Classes, Recruitment, per-realm categories",13,fetched or search result (agent log)
https://www.patreon.com/api/campaigns?filter[vanity]=SecondWindGroup&include=rewards,Patreon campaign API (Second Wind),2026-09-27,"19,449 patrons / 10,605 paid; tiers $1-$50 with Discord roles from $1, premium Discord channels at $3, credits, monthly art print, monthly private hangout",13,fetched or search result (agent log)
https://www.patreon.com/api/campaigns?filter[vanity]=digitalfoundry&include=rewards,Patreon campaign API (Digital Foundry),2026-09-27,"27,585 patrons / 3,704 paid; $5/$10/$15 tiers with early access and weekly question submission; Discord roles per tier",13,fetched or search result (agent log)
https://www.patreon.com/api/campaigns?filter[vanity]=kindafunny&include=rewards,Patreon campaign API (Kinda Funny),2026-09-27,"Tiers $10-$1000: ad-free shows, monthly Happy Hour call-in, collector's item, Producer credit; Discord role from $25",13,fetched or search result (agent log)
https://www.reddit.com/r/Games/.rss,r/Games RSS,2026-09-27,Weekly Discussion: What have you been playing (Sept 27 2026) and Indie Sunday Hub with dev-posted indie showcase threads,13,fetched or search result (agent log)
https://www.reddit.com/r/IndieDev/.rss,r/IndieDev RSS,2026-09-27,"Weekly Monday Megathread: new users start here, show what you're working on; 160k weekly visitors moderator note",13,fetched or search result (agent log)
https://www.reddit.com/r/gamedev/.rss,r/gamedev RSS,2026-09-27,"No Screenshot Saturday thread visible in current feed (searched, not found)",13,fetched or search result (agent log)
https://www.reddit.com/r/gaming/.rss,r/gaming RSS,2026-09-27,Simple Questions Sunday and Making Friends Monday (share your game tags) recurring threads,13,fetched or search result (agent log)
https://www.reddit.com/r/patientgamers/.rss,r/patientgamers RSS,2026-09-27,"Bi-Weekly general discussion thread posted by AutoModerator: what are you playing, backlog, recommendations, be kind",13,fetched or search result (agent log)
https://www.redditinc.com/brand,Reddit brand page,2026-09-27,Snoo: genderless mascot and community ambassador; a visitor whose curiosity is the common thread,13,fetched or search result (agent log)
https://blog.discourse.org/2018/06/understanding-discourse-trust-levels/,Discourse blog (updated Dec 2025),2026-09-27,"Trust levels TL0-TL4: thresholds, restrictions, TL3 can lose status, bootstrap mode first 50 users TL1, celebrate promotions",13;12,fetched or search result (agent log)
https://en.wikipedia.org/wiki/Discord,Wikipedia,2026-09-27,Wumpus is Discord's mascot (sticker pack); Clyde logo rebranded May 2021,13;12,fetched or search result (agent log)
https://en.wikipedia.org/wiki/Duolingo,Wikipedia,2026-09-27,Duo the owl; passive-aggressive notification memes; Duolingo Push April Fools 2019; 2022 fake lawsuit video,13;12,fetched or search result (agent log)
https://en.wikipedia.org/wiki/Giant_Bomb,Wikipedia,2026-09-27,Giant Bomb funded primarily by premium subscriptions after independence; Luchadeer not mentioned (UNVERIFIED),13;12,fetched or search result (agent log)
https://en.wikipedia.org/wiki/GitHub,Wikipedia,2026-09-27,Mona the Octocat; hundreds of variations on the Octodex,13;12,fetched or search result (agent log)
https://en.wikipedia.org/wiki/The_Game_Awards,Wikipedia (redirect from The_Game_Awards_2026),2026-09-27,No dedicated 2026 ceremony article yet; date of 2026 show UNKNOWN from this source,13;12,fetched or search result (agent log)
https://en.wikipedia.org/wiki/The_Steam_Awards,Wikipedia,2026-09-27,"Annual user-voted awards; nominations during autumn sale, voting during winter sale; ~15 million nominations in 2016; unusual community-created categories",13;12,fetched or search result (agent log)
https://us.forums.blizzard.com/en/wow/guidelines,Blizzard WoW forums (Discourse) guidelines,2026-09-27,Flag rather than reply; moderators do not preview posts; use Like instead of +1,13;12,fetched or search result (agent log)
https://www.jackboxgames.com/how-to-play,Jackbox Games,2026-09-27,One owner hosts; remote players join via jackbox.tv room code; host screen-shares via Discord or Zoom,13;12,fetched or search result (agent log)
https://www.digitalfoundry.net/,Digital Foundry site,2026-09-27,Site shows a 3k Supporters counter (observation only),13;12;08,fetched or search result (agent log)
https://en.wikipedia.org/wiki/Letterboxd,Wikipedia,2026-09-27,Log/rate/review/lists/diary model; 30M members July 2026; 12.9M lists created in 2025 (+88%); Four Favorites; paid tiers with stats,13;12;11,fetched or search result (agent log)
https://en.wikipedia.org/wiki/Reddit,Wikipedia,2026-09-27,Subreddits use themed Snoo variants; Premium snoovatar; 2023 Snoo refresh,13;12;11,fetched or search result (agent log)
https://api-docs.igdb.com/,api-docs.igdb.com,2026-09-27,Cited in 14-DIGITAL-PR.md,14,cited in research file
https://arxiv.org/pdf/2204.11191,arxiv.org,2026-09-27,Cited in 14-DIGITAL-PR.md,14,cited in research file
https://arxiv.org/pdf/2205.15163,arxiv.org,2026-09-27,Cited in 14-DIGITAL-PR.md,14,cited in research file
https://arxiv.org/pdf/2608.11539,arxiv.org,2026-09-27,Cited in 14-DIGITAL-PR.md,14,cited in research file
https://backloggd.medium.com/looking-back-at-2025-5428076d3f80,backloggd.medium.com,2026-09-27,Cited in 14-DIGITAL-PR.md,14,cited in research file
https://docs.isthereanydeal.com/,docs.isthereanydeal.com,2026-09-27,Cited in 14-DIGITAL-PR.md,14,cited in research file
https://en.wikipedia.org/wiki/Wikipedia:WikiProject_Video_games/Sources,en.wikipedia.org,2026-09-27,Cited in 14-DIGITAL-PR.md,14,cited in research file
https://esportslegal.news/2026/02/06/gdc-state-of-the-game-industry-report/,esportslegal.news,2026-09-27,Cited in 14-DIGITAL-PR.md,14,cited in research file
https://gamesbeat.com/what-q1s-gaming-sales-reports-tell-us-about-2026-mat-piscatella-interview/,gamesbeat.com,2026-09-27,Cited in 14-DIGITAL-PR.md,14,cited in research file
https://howlongtobeat.com/api,howlongtobeat.com,2026-09-27,Cited in 14-DIGITAL-PR.md,14,cited in research file
https://howlongtobeat.com/stats,howlongtobeat.com,2026-09-27,Cited in 14-DIGITAL-PR.md,14,cited in research file
https://journals.sagepub.com/doi/10.1177/29768624251341217,journals.sagepub.com,2026-09-27,Cited in 14-DIGITAL-PR.md,14,cited in research file
https://kotaku.com/valve-solution-to-steam-review-bombing-is-not-to-change-1818558013,kotaku.com,2026-09-27,Cited in 14-DIGITAL-PR.md,14,cited in research file
https://newsletter.gamediscover.co/,newsletter.gamediscover.co,2026-09-27,Cited in 14-DIGITAL-PR.md,14,cited in research file
https://newsletter.gamediscover.co/p/what-steams-2026-biz-update-tells,newsletter.gamediscover.co,2026-09-27,Cited in 14-DIGITAL-PR.md,14,cited in research file
https://opencritic.com/submit-review,opencritic.com,2026-09-27,Cited in 14-DIGITAL-PR.md,14,cited in research file
https://partner.steamgames.com/doc/marketing/curators,partner.steamgames.com,2026-09-27,Cited in 14-DIGITAL-PR.md,14,cited in research file
https://pressengine.net/,pressengine.net,2026-09-27,Cited in 14-DIGITAL-PR.md,14,cited in research file
https://searchengineland.com/guide/digital-pr-campaign-examples,searchengineland.com,2026-09-27,Cited in 14-DIGITAL-PR.md,14,cited in research file
https://seeindie.com/blog/steam-next-fest/,seeindie.com,2026-09-27,Cited in 14-DIGITAL-PR.md,14,cited in research file
https://spilled.gg/september-2026-video-game-release-month/,spilled.gg,2026-09-27,Cited in 14-DIGITAL-PR.md,14,cited in research file
https://steamdb.info/charts/,steamdb.info,2026-09-27,Cited in 14-DIGITAL-PR.md,14,cited in research file
https://steamdb.info/faq/,steamdb.info,2026-09-27,Cited in 14-DIGITAL-PR.md,14,cited in research file
https://variety.com/2026/gaming/news/americans-play-video-games-hour-per-week-1236765544/,variety.com,2026-09-27,Cited in 14-DIGITAL-PR.md,14,cited in research file
https://www.ampereanalysis.com/press,ampereanalysis.com,2026-09-27,Cited in 14-DIGITAL-PR.md,14,cited in research file
https://www.ampereanalysis.com/report/winning-attention-defining-cultural-moments-key-forces-shaping-consolepc-games-in-2026,ampereanalysis.com,2026-09-27,Cited in 14-DIGITAL-PR.md,14,cited in research file
https://www.businesswire.com/news/home/20260129438528/en/,businesswire.com,2026-09-27,Cited in 14-DIGITAL-PR.md,14,cited in research file
https://www.buzzstream.com/blog/haro-alternatives/,buzzstream.com,2026-09-27,Cited in 14-DIGITAL-PR.md,14,cited in research file
https://www.digitaltrends.com/gaming/ps5-pro-digital-foundry-analysis/,digitaltrends.com,2026-09-27,Cited in 14-DIGITAL-PR.md,14,cited in research file
https://www.frac.tl/data-driven-pr/,frac.tl,2026-09-27,Cited in 14-DIGITAL-PR.md,14,cited in research file
https://www.gamescom.global/en/info/press-and-creator/participation-for-media-representatives,gamescom.global,2026-09-27,Cited in 14-DIGITAL-PR.md,14,cited in research file
https://www.gamespot.com/articles/80-games-are-already-here/,gamespot.com,2026-09-27,Cited in 14-DIGITAL-PR.md,14,cited in research file
https://www.gamespress.com/FAQ---Use-of-Assets,gamespress.com,2026-09-27,Cited in 14-DIGITAL-PR.md,14,cited in research file
https://www.gamespress.com/en-US/How-to-Submit-News,gamespress.com,2026-09-27,Cited in 14-DIGITAL-PR.md,14,cited in research file
https://www.kaggle.com/datasets/kasumil5x/howlongtobeat-games-completion-times,kaggle.com,2026-09-27,Cited in 14-DIGITAL-PR.md,14,cited in research file
https://www.kaggle.com/datasets/zaireali/howlongtobeat-games-scraper-2162025,kaggle.com,2026-09-27,Cited in 14-DIGITAL-PR.md,14,cited in research file
https://www.medianews4u.com/global-games-market-to-reach-213-9-billion-as-player-base-hits-3-7-billion-newzoo-report/,medianews4u.com,2026-09-27,Cited in 14-DIGITAL-PR.md,14,cited in research file
https://www.notebookcheck.net/PlayStation-5-Pro-performance-is-roughly-on-par-with-RTX-5060-Ti-Radeon-9060-XT-latest-Digital-Foundry-tests-show.1054099.0.html,notebookcheck.net,2026-09-27,Cited in 14-DIGITAL-PR.md,14,cited in research file
https://www.operationsports.com/will-video-game-prices-go-up-in-2026-industry-analysts-weigh-in/,operationsports.com,2026-09-27,Cited in 14-DIGITAL-PR.md,14,cited in research file
https://www.presspulse.ai/blog/haro-alternatives,presspulse.ai,2026-09-27,Cited in 14-DIGITAL-PR.md,14,cited in research file
https://www.prnewswire.com/news-releases/two-thirds-of-americans-play-video-games-every-week-according-to-new-report-from-the-entertainment-software-association-302789137.html,prnewswire.com,2026-09-27,Cited in 14-DIGITAL-PR.md,14,cited in research file
https://www.qwoted.com/pricing,qwoted.com,2026-09-27,Cited in 14-DIGITAL-PR.md,14,cited in research file
https://www.resetera.com/threads/backloggd-2025-game-of-the-year-awards-as-voted-by-the-community.1398523/,resetera.com,2026-09-27,Cited in 14-DIGITAL-PR.md,14,cited in research file
https://www.sciencedirect.com/science/article/abs/pii/S1875952118300181,sciencedirect.com,2026-09-27,Cited in 14-DIGITAL-PR.md,14,cited in research file
https://www.steampageanalyzer.com/blog/steam-next-fest-october-2026,steampageanalyzer.com,2026-09-27,Cited in 14-DIGITAL-PR.md,14,cited in research file
https://www.storyboard18.com/amp/gaming-news/global-games-market-to-hit-2139b-by-2026-growth-slows-ws-l-110433.htm,storyboard18.com,2026-09-27,Cited in 14-DIGITAL-PR.md,14,cited in research file
https://www.techpowerup.com/237202/steam-adds-historical-review-data-for-games-to-counter-review-bombing,techpowerup.com,2026-09-27,Cited in 14-DIGITAL-PR.md,14,cited in research file
https://www.techradar.com/gaming/it-seems-battlefield-6-isnt-going-to-cost-usd80-as-ea-isnt-looking-to-make-changes-on-pricing-at-this-stage,techradar.com,2026-09-27,Cited in 14-DIGITAL-PR.md,14,cited in research file
https://www.techradar.com/gaming/pc-gaming/steam-achieves-a-new-record-with-over-336-million-concurrent-users,techradar.com,2026-09-27,Cited in 14-DIGITAL-PR.md,14,cited in research file
https://www.theesa.com/resources/essential-facts-about-the-us-video-game-industry/2026-data/,theesa.com,2026-09-27,Cited in 14-DIGITAL-PR.md,14,cited in research file
https://www.tomshardware.com/pc-components/gpus/the-great-bench-gpu-retest-begins-how-were-testing-for-our-gpu-hierarchy-in-2026-and-why-upscaling-and-framegen-are-still-out,tomshardware.com,2026-09-27,Cited in 14-DIGITAL-PR.md,14,cited in research file
https://www.twoaveragegamers.com/game-length-inflation/,twoaveragegamers.com,2026-09-27,Cited in 14-DIGITAL-PR.md,14,cited in research file
https://a1adrialeague.com/,a1adrialeague.com,2026-09-27,Page fetched: Home - A1AL,14;15,fetched (canonical URL recorded in page)
https://a1adrialeague.com/entropiq-defends-the-title-in-pubg/,a1adrialeague.com,2026-09-27,Page fetched: Entropiq defends the title in PUBG! - A1AL,14;15,fetched (canonical URL recorded in page)
https://en.wikipedia.org/wiki/EGX_(expo,en.wikipedia.org,2026-09-27,Page fetched: EGX (expo) - Wikipedia,14;15,fetched (canonical URL recorded in page)
https://en.wikipedia.org/wiki/Eurogamer#Digital_Foundry,en.wikipedia.org,2026-09-27,Page fetched: Eurogamer - Wikipedia,14;15,fetched (canonical URL recorded in page)
https://en.wikipedia.org/wiki/Games_Press,en.wikipedia.org,2026-09-27,Page fetched: Games Press - Wikipedia,14;15,fetched (canonical URL recorded in page)
https://en.wikipedia.org/wiki/Insider_Gaming,en.wikipedia.org,2026-09-27,Page fetched: Insider Gaming - Wikipedia,14;15,fetched (canonical URL recorded in page)
https://en.wikipedia.org/wiki/Insider_Gaming_(website,en.wikipedia.org,2026-09-27,Page fetched: Insider Gaming (website) - Wikipedia,14;15,fetched (canonical URL recorded in page)
https://en.wikipedia.org/wiki/IsThereAnyDeal,en.wikipedia.org,2026-09-27,Page fetched: IsThereAnyDeal - Wikipedia,14;15,fetched (canonical URL recorded in page)
https://en.wikipedia.org/wiki/Kinda_Funny,en.wikipedia.org,2026-09-27,Page fetched: Kinda Funny - Wikipedia,14;15,fetched (canonical URL recorded in page)
https://en.wikipedia.org/wiki/Metacritic,en.wikipedia.org,2026-09-27,Page fetched: Metacritic - Wikipedia,14;15,fetched (canonical URL recorded in page)
https://en.wikipedia.org/wiki/OpenCritic,en.wikipedia.org,2026-09-27,Page fetched: OpenCritic - Wikipedia,14;15,fetched (canonical URL recorded in page)
https://en.wikipedia.org/wiki/PAX_(event,en.wikipedia.org,2026-09-27,Page fetched: PAX (event) - Wikipedia,14;15,fetched (canonical URL recorded in page)
https://en.wikipedia.org/wiki/PCGamingWiki,en.wikipedia.org,2026-09-27,Page fetched: PCGamingWiki - Wikipedia,14;15,fetched (canonical URL recorded in page)
https://en.wikipedia.org/wiki/R/dataisbeautiful,en.wikipedia.org,2026-09-27,Page fetched: r/dataisbeautiful - Wikipedia,14;15,fetched (canonical URL recorded in page)
https://en.wikipedia.org/wiki/Ralph_Panebianco,en.wikipedia.org,2026-09-27,Page fetched: Ralph Panebianco - Wikipedia,14;15,fetched (canonical URL recorded in page)
https://en.wikipedia.org/wiki/Reboot_Develop,en.wikipedia.org,2026-09-27,Page fetched: Reboot Develop - Wikipedia,14;15,fetched (canonical URL recorded in page)
https://en.wikipedia.org/wiki/Second_Wind_(entertainment_group,en.wikipedia.org,2026-09-27,Page fetched: Second Wind (entertainment group) - Wikipedia,14;15,fetched (canonical URL recorded in page)
https://en.wikipedia.org/wiki/Skill_Up,en.wikipedia.org,2026-09-27,Page fetched: Skill Up - Wikipedia,14;15,fetched (canonical URL recorded in page)
https://en.wikipedia.org/wiki/SteamDB,en.wikipedia.org,2026-09-27,Page fetched: SteamDB - Wikipedia,14;15,fetched (canonical URL recorded in page)
https://en.wikipedia.org/wiki/Steam_Spy,en.wikipedia.org,2026-09-27,Page fetched: Steam Spy - Wikipedia,14;15,fetched (canonical URL recorded in page)
https://esl.com/,esl.com,2026-09-27,Page fetched: Live Legendary - ESL,14;15,fetched (canonical URL recorded in page)
https://featured.com,featured.com,2026-09-27,Page fetched: Featured · Home,14;15,fetched (canonical URL recorded in page)
https://gamedevreports.substack.com/,gamedevreports.substack.com,2026-09-27,Page fetched: GameDev Reports - powered by Mellow | Dmitriy Byshonkov | Substack,14;15,fetched (canonical URL recorded in page)
https://gamedevreports.substack.com/p/gdc-the-state-of-the-game-industry-fcf,gamedevreports.substack.com,2026-09-27,Page fetched: GDC: The State of the Game Industry - 2026,14;15,fetched (canonical URL recorded in page)
https://gamescon.rs/,gamescon.rs,2026-09-27,Page fetched: Početna | Games.con,14;15,fetched (canonical URL recorded in page)
https://gdconf.com/article/gdc-2026-state-of-the-game-industry-reveals-impact-of-layoffs-generative-ai-and-more/,gdconf.com,2026-09-27,"Page fetched: GDC 2026 State of the Game Industry Reveals Impact of Layoffs, Generative AI, and More",14;15,fetched (canonical URL recorded in page)
https://howlongtobeat.comundefined,howlongtobeat.comundefined,2026-09-27,"Page fetched: HowLongToBeat.com | Game Lengths, Backlogs and more!",14;15,fetched (canonical URL recorded in page)
https://icon-era.com/statistics/steam-concurrent-player-records/,icon-era.com,2026-09-27,Page fetched: Steam Concurrent Player Statistics 2026 - Icon Era - Statistics,14;15,fetched (canonical URL recorded in page)
https://isthereanydeal.com/apps/,isthereanydeal.com,2026-09-27,Page fetched: My Apps - IsThereAnyDeal,14;15,fetched (canonical URL recorded in page)
https://newsletter.gamediscover.co/p/what-are-steam-decks-biggest-2026,newsletter.gamediscover.co,2026-09-27,Page fetched: What are Steam Deck’s biggest 2026 hits - and top genres?,14;15,fetched (canonical URL recorded in page)
https://newsletter.gamediscover.co/p/who-won-june-2026s-steam-next-fest,newsletter.gamediscover.co,2026-09-27,Page fetched: Who 'won' June 2026's Steam Next Fest? - by Simon Carless,14;15,fetched (canonical URL recorded in page)
https://opencritic.com/faq,opencritic.com,2026-09-27,Page fetched: Frequently Asked Questions - OpenCritic,14;15,fetched (canonical URL recorded in page)
https://opencritic.com/terms,opencritic.com,2026-09-27,Page fetched: Terms of Use - OpenCritic,14;15,fetched (canonical URL recorded in page)
https://pressengine.net,pressengine.net,2026-09-27,Page fetched: PressEngine | Video game PR made easy,14;15,fetched (canonical URL recorded in page)
https://rebootdevelopblue.com/,rebootdevelopblue.com,2026-09-27,Page fetched: Online Casino Malaysia: 10 Sites Compared and Rated,14;15,fetched (canonical URL recorded in page)
https://store.steampowered.com/sale/nextfest,store.steampowered.com,2026-09-27,Page fetched: Steam Next Fest: October 2026 Edition - Coming Soon,14;15,fetched (canonical URL recorded in page)
https://techplay.gg/studios/country/ba,techplay.gg,2026-09-27,Page fetched: Game studios in Bosnia and Herzegovina | TechPlay,14;15,fetched (canonical URL recorded in page)
https://voxbooster.com/blog/video-game-pricing-statistics-2026/,voxbooster.com,2026-09-27,"Page fetched: Video Game Pricing Statistics (2026): 48 Data Points on $70 Games, Budgets, and Sales — VoxBooster",14;15,fetched (canonical URL recorded in page)
https://wccftech.com/newzoo-2026-global-games-market-report-gta-6-interview/,wccftech.com,2026-09-27,"Page fetched: Newzoo Predicts $213.9 Billion Global Games Market in 2026, With Rockstar's GTA VI Fueling Console's Growth Surge",14;15,fetched (canonical URL recorded in page)
https://www.circana.com/post/circana-forecasts-a-transformative-year-for-video-games-in-2026,circana.com,2026-09-27,Page fetched: 2026 Video Game Forecast & Top Games Trends | Circana,14;15,fetched (canonical URL recorded in page)
https://www.creator.co,creator.co,2026-09-27,Page fetched: Creator · Powering Brand-Influencer Partnerships,14;15,fetched (canonical URL recorded in page)
https://www.egx.net/global/en-gb.html,egx.net,2026-09-27,Page fetched: EGX,14;15,fetched (canonical URL recorded in page)
https://www.gamesindustry.biz/about-us,gamesindustry.biz,2026-09-27,Page fetched: About Us | GamesIndustry.biz,14;15,fetched (canonical URL recorded in page)
https://www.gamespress.com/,gamespress.com,2026-09-27,Page fetched: Games Press: The resource for games journalists,14;15,fetched (canonical URL recorded in page)
https://www.gamespress.com/How-to-Submit-News,gamespress.com,2026-09-27,Page fetched: How to Submit News - Games Press,14;15,fetched (canonical URL recorded in page)
https://www.logitechg.com/en-us/affiliate,logitechg.com,2026-09-27,Page fetched: Error: 404,14;15,fetched (canonical URL recorded in page)
https://www.logitechg.com/en-us/affiliate-program,logitechg.com,2026-09-27,Page fetched: Error: 404,14;15,fetched (canonical URL recorded in page)
https://www.logitechg.com/en-us/affiliates,logitechg.com,2026-09-27,Page fetched: Error: 404,14;15,fetched (canonical URL recorded in page)
https://www.podchaser.com/podcasts/friends-per-second-4757524,podchaser.com,2026-09-27,Page fetched: Friends Per Second (Podcast) | Podchaser,14;15,fetched (canonical URL recorded in page)
https://www.qwoted.com/,qwoted.com,2026-09-27,Page fetched: Qwoted – Connecting the Media with Expert Sources,14;15,fetched (canonical URL recorded in page)
https://www.qwoted.com/pricing/,qwoted.com,2026-09-27,Page fetched: Qwoted Pricing – Free and Pro Plans for Experts & PR Pros,14;15,fetched (canonical URL recorded in page)
https://www.sourceofsources.com/,sourceofsources.com,2026-09-27,Page fetched: Connecting Reporters With High Quality Sources - Source of Sources,14;15,fetched (canonical URL recorded in page)
https://www.summergamefest.com,summergamefest.com,2026-09-27,"Page fetched: Summer Game Fest 2026 - Live June 5, 2026 from Dolby Theatre in LA",14;15,fetched (canonical URL recorded in page)
https://www.twoaveragegamers.com/game-completion-rates/,twoaveragegamers.com,2026-09-27,Page fetched: What Percentage of Players Finish Games? 2026 | TAG,14;15,fetched (canonical URL recorded in page)
https://en.wikipedia.org/wiki/Dexerto,en.wikipedia.org,2026-09-27,Page fetched: Dexerto - Wikipedia,14;15;04,fetched (canonical URL recorded in page)
https://www.dexerto.com/about/,dexerto.com,2026-09-27,Page fetched: About Us - Dexerto,14;15;04,fetched (canonical URL recorded in page)
http://kingsumo.com/pricing,KingSumo pricing,2026-09-27,Free plan; $49 one-time via AppSumo (list $228),16,fetched or search result (agent log)
https://97thfloor.com/articles/reddit-advertising-guide-2026/,97th Floor Reddit advertising guide,2026-09-27,No minimum spend to get started; CPM $0.50-15; targeting options,16,fetched or search result (agent log)
https://about.fb.com/news/2023/01/age-appropriate-ads-for-teens/,Meta Newsroom - Age-appropriate ads for teens,2026-09-27,Age and location only for under-18 targeting; gender removed Feb 2023,16,fetched or search result (agent log)
https://ads.tiktok.com/help/article/budget,TikTok Ads Help - Budget,2026-09-27,Campaign min $50 daily/lifetime; ad group min $20 daily,16,fetched or search result (agent log)
https://ads.tiktok.com/help/article/spark-ads,TikTok Ads Help - Spark Ads,2026-09-27,"Spark Ads mechanics, objectives, authorization code",16,fetched or search result (agent log)
https://ads.tiktok.com/help/article/tiktok-ads-policy-gambling-and-games,TikTok Ads policy - Gambling and games,2026-09-27,Sweepstakes definition; surprise-based products; no gambling ads to minors,16,fetched or search result (agent log)
https://blitzrocket.com/pricing,Blitz Rocket (formerly Vyper) pricing,2026-09-27,$19/$49/$99/$199 per month; bot and AI fraud detection,16,fetched or search result (agent log)
https://blog.communityone.io/underrated-discord-growth-engine/,CommunityOne - Discord listing sites experiment,2026-09-27,Disboard/Discadia/Disforge/Discords.com prices and members gained (Dec 2023),16,fetched or search result (agent log)
https://business.google.com/us/ad-solutions/demand-generation/,Google Ads - Demand Gen product page,2026-09-27,Demand Gen positioned for social advertisers; YouTube/Shorts/Discover/Gmail,16,fetched or search result (agent log)
https://developers.facebook.com/docs/marketing-api/conversions-api/parameters/customer-information-parameters,Meta for Developers - CAPI customer information parameters,2026-09-27,user_data matching requirements; fbp/fbc,16,fetched or search result (agent log)
https://developers.facebook.com/docs/marketing-apis/data-processing-options,Meta for Developers - Data Processing Options,2026-09-27,Limited Data Use states and impact on retargeting,16,fetched or search result (agent log)
https://developers.facebook.com/docs/meta-pixel/implementation/gdpr,Meta for Developers - Pixel GDPR,2026-09-27,fbq consent revoke/grant before init; advertiser responsibility,16,fetched or search result (agent log)
https://developers.google.com/tag-platform/security/guides/consent,Google Tag Platform - Consent mode,2026-09-27,ad_storage/analytics_storage/ad_user_data/ad_personalization; EEA requirement,16,fetched or search result (agent log)
https://digiday.com/media/links-web-ad-units-terrible/,Digiday - content recommendation widgets,2026-09-27,Slate/New Yorker removed widgets; objectionable links; 2016,16,fetched or search result (agent log)
https://dis.ad/en/guides/best-discord-server-lists,dis.ad - best Discord server lists 2026,2026-09-27,Disboard free 2-hour bump; top.gg paid promotion via auctions,16,fetched or search result (agent log)
https://discord.com/ads/quests,Discord Ads - Quests,2026-09-27,Quests for game developers/publishers/brands; sales-led; Walmart server case,16,fetched or search result (agent log)
https://discord.com/press-releases/discord-launches-newest-ad-format-and-partners-with-appsflyer-gamesight-for-ads-measurement,Discord press release - Arena Quests,2026-09-27,Arena Quests 2 Oct 2025; AppsFlyer/Gamesight measurement,16,fetched or search result (agent log)
https://gleam.io/faq/competitions/actions/how-do-you-handle-cheaters,gleam.io,2026-09-27,Cited in 16-PAID-MEDIA-INTELLIGENCE.md,16,cited in research file
https://gleam.io/faq/technical-and-troubleshooting/prevent-bot-entries-giveaway,Gleam FAQ - prevent bot entries,2026-09-27,Search result only; fetch returned 403,16,fetched or search result (agent log)
https://kickofflabs.com/blog/best-giveaway-software-tools-2026/,KickoffLabs - best giveaway software 2026,2026-09-27,Gleam paid from $10/mo claim; Rafflecopter ceased 2025; fraud tier notes,16,fetched or search result (agent log)
https://localiq.com/blog/facebook-advertising-benchmarks/,LocaliQ/WordStream Facebook advertising benchmarks 2026,2026-09-27,"Arts & Entertainment CPC $0.34 traffic, $0.88 leads, CVR 15.31%, CPL $14.59; all-industry CPL $27.39",16,fetched or search result (agent log)
https://localiq.com/blog/search-advertising-benchmarks/,LocaliQ search advertising benchmarks 2026,2026-09-27,"Arts & Entertainment search CPC $1.63, CPL $26.84; all-industry CPC $5.42",16,fetched or search result (agent log)
https://newsletrix.com/blog/newsletter-subscriber-acquisition-cost-benchmarks,Newsletrix newsletter CPA benchmarks,2026-09-27,"CPA by channel: swaps $0-3, beehiiv $2-3, Meta $3-5, TikTok $1-4, SparkLoop $4-7",16,fetched or search result (agent log)
https://on.substack.com/p/substacks-recommendations-network,Substack - Recommendations network,2026-09-27,Recommendations drive 50% of new subscriptions; free,16,fetched or search result (agent log)
https://onesignal.com/pricing,OneSignal pricing,2026-09-27,Free tier 10k subscribers per send; $19/mo Growth; $0.004 per web push subscriber,16,fetched or search result (agent log)
https://paceads.com/research/meta-ads-statistics-2026,PaceAds Meta ads statistics 2026,2026-09-27,US CPM $16.08 (Lebesgue Jul 2026); Reels share; Advantage+ incrementality mixed,16,fetched or search result (agent log)
https://ppc.land/google-tightens-advertising-rules-to-protect-minors-across-its-platforms/,PPC Land - Google minors policy consolidation,2026-09-27,15 Jan 2025 consolidation of children/teen ad policies,16,fetched or search result (agent log)
https://social-media-management-help.brandwatch.com/en/articles/13215856-meta-changes-to-detailed-targeting-interests-in-advertise,Brandwatch help - Meta detailed targeting changes,2026-09-27,Deprecated interests unavailable 15 Dec 2025; ad sets stop 15 Jan 2026,16,fetched or search result (agent log)
https://sparkloop.app/partner-network,SparkLoop Partner Network,2026-09-27,$2-20 per subscriber; 20% commission + 3.5%; 500-1000 subs recommended,16,fetched or search result (agent log)
https://sparkloop.app/upscribe,SparkLoop Upscribe,2026-09-27,Upscribe widget mechanics; up to $30 per subscriber; 20% commission,16,fetched or search result (agent log)
https://support.google.com/adspolicy/answer/12205906?hl=en,Google Ads policy - Ad-serving protections for teens,2026-09-27,No ads personalization for under-18 on YouTube/Display/Search,16,fetched or search result (agent log)
https://support.google.com/adspolicy/answer/6018017?hl=en,Google Ads policy - Gambling and games,2026-09-27,Gambling definition; prize promotions out of scope; social casino,16,fetched or search result (agent log)
https://support.google.com/analytics/answer/10917952?hl=en,GA4 Help - UTM parameters,2026-09-27,Supported utm parameters and which are not reported,16,fetched or search result (agent log)
https://support.google.com/google-ads/answer/10724817?hl=en,Google Ads Help - Performance Max,2026-09-27,PMax channels and required inputs,16,fetched or search result (agent log)
https://support.google.com/google-ads/answer/13695777?hl=en,Google Ads Help - About Demand Gen campaigns,2026-09-27,"Demand Gen placements, formats, lookalikes, budget >= 10x tCPA",16,fetched or search result (agent log)
https://support.google.com/google-ads/answer/2472738?hl=en,Google Ads Help - data segment list sizes,2026-09-27,100 active users in 30 days minimum for Display/Search/YouTube remarketing,16,fetched or search result (agent log)
https://trueinteractive.com/blog/where-does-x-stand-with-advertisers-in-2026/,True Interactive - X advertisers 2026,2026-09-27,X ad revenue 2022-2025; Kantar 2025 29% plan to cut; last in trust 3 years,16,fetched or search result (agent log)
https://variety.com/2025/gaming/news/discord-arena-quests-ad-sponsored-games-1236536780/,Variety - Discord Arena Quests,2026-09-27,Search result only; paywalled redirect,16,fetched or search result (agent log)
https://www.adamigo.ai/blog/meta-ads-benchmarks-2026-by-objective-and-placement,AdAmigo Meta benchmarks by objective and placement,2026-09-27,Leads CPC $1.92 CPL $27.66; IG Stories CPC $1.83 CPM $6.25,16,fetched or search result (agent log)
https://www.analyticodigital.com/insights/how-setup-meta-capi-on-website,Analytico - Meta CAPI setup,2026-09-27,EEA consent parameter claim (uncited); event_id deduplication,16,fetched or search result (agent log)
https://www.auditsocials.com/blog/meta-teen-ad-targeting-restrictions-parental-controls-2026-age-gated-campaigns,AuditSocials - Meta teen targeting 2026,2026-09-27,2026 teen restriction claims; no Meta source cited (UNVERIFIED),16,fetched or search result (agent log)
https://www.beehiiv.com/features/boosts,beehiiv - Boosts / paid recommendations,2026-09-27,Charged only for verified engaged subscribers; $2.20 example; Scale/Max plans,16,fetched or search result (agent log)
https://www.digitalapplied.com/blog/youtube-ads-benchmarks-2026-cpv-cpm-ctr-industry,Digital Applied YouTube benchmarks 2026,2026-09-27,Shorts CPM $4.85 CTR 1.24%; gaming skippable CTR 1.85%,16,fetched or search result (agent log)
https://www.enrichlabs.ai/blog/tiktok-spark-ads-complete-guide-2026,Enrich Labs TikTok Spark Ads guide 2026,2026-09-27,Spark vs in-feed CTR/CPM claims; TikTok Spark Ads 101 quotes,16,fetched or search result (agent log)
https://www.facebook.com/business/help/229435355723442,Meta Business Help - About Advertising to Teens,2026-09-27,Search result only; page unreadable (JS),16,fetched or search result (agent log)
https://www.facebook.com/business/help/458835214668072,Meta Business Help - Updates to Detailed Targeting,2026-09-27,Search result only; page unreadable (JS),16,fetched or search result (agent log)
https://www.facebook.com/policies_center/pages_groups_events/,Meta Pages Groups and Events policy,2026-09-27,Promotions: no share/repost/tag requirement; release of Meta; official rules,16,fetched or search result (agent log)
https://www.google.com/about/company/user-consent-policy/,Google EU User Consent Policy,2026-09-27,Legally valid consent for cookies and ad personalization; records; revocation,16,fetched or search result (agent log)
https://www.guptamedia.com/social-media-ads-cost,Gupta Media social media CPM tracker,2026-09-27,"Oct 2025 CPM: Meta $8.17, TikTok $4.67, YouTube $7.61, Snapchat $12.84",16,fetched or search result (agent log)
https://www.marketingbrew.com/stories/2021/09/08/brands-still-playing-ball-clickbait-ad-sites-advertisings-roach-will-survive-bomb,Marketing Brew - clickbait ad sites,2026-09-27,MFA 12.3% of programmatic display spend (Jounce); Taboola/Outbrain distribution,16,fetched or search result (agent log)
https://www.marketingdive.com/news/tiktok-pitches-advertisers-on-bold-new-chapter-under-us-joint-venture/815632/,Marketing Dive - TikTok NewFronts 2026,2026-09-27,US JV closed Jan 2026; new ad products; advertiser messaging,16,fetched or search result (agent log)
https://www.shno.co/marketing-statistics/twitter-ads-statistics,shno.co X ads statistics roundup,2026-09-27,Kantar 2024 4% brand safe; CPC ranges with attributed sources,16,fetched or search result (agent log)
https://www.socialmediatoday.com/news/meta-removes-more-detailed-ad-targeting-options-facebook-instagram/757856/,Social Media Today - Meta detailed targeting consolidation,2026-09-27,Enforcement 15 Jan 2026; Meta reasoning; 22.6% lower cost per conversion claim,16,fetched or search result (agent log)
https://www.stackmatix.com/blog/reddit-ads-cost-pricing-guide-2026,Stackmatix Reddit ads cost 2026,2026-09-27,CPC $0.50-3.50; CPM $3-12; Conversation Placement 15-30% lower CPM,16,fetched or search result (agent log)
https://www.stackmatix.com/blog/reddit-ads-minimum-budget-requirements-2026,Stackmatix Reddit minimum budget 2026,2026-09-27,Reddit $5 daily / $25 lifetime minimums,16,fetched or search result (agent log)
https://www.stackmatix.com/blog/reddit-advertising-gaming,Stackmatix Reddit advertising for gaming,2026-09-27,Gaming subreddit sizes; 3-5 subreddits; gameplay in first 3 seconds; 0.2% CTR floor,16,fetched or search result (agent log)
https://www.stackmatix.com/blog/tiktok-ads-minimum-daily-budget-2026,Stackmatix TikTok minimum budget 2026,2026-09-27,$50/$20 minimums; ~50 conversions/week learning claim (uncited),16,fetched or search result (agent log)
https://www.storegrowers.com/youtube-ads-benchmarks/,Store Growers YouTube benchmarks,2026-09-27,Shorts CPM ~$4; CPV $0.10-0.30; skippable CPM $5-10,16,fetched or search result (agent log)
https://www.storika.ai/guides/tiktok-us-joint-venture-influencer-marketing,Storika - TikTok US JV explained,2026-09-27,Ads manager/billing did not move 22 Jan 2026; algorithm retrained on US data,16,fetched or search result (agent log)
https://www.tiktok.com/legal/page/global/bc-policy/en,TikTok Branded Content Policy,2026-09-27,Gambling restricted 18+; disclosure toggle; contests not addressed,16,fetched or search result (agent log)
http://localhost:4321/,localhost:4321,2026-09-27,Page fetched: GTA 6 Countdown,17,fetched (canonical URL recorded in page)
https://gamerant.com/db/video-game/grand-theft-auto-6/,gamerant.com,2026-09-27,"Page fetched: Grand Theft Auto 6 News, Trailer, Guides, and More",17,fetched (canonical URL recorded in page)
https://gta6-countdown.com/,gta6-countdown.com,2026-09-27,"Page fetched: GTA 6 Release Date Countdown — November 19, 2026",17,fetched (canonical URL recorded in page)
https://gta6-map.com/,gta6-map.com,2026-09-27,Page fetched: Grand Theft Auto VI Interactive Map,17,fetched (canonical URL recorded in page)
https://gta6.gg/,gta6.gg,2026-09-27,Page fetched: GTA6.GG | The Centralized GTA6 Platform,17,fetched (canonical URL recorded in page)
https://insider-gaming.com/gta-vice-city-stories-sales-data-revealed-after-trademark-dispute/,insider-gaming.com,2026-09-27,Page fetched: GTA Vice City Stories Sales Revealed Thanks to Sandwich Shop Dispute - Insider Gaming,17,fetched (canonical URL recorded in page)
https://insider-gaming.com/tag/grand-theft-auto-6/,insider-gaming.com,2026-09-27,Page fetched: Grand Theft Auto 6 Archives - Insider Gaming,17,fetched (canonical URL recorded in page)
https://map.gtadb.org,map.gtadb.org,2026-09-27,Page fetched: map.gtadb.org - GTA VI Landmarks Map,17,fetched (canonical URL recorded in page)
https://rockstarintel.com/,rockstarintel.com,2026-09-27,Page fetched: Home - RockstarINTEL,17,fetched (canonical URL recorded in page)
https://subredditstats.com,subredditstats.com,2026-09-27,Page fetched: r/gta6 Subreddit Stats (Grand Theft Auto VI ),17,fetched (canonical URL recorded in page)
https://techplay.gg/gta6/characters/lucia-caminos,techplay.gg,2026-09-27,Page fetched: Lucia Caminos — GTA 6 Character Profile & Gallery | TechPlay,17,fetched (canonical URL recorded in page)
https://techplay.gg/news/gta-6-gameplay-finally-revealed,techplay.gg,2026-09-27,Page fetched: GTA 6 gameplay finally revealed,17,fetched (canonical URL recorded in page)
https://techplay.gg/news/gta-6-gameplay-was-leaked-through-several-videos-before-the-netflix-premiere,techplay.gg,2026-09-27,Page fetched: GTA 6 gameplay was leaked through several videos before the,17,fetched (canonical URL recorded in page)
https://techplay.gg/news/gta-6-gets-trailer-for-trailer-announcing-extended-look-on-netflix,techplay.gg,2026-09-27,Page fetched: GTA 6 gets trailer for trailer announcing Extended Look on,17,fetched (canonical URL recorded in page)
https://techplay.gg/news/gta-6-has-just-received-a-new-leaked-video-and-thats-likely-not-the-last-one,techplay.gg,2026-09-27,"Page fetched: GTA 6 has just received a new leaked video, and that’s",17,fetched (canonical URL recorded in page)
https://techplay.gg/news/gta-6-is-so-demanding-that-one-studio-only-worked-on-models,techplay.gg,2026-09-27,Page fetched: GTA 6 is so demanding that one studio only worked on models!,17,fetched (canonical URL recorded in page)
https://techplay.gg/news/gta-6-ultimate-edition-is-selling-more-than-standard-despite-price-controversy,techplay.gg,2026-09-27,Page fetched: GTA 6 Ultimate Edition is selling more than Standard despite,17,fetched (canonical URL recorded in page)
https://techplay.gg/news/leaker-proves-they-actually-have-early-access-to-gta-6,techplay.gg,2026-09-27,Page fetched: Leaker ‘Proves’ They Actually Have Early Access to GTA 6!,17,fetched (canonical URL recorded in page)
https://techplay.gg/news/official-gta-6-boot-up-animation-appears-on-playstation-5,techplay.gg,2026-09-27,Page fetched: Official GTA 6 boot up animation appears on PlayStation 5,17,fetched (canonical URL recorded in page)
https://techplay.gg/news/rockstar-games-reveals-major-gta-6-weapon-change,techplay.gg,2026-09-27,Page fetched: Rockstar Games reveals major GTA 6 weapon change,17,fetched (canonical URL recorded in page)
https://www.dexerto.com/gta/,dexerto.com,2026-09-27,Page fetched: GTA - Dexerto,17,fetched (canonical URL recorded in page)
https://www.gtabase.com/gta-6/,gtabase.com,2026-09-27,"Page fetched: GTA 6 Database: All Game Features, Guides & Media",17,fetched (canonical URL recorded in page)
https://www.gtabase.com/gta-6/characters/,gtabase.com,2026-09-27,Page fetched: GTA 6 Characters Guide: Main Protagonists & Full List,17,fetched (canonical URL recorded in page)
https://www.gtabase.com/gta-6/map/,gtabase.com,2026-09-27,"Page fetched: GTA 6 Map: Full Leonida Map, Vice City & All Locations",17,fetched (canonical URL recorded in page)
https://www.gtabase.com/gta-6/vehicles/,gtabase.com,2026-09-27,Page fetched: GTA 6 Cars: Full List of Vehicles Confirmed & Stats,17,fetched (canonical URL recorded in page)
https://www.gtabase.com/gta-6/weapons/,gtabase.com,2026-09-27,Page fetched: GTA 6 Weapons List: All Guns & Items Confirmed So Far,17,fetched (canonical URL recorded in page)
https://www.gtaboom.com,gtaboom.com,2026-09-27,"Page fetched: Grand Theft Auto news, guides, and cheat codes | GTA BOOM",17,fetched (canonical URL recorded in page)
https://www.ign.com/articles/gta-6-is-a-single-player-experience-rockstar-confirms-what-now-for-gta-online,ign.com,2026-09-27,"Page fetched: GTA 6 Is a 'Single-Player Experience,' Rockstar Confirms",17,fetched (canonical URL recorded in page)
https://www.ign.com/articles/gta-6-price-finally-confirmed-features-a-single-player-experience-at-launch,ign.com,2026-09-27,Page fetched: GTA 6 Price Finally Confirmed,17,fetched (canonical URL recorded in page)
https://www.ign.com/articles/gta-6-world-size-map-rockstar-confirms,ign.com,2026-09-27,Page fetched: GTA 6 Map Size: Rockstar Says It’s ‘a Very Big Map’,17,fetched (canonical URL recorded in page)
https://www.ign.com/articles/take-two-ceo-explains-why-gta-6-isnt-coming-to-pc-on-day-one,ign.com,2026-09-27,Page fetched: GTA 6 Boss Explains Lack of PC Release,17,fetched (canonical URL recorded in page)
https://www.ign.com/games/grand-theft-auto-vi,ign.com,2026-09-27,Page fetched: Grand Theft Auto VI - IGN,17,fetched (canonical URL recorded in page)
https://www.ign.com/wikis/gta-6,ign.com,2026-09-27,Page fetched: GTA 6 Guide - IGN,17,fetched (canonical URL recorded in page)
https://www.mirror.co.uk/gaming/gta-6-online-release-date-37678035,mirror.co.uk,2026-09-27,Page fetched: GTA 6 Online release date 'set for 2027' in first hint at multiplayer release - The Mirror,17,fetched (canonical URL recorded in page)
https://www.rockstargames.com/VI/,rockstargames.com,2026-09-27,Page fetched: Grand Theft Auto VI - Rockstar Games,17,fetched (canonical URL recorded in page)
https://www.rockstargames.com/newswire/article/4k138k8okkk483/grand-theft-auto-vi-an-extended-look-now-playing,rockstargames.com,2026-09-27,Page fetched: Grand Theft Auto VI: An Extended Look — Now Playing - Rockstar Games,17,fetched (canonical URL recorded in page)
https://www.rockstargames.com/newswire/article/7599a881942544/announcing-grand-theft-auto-vi-the-album-coming-november-19,rockstargames.com,2026-09-27,"Page fetched: Announcing Grand Theft Auto VI: The Album, Coming November 19 - Rockstar Games",17,fetched (canonical URL recorded in page)
https://www.rockstargames.com/newswire/article/9k2a49ook82o57/pre-order-the-goodtime-state-vice-city-collection-now-while-supplies-l?utm_source=whatsapp&utm_medium=o_social&utm_campaign=gtavi_announcement_the-goodtime-state-20260924,rockstargames.com,2026-09-27,Page fetched: Pre-Order The Goodtime State – Vice City Collection Now While Supplies Last - Rockstar Games,17,fetched (canonical URL recorded in page)
https://www.xbox.com/en-US/games/grand-theft-auto-vi,xbox.com,2026-09-27,"Page fetched: Grand Theft Auto VI: Coming November 19, 2026 to XBOX Series X|S | XBOX",17,fetched (canonical URL recorded in page)
https://www.ea.com/en/games/battlefield/battlefield-6/news/community-update-2026-roadmap-update,ea.com,2026-09-27,Status of Battlefield 6,18,cited in hub CSV
https://www.youtube.com/watch?v=1rjw7yD6H8Y,youtube.com,2026-09-27,Cited in 19-VIDEO-INTELLIGENCE.md,19,cited in research file
https://www.youtube.com/watch?v=57gT-69DeHE,youtube.com,2026-09-27,Cited in 19-VIDEO-INTELLIGENCE.md,19,cited in research file
https://www.youtube.com/watch?v=5PEKC28azRU,youtube.com,2026-09-27,Cited in 19-VIDEO-INTELLIGENCE.md,19,cited in research file
https://www.youtube.com/watch?v=AsyOVBDRgtk,youtube.com,2026-09-27,Cited in 19-VIDEO-INTELLIGENCE.md,19,cited in research file
https://www.youtube.com/watch?v=BHmJ2JGCmpw,youtube.com,2026-09-27,Cited in 19-VIDEO-INTELLIGENCE.md,19,cited in research file
https://www.youtube.com/watch?v=JmKZUB1NBag,youtube.com,2026-09-27,Cited in 19-VIDEO-INTELLIGENCE.md,19,cited in research file
https://www.youtube.com/watch?v=Mfx1B_LBSV0,youtube.com,2026-09-27,Cited in 19-VIDEO-INTELLIGENCE.md,19,cited in research file
https://www.youtube.com/watch?v=Q0X3XcErGXs,youtube.com,2026-09-27,Cited in 19-VIDEO-INTELLIGENCE.md,19,cited in research file
https://www.youtube.com/watch?v=WS0zzZHx1-0,youtube.com,2026-09-27,Cited in 19-VIDEO-INTELLIGENCE.md,19,cited in research file
https://www.youtube.com/watch?v=b-If5Nq0log,youtube.com,2026-09-27,Cited in 19-VIDEO-INTELLIGENCE.md,19,cited in research file
https://www.youtube.com/watch?v=dQPdtqA4PK8,youtube.com,2026-09-27,Cited in 19-VIDEO-INTELLIGENCE.md,19,cited in research file
https://www.youtube.com/watch?v=t7QtrXqvICU,youtube.com,2026-09-27,Cited in 19-VIDEO-INTELLIGENCE.md,19,cited in research file
